Datetime,load
2017-01-01 00:00:00,69183.20041333332
2017-01-01 00:30:00,63770.34078
2017-01-01 01:00:00,59511.57706666666
2017-01-01 01:30:00,56045.47535333334
2017-01-01 02:00:00,53112.95333333333
2017-01-01 02:30:00,51066.80994666667
2017-01-01 03:00:00,49431.02959
2017-01-01 03:30:00,48397.865506666676
2017-01-01 04:00:00,47861.98136
2017-01-01 04:30:00,47567.295333333335
2017-01-01 05:00:00,47636.81211
2017-01-01 05:30:00,48907.54417666667
2017-01-01 06:00:00,50578.62246333333
2017-01-01 06:30:00,48938.76777333333
2017-01-01 07:00:00,43524.90375666667
2017-01-01 07:30:00,39561.85345
2017-01-01 08:00:00,41156.635700000006
2017-01-01 08:30:00,43911.41741666666
2017-01-01 09:00:00,47715.81213333333
2017-01-01 09:30:00,51777.012156666664
2017-01-01 10:00:00,55996.350066666666
2017-01-01 10:30:00,59444.298096666666
2017-01-01 11:00:00,62379.52840333333
2017-01-01 11:30:00,63742.67478333333
2017-01-01 12:00:00,64486.63229
2017-01-01 12:30:00,65374.31621
2017-01-01 13:00:00,66028.86556333334
2017-01-01 13:30:00,65787.78942
2017-01-01 14:00:00,65229.98476333334
2017-01-01 14:30:00,64512.16590666666
2017-01-01 15:00:00,63994.79345
2017-01-01 15:30:00,63076.65253666666
2017-01-01 16:00:00,62429.45323666666
2017-01-01 16:30:00,62814.35432666666
2017-01-01 17:00:00,69618.94364
2017-01-01 17:30:00,85968.62958666666
2017-01-01 18:00:00,89518.83989666666
2017-01-01 18:30:00,89901.35862333333
2017-01-01 19:00:00,90838.17580666667
2017-01-01 19:30:00,91556.64949666667
2017-01-01 20:00:00,91983.34771333332
2017-01-01 20:30:00,92559.08943666665
2017-01-01 21:00:00,90253.69285666668
2017-01-01 21:30:00,87534.23488
2017-01-01 22:00:00,83302.95741666667
2017-01-01 22:30:00,77940.63813
2017-01-01 23:00:00,72508.66975333334
2017-01-01 23:30:00,67006.29354333333
2017-01-02 00:00:00,61140.593369999995
2017-01-02 00:30:00,57251.43292999999
2017-01-02 01:00:00,53897.18676333333
2017-01-02 01:30:00,51107.93610333333
2017-01-02 02:00:00,49580.72559666666
2017-01-02 02:30:00,48314.218759999996
2017-01-02 03:00:00,47634.47387666666
2017-01-02 03:30:00,47081.876886666665
2017-01-02 04:00:00,46698.796256666676
2017-01-02 04:30:00,47141.777616666666
2017-01-02 05:00:00,47918.27614
2017-01-02 05:30:00,49684.058866666666
2017-01-02 06:00:00,52829.399463333335
2017-01-02 06:30:00,53790.85628
2017-01-02 07:00:00,52701.722083333334
2017-01-02 07:30:00,50234.731556666666
2017-01-02 08:00:00,51025.28005666667
2017-01-02 08:30:00,54459.94260666667
2017-01-02 09:00:00,55115.29086666667
2017-01-02 09:30:00,57355.659179999995
2017-01-02 10:00:00,60927.96896
2017-01-02 10:30:00,62930.86573
2017-01-02 11:00:00,65511.70197375
2017-01-02 11:30:00,66292.75721
2017-01-02 12:00:00,67374.21981083333
2017-01-02 12:30:00,68514.92467666666
2017-01-02 13:00:00,68592.17076666666
2017-01-02 13:30:00,67416.05346666666
2017-01-02 14:00:00,67119.77393666666
2017-01-02 14:30:00,66976.31905
2017-01-02 15:00:00,66919.61322666667
2017-01-02 15:30:00,66715.47661666667
2017-01-02 16:00:00,66073.99373666667
2017-01-02 16:30:00,67896.581
2017-01-02 17:00:00,76501.76653666666
2017-01-02 17:30:00,91393.38012
2017-01-02 18:00:00,94319.15085000002
2017-01-02 18:30:00,94167.16900666668
2017-01-02 19:00:00,94081.60419333335
2017-01-02 19:30:00,93721.48617
2017-01-02 20:00:00,93618.04840000001
2017-01-02 20:30:00,93424.93024333334
2017-01-02 21:00:00,92119.91728333333
2017-01-02 21:30:00,88556.97771
2017-01-02 22:00:00,84728.67462333333
2017-01-02 22:30:00,79710.00601333333
2017-01-02 23:00:00,73547.19762666668
2017-01-02 23:30:00,67306.5267
2017-01-03 00:00:00,61806.39782333333
2017-01-03 00:30:00,57537.13705333334
2017-01-03 01:00:00,54178.299159999995
2017-01-03 01:30:00,51910.390336666664
2017-01-03 02:00:00,50191.09654333334
2017-01-03 02:30:00,49164.59241333333
2017-01-03 03:00:00,48422.21221
2017-01-03 03:30:00,47436.79644333333
2017-01-03 04:00:00,47232.25984666666
2017-01-03 04:30:00,47439.22920666666
2017-01-03 05:00:00,48123.642320000006
2017-01-03 05:30:00,50126.83534333333
2017-01-03 06:00:00,53697.85121999999
2017-01-03 06:30:00,55051.04367333333
2017-01-03 07:00:00,54933.961806666666
2017-01-03 07:30:00,51937.114246666664
2017-01-03 08:00:00,52567.46994333334
2017-01-03 08:30:00,55768.19171333333
2017-01-03 09:00:00,59562.926556666665
2017-01-03 09:30:00,62189.921460000005
2017-01-03 10:00:00,64858.95479333334
2017-01-03 10:30:00,67769.56142
2017-01-03 11:00:00,69730.31996000001
2017-01-03 11:30:00,70653.18877333334
2017-01-03 12:00:00,71725.20533666667
2017-01-03 12:30:00,72861.36567333335
2017-01-03 13:00:00,72421.51692000001
2017-01-03 13:30:00,71568.19496
2017-01-03 14:00:00,70803.55066000001
2017-01-03 14:30:00,70287.38181333333
2017-01-03 15:00:00,70286.71830666666
2017-01-03 15:30:00,70074.70923333334
2017-01-03 16:00:00,69310.03876000001
2017-01-03 16:30:00,70448.43830666666
2017-01-03 17:00:00,77196.75532
2017-01-03 17:30:00,92116.06416000001
2017-01-03 18:00:00,95519.34019666666
2017-01-03 18:30:00,95783.73722333333
2017-01-03 19:00:00,95713.62535666667
2017-01-03 19:30:00,95257.41323666666
2017-01-03 20:00:00,95403.38573333334
2017-01-03 20:30:00,95432.04718
2017-01-03 21:00:00,93341.95601333333
2017-01-03 21:30:00,89995.08067333333
2017-01-03 22:00:00,85718.54943
2017-01-03 22:30:00,80276.75719333334
2017-01-03 23:00:00,73542.41613999999
2017-01-03 23:30:00,68171.31665333333
2017-01-04 00:00:00,63157.70743666667
2017-01-04 00:30:00,59130.36759333333
2017-01-04 01:00:00,54868.97638666667
2017-01-04 01:30:00,52653.85328666667
2017-01-04 02:00:00,50959.77397
2017-01-04 02:30:00,49616.489153333336
2017-01-04 03:00:00,48839.66559333333
2017-01-04 03:30:00,48517.757796666665
2017-01-04 04:00:00,47941.708463333336
2017-01-04 04:30:00,46690.36683333333
2017-01-04 05:00:00,48114.18200749999
2017-01-04 05:30:00,50934.16618333333
2017-01-04 06:00:00,54306.93371333333
2017-01-04 06:30:00,55001.55629666667
2017-01-04 07:00:00,54964.119686666665
2017-01-04 07:30:00,51450.37293333333
2017-01-04 08:00:00,52135.12811
2017-01-04 08:30:00,55447.55071333334
2017-01-04 09:00:00,59752.71332
2017-01-04 09:30:00,62785.92910333333
2017-01-04 10:00:00,65144.759823333334
2017-01-04 10:30:00,67896.40306
2017-01-04 11:00:00,69949.52036000001
2017-01-04 11:30:00,71997.95332
2017-01-04 12:00:00,72460.01276333333
2017-01-04 12:30:00,73102.19962333333
2017-01-04 13:00:00,72731.37980333333
2017-01-04 13:30:00,71390.36598666666
2017-01-04 14:00:00,70655.96552666667
2017-01-04 14:30:00,70684.98658333333
2017-01-04 15:00:00,70421.06742666668
2017-01-04 15:30:00,69837.93737333333
2017-01-04 16:00:00,68404.49301333334
2017-01-04 16:30:00,68975.62416666666
2017-01-04 17:00:00,75232.64577333334
2017-01-04 17:30:00,91549.15181666666
2017-01-04 18:00:00,96420.59241333332
2017-01-04 18:30:00,96108.62885333334
2017-01-04 19:00:00,96429.96759
2017-01-04 19:30:00,95142.55152666666
2017-01-04 20:00:00,95553.83524666667
2017-01-04 20:30:00,95301.58092666666
2017-01-04 21:00:00,93393.87367
2017-01-04 21:30:00,89968.16503999999
2017-01-04 22:00:00,86047.18207333334
2017-01-04 22:30:00,80862.92813666667
2017-01-04 23:00:00,74610.59293666667
2017-01-04 23:30:00,68815.45417333335
2017-01-05 00:00:00,63034.26712
2017-01-05 00:30:00,58578.074536666674
2017-01-05 01:00:00,55469.030479999994
2017-01-05 01:30:00,51989.8271
2017-01-05 02:00:00,50158.51622666667
2017-01-05 02:30:00,49426.05897666666
2017-01-05 03:00:00,48772.32291333334
2017-01-05 03:30:00,48187.53668333333
2017-01-05 04:00:00,47924.18988666667
2017-01-05 04:30:00,48308.97012333333
2017-01-05 05:00:00,49170.67619
2017-01-05 05:30:00,50779.25610666667
2017-01-05 06:00:00,53897.99367999999
2017-01-05 06:30:00,55115.93086666667
2017-01-05 07:00:00,54651.337009999996
2017-01-05 07:30:00,51437.21894666667
2017-01-05 08:00:00,52274.36129333333
2017-01-05 08:30:00,55993.890680000004
2017-01-05 09:00:00,59154.72524
2017-01-05 09:30:00,62537.58857333334
2017-01-05 10:00:00,64614.71895666667
2017-01-05 10:30:00,67335.80404666667
2017-01-05 11:00:00,69156.54303333334
2017-01-05 11:30:00,70214.85127666667
2017-01-05 12:00:00,70869.55197666667
2017-01-05 12:30:00,72419.45381333334
2017-01-05 13:00:00,72572.33131333334
2017-01-05 13:30:00,72242.34713333333
2017-01-05 14:00:00,71517.46014
2017-01-05 14:30:00,70993.98793
2017-01-05 15:00:00,70049.14267999999
2017-01-05 15:30:00,69420.07996
2017-01-05 16:00:00,68699.66558666667
2017-01-05 16:30:00,69011.78845666668
2017-01-05 17:00:00,75585.03752999999
2017-01-05 17:30:00,91730.83520333334
2017-01-05 18:00:00,96470.51538
2017-01-05 18:30:00,96695.61624666669
2017-01-05 19:00:00,96772.08665333333
2017-01-05 19:30:00,95623.93510666666
2017-01-05 20:00:00,95830.47448000002
2017-01-05 20:30:00,95521.57860000001
2017-01-05 21:00:00,93280.7484
2017-01-05 21:30:00,89699.45541666668
2017-01-05 22:00:00,86403.38923666667
2017-01-05 22:30:00,81980.78171
2017-01-05 23:00:00,76270.9837
2017-01-05 23:30:00,70204.47155333334
2017-01-06 00:00:00,64522.30228
2017-01-06 00:30:00,60260.378950000006
2017-01-06 01:00:00,56274.789170000004
2017-01-06 01:30:00,53711.494756666674
2017-01-06 02:00:00,51973.83212666667
2017-01-06 02:30:00,50551.0066
2017-01-06 03:00:00,50031.155620000005
2017-01-06 03:30:00,49798.12081666667
2017-01-06 04:00:00,49397.14393666667
2017-01-06 04:30:00,49107.688123333326
2017-01-06 05:00:00,50009.870183333325
2017-01-06 05:30:00,51765.514010000006
2017-01-06 06:00:00,54452.17784
2017-01-06 06:30:00,54847.116143333325
2017-01-06 07:00:00,53895.96027666667
2017-01-06 07:30:00,50693.547510000004
2017-01-06 08:00:00,51807.78058
2017-01-06 08:30:00,55445.84209333333
2017-01-06 09:00:00,59100.888139999995
2017-01-06 09:30:00,62190.64423333333
2017-01-06 10:00:00,64984.41227
2017-01-06 10:30:00,68594.16982666666
2017-01-06 11:00:00,70776.18070666667
2017-01-06 11:30:00,71658.29232000001
2017-01-06 12:00:00,71237.85596333334
2017-01-06 12:30:00,69938.37570333334
2017-01-06 13:00:00,70797.4581
2017-01-06 13:30:00,71219.32961999999
2017-01-06 14:00:00,70321.25285
2017-01-06 14:30:00,69414.24617333333
2017-01-06 15:00:00,69308.56696000001
2017-01-06 15:30:00,69100.00004666667
2017-01-06 16:00:00,68411.94315
2017-01-06 16:30:00,69280.85913000001
2017-01-06 17:00:00,75218.59839333333
2017-01-06 17:30:00,90275.09359666666
2017-01-06 18:00:00,94959.81980666665
2017-01-06 18:30:00,95075.01059666667
2017-01-06 19:00:00,94543.91079333333
2017-01-06 19:30:00,94075.13788666665
2017-01-06 20:00:00,94031.74107333335
2017-01-06 20:30:00,93977.86232666665
2017-01-06 21:00:00,92576.41732000001
2017-01-06 21:30:00,89008.88198
2017-01-06 22:00:00,85207.57226333332
2017-01-06 22:30:00,80958.61246333334
2017-01-06 23:00:00,75383.45946333335
2017-01-06 23:30:00,69815.89037666668
2017-01-07 00:00:00,64574.08706333333
2017-01-07 00:30:00,60201.14303
2017-01-07 01:00:00,56377.78912
2017-01-07 01:30:00,53795.063186666666
2017-01-07 02:00:00,52093.76791333334
2017-01-07 02:30:00,51086.48875333334
2017-01-07 03:00:00,50118.449636666664
2017-01-07 03:30:00,49741.97251666667
2017-01-07 04:00:00,49203.94717
2017-01-07 04:30:00,49500.2316
2017-01-07 05:00:00,50498.60733
2017-01-07 05:30:00,51890.033740000006
2017-01-07 06:00:00,54397.79574666667
2017-01-07 06:30:00,53850.96041666667
2017-01-07 07:00:00,51507.54842000001
2017-01-07 07:30:00,48182.52197333333
2017-01-07 08:00:00,49513.95397666667
2017-01-07 08:30:00,53311.61035
2017-01-07 09:00:00,58142.44155333334
2017-01-07 09:30:00,62075.56180333332
2017-01-07 10:00:00,66009.18697666666
2017-01-07 10:30:00,68907.62976666667
2017-01-07 11:00:00,70781.26239333334
2017-01-07 11:30:00,72005.06139999999
2017-01-07 12:00:00,72788.41081333334
2017-01-07 12:30:00,72812.62757333333
2017-01-07 13:00:00,72104.35967666667
2017-01-07 13:30:00,71922.14358
2017-01-07 14:00:00,70660.16590666666
2017-01-07 14:30:00,70320.11273000001
2017-01-07 15:00:00,69361.40356333333
2017-01-07 15:30:00,68173.86737
2017-01-07 16:00:00,67421.23058
2017-01-07 16:30:00,67960.76072666667
2017-01-07 17:00:00,74512.82767
2017-01-07 17:30:00,88980.19838999999
2017-01-07 18:00:00,93489.86234333333
2017-01-07 18:30:00,93443.10264666665
2017-01-07 19:00:00,92749.57290666667
2017-01-07 19:30:00,92140.98133333334
2017-01-07 20:00:00,91359.91248
2017-01-07 20:30:00,91271.14870666666
2017-01-07 21:00:00,90213.11841
2017-01-07 21:30:00,87435.8113
2017-01-07 22:00:00,84495.06338
2017-01-07 22:30:00,80154.03878666666
2017-01-07 23:00:00,75355.03231666666
2017-01-07 23:30:00,69958.76971000001
2017-01-08 00:00:00,64181.578556666675
2017-01-08 00:30:00,59672.437196666666
2017-01-08 01:00:00,56362.712693333335
2017-01-08 01:30:00,54018.76504666667
2017-01-08 02:00:00,51674.90389000001
2017-01-08 02:30:00,50148.59349666667
2017-01-08 03:00:00,49112.980039999995
2017-01-08 03:30:00,48031.74566666666
2017-01-08 04:00:00,47989.017400000004
2017-01-08 04:30:00,47742.96103666667
2017-01-08 05:00:00,47977.37252333333
2017-01-08 05:30:00,49375.48183333333
2017-01-08 06:00:00,51740.82951
2017-01-08 06:30:00,50665.165303333335
2017-01-08 07:00:00,45250.42687
2017-01-08 07:30:00,41691.99722333333
2017-01-08 08:00:00,43113.99758333334
2017-01-08 08:30:00,46391.90915333334
2017-01-08 09:00:00,49656.240783333335
2017-01-08 09:30:00,53485.99427333334
2017-01-08 10:00:00,57781.99453
2017-01-08 10:30:00,61821.49105666667
2017-01-08 11:00:00,64320.04991666667
2017-01-08 11:30:00,66497.15923
2017-01-08 12:00:00,67255.30696333334
2017-01-08 12:30:00,67773.43382666667
2017-01-08 13:00:00,68062.53293
2017-01-08 13:30:00,68141.83957
2017-01-08 14:00:00,67281.46626666667
2017-01-08 14:30:00,66645.61406666668
2017-01-08 15:00:00,65260.621316666664
2017-01-08 15:30:00,64579.819833333335
2017-01-08 16:00:00,64229.695929999994
2017-01-08 16:30:00,64945.36264666667
2017-01-08 17:00:00,70239.98282666666
2017-01-08 17:30:00,85104.79214
2017-01-08 18:00:00,89921.43445
2017-01-08 18:30:00,90283.70124333334
2017-01-08 19:00:00,91557.01745
2017-01-08 19:30:00,92115.49020666665
2017-01-08 20:00:00,91408.54982
2017-01-08 20:30:00,91160.72371666667
2017-01-08 21:00:00,89903.40166666666
2017-01-08 21:30:00,86760.58290333334
2017-01-08 22:00:00,82745.12788333333
2017-01-08 22:30:00,78129.49605666667
2017-01-08 23:00:00,71996.53263333334
2017-01-08 23:30:00,66190.51562666666
2017-01-09 00:00:00,61048.59719
2017-01-09 00:30:00,56995.33998
2017-01-09 01:00:00,53470.07480333333
2017-01-09 01:30:00,51036.94055333333
2017-01-09 02:00:00,49997.22676666667
2017-01-09 02:30:00,48376.66907
2017-01-09 03:00:00,47476.00738333334
2017-01-09 03:30:00,46753.41695874999
2017-01-09 04:00:00,46841.2881
2017-01-09 04:30:00,45987.07279749998
2017-01-09 05:00:00,47129.505662499985
2017-01-09 05:30:00,48387.80868333334
2017-01-09 06:00:00,52174.25012666667
2017-01-09 06:30:00,53104.27226
2017-01-09 07:00:00,52450.45698333333
2017-01-09 07:30:00,49764.507066666665
2017-01-09 08:00:00,50702.11455333334
2017-01-09 08:30:00,54509.154299999995
2017-01-09 09:00:00,57368.02031
2017-01-09 09:30:00,60208.42221333333
2017-01-09 10:00:00,63639.37452333333
2017-01-09 10:30:00,66877.39884333333
2017-01-09 11:00:00,69109.38271666666
2017-01-09 11:30:00,70291.32497666667
2017-01-09 12:00:00,70414.58287666667
2017-01-09 12:30:00,71803.61190666667
2017-01-09 13:00:00,72247.41190666666
2017-01-09 13:30:00,71161.26403333334
2017-01-09 14:00:00,70171.66139000001
2017-01-09 14:30:00,70324.97625666666
2017-01-09 15:00:00,69751.91619666667
2017-01-09 15:30:00,68941.37439
2017-01-09 16:00:00,67902.33483333334
2017-01-09 16:30:00,67900.70683
2017-01-09 17:00:00,73264.00910333333
2017-01-09 17:30:00,89721.37432333332
2017-01-09 18:00:00,95345.96671000001
2017-01-09 18:30:00,95682.94467
2017-01-09 19:00:00,95197.47197333333
2017-01-09 19:30:00,94005.34527333333
2017-01-09 20:00:00,93887.25791333332
2017-01-09 20:30:00,93830.86675666667
2017-01-09 21:00:00,91902.53319333332
2017-01-09 21:30:00,88664.00171
2017-01-09 22:00:00,84265.14156666667
2017-01-09 22:30:00,79292.58188999999
2017-01-09 23:00:00,72959.06336666667
2017-01-09 23:30:00,67231.06261666666
2017-01-10 00:00:00,62161.072916666664
2017-01-10 00:30:00,58164.620950000004
2017-01-10 01:00:00,54968.32796
2017-01-10 01:30:00,52269.48727333333
2017-01-10 02:00:00,50397.04813333333
2017-01-10 02:30:00,49660.33506666666
2017-01-10 03:00:00,49142.03673
2017-01-10 03:30:00,48837.29635333333
2017-01-10 04:00:00,48344.60507
2017-01-10 04:30:00,48767.1724
2017-01-10 05:00:00,49143.839283333335
2017-01-10 05:30:00,50975.33854
2017-01-10 06:00:00,54035.17707333333
2017-01-10 06:30:00,54875.201230000006
2017-01-10 07:00:00,54410.87078333334
2017-01-10 07:30:00,51458.75982
2017-01-10 08:00:00,52301.81947000001
2017-01-10 08:30:00,55344.52768666667
2017-01-10 09:00:00,59206.13520333334
2017-01-10 09:30:00,62332.39409666666
2017-01-10 10:00:00,65616.56996
2017-01-10 10:30:00,68522.36940000001
2017-01-10 11:00:00,70571.57108333333
2017-01-10 11:30:00,71988.32066666667
2017-01-10 12:00:00,72148.34573666666
2017-01-10 12:30:00,73314.67754333334
2017-01-10 13:00:00,73089.23565333332
2017-01-10 13:30:00,72651.50251666666
2017-01-10 14:00:00,72915.58436333334
2017-01-10 14:30:00,72313.07771333333
2017-01-10 15:00:00,71945.42719
2017-01-10 15:30:00,70917.94014
2017-01-10 16:00:00,70422.08074333334
2017-01-10 16:30:00,71324.45520000001
2017-01-10 17:00:00,75417.62076333333
2017-01-10 17:30:00,91569.21863
2017-01-10 18:00:00,97073.78904333334
2017-01-10 18:30:00,97147.54217333334
2017-01-10 19:00:00,96305.79356333334
2017-01-10 19:30:00,94633.04126000001
2017-01-10 20:00:00,94736.93275666668
2017-01-10 20:30:00,94554.27590333333
2017-01-10 21:00:00,92163.23993666668
2017-01-10 21:30:00,89384.26267000001
2017-01-10 22:00:00,85289.26285333333
2017-01-10 22:30:00,80745.04922666667
2017-01-10 23:00:00,74717.84567
2017-01-10 23:30:00,69032.14930666667
2017-01-11 00:00:00,64146.22099333333
2017-01-11 00:30:00,59945.763613333336
2017-01-11 01:00:00,56294.21694333333
2017-01-11 01:30:00,53398.69650666667
2017-01-11 02:00:00,51453.56132
2017-01-11 02:30:00,50237.49455
2017-01-11 03:00:00,49618.03085333334
2017-01-11 03:30:00,48997.33002666666
2017-01-11 04:00:00,48712.26386333333
2017-01-11 04:30:00,48875.911510000005
2017-01-11 05:00:00,49250.72128333334
2017-01-11 05:30:00,50839.17359666667
2017-01-11 06:00:00,53247.49948
2017-01-11 06:30:00,52265.491046250005
2017-01-11 07:00:00,46791.12226333333
2017-01-11 07:30:00,43946.30739249997
2017-01-11 08:00:00,46375.04578916667
2017-01-11 08:30:00,49415.42641666666
2017-01-11 09:00:00,53752.44960416667
2017-01-11 09:30:00,57999.621263333334
2017-01-11 10:00:00,62246.24898666667
2017-01-11 10:30:00,66236.17844
2017-01-11 11:00:00,69151.40201
2017-01-11 11:30:00,70466.11011333333
2017-01-11 12:00:00,71711.65214333333
2017-01-11 12:30:00,71963.12636
2017-01-11 13:00:00,71019.09055666666
2017-01-11 13:30:00,70952.23000666666
2017-01-11 14:00:00,70415.09400666667
2017-01-11 14:30:00,69741.00617666666
2017-01-11 15:00:00,69277.51907
2017-01-11 15:30:00,68176.04266666668
2017-01-11 16:00:00,67382.75527000001
2017-01-11 16:30:00,67331.66048
2017-01-11 17:00:00,71261.51519666666
2017-01-11 17:30:00,86721.48618666666
2017-01-11 18:00:00,94117.06120666668
2017-01-11 18:30:00,94545.62445666666
2017-01-11 19:00:00,94238.53784333334
2017-01-11 19:30:00,94155.44086666667
2017-01-11 20:00:00,94451.69359
2017-01-11 20:30:00,94200.43676
2017-01-11 21:00:00,92727.51499666665
2017-01-11 21:30:00,89852.39327666665
2017-01-11 22:00:00,86680.40501333334
2017-01-11 22:30:00,81481.45242
2017-01-11 23:00:00,75401.30319666666
2017-01-11 23:30:00,69764.22700666667
2017-01-12 00:00:00,64243.56345666668
2017-01-12 00:30:00,60029.17815
2017-01-12 01:00:00,56786.13840999999
2017-01-12 01:30:00,53917.95676666667
2017-01-12 02:00:00,52651.32273666666
2017-01-12 02:30:00,51145.47106
2017-01-12 03:00:00,50388.20504
2017-01-12 03:30:00,50005.15800999999
2017-01-12 04:00:00,49905.8905
2017-01-12 04:30:00,49582.95046666666
2017-01-12 05:00:00,50566.63659
2017-01-12 05:30:00,52329.439523333334
2017-01-12 06:00:00,55438.323899999996
2017-01-12 06:30:00,55853.83967666666
2017-01-12 07:00:00,55431.08429
2017-01-12 07:30:00,52024.42947666667
2017-01-12 08:00:00,53132.22154333334
2017-01-12 08:30:00,56634.27694666667
2017-01-12 09:00:00,60268.79031666667
2017-01-12 09:30:00,63873.95988666667
2017-01-12 10:00:00,66705.65568000001
2017-01-12 10:30:00,69159.82490333334
2017-01-12 11:00:00,71244.24564333334
2017-01-12 11:30:00,72954.29986333333
2017-01-12 12:00:00,73141.68202000001
2017-01-12 12:30:00,74998.26236333333
2017-01-12 13:00:00,73926.91189666667
2017-01-12 13:30:00,72716.507
2017-01-12 14:00:00,72277.98348666668
2017-01-12 14:30:00,72059.18697666666
2017-01-12 15:00:00,71346.45822666667
2017-01-12 15:30:00,70664.94227333333
2017-01-12 16:00:00,69661.46487000001
2017-01-12 16:30:00,69531.24741333333
2017-01-12 17:00:00,73499.76318666666
2017-01-12 17:30:00,89473.92477
2017-01-12 18:00:00,95993.97466666666
2017-01-12 18:30:00,96840.32665666666
2017-01-12 19:00:00,96578.03004333335
2017-01-12 19:30:00,95683.95154333334
2017-01-12 20:00:00,95729.07637666666
2017-01-12 20:30:00,95687.21065333333
2017-01-12 21:00:00,93932.30524
2017-01-12 21:30:00,90756.97031
2017-01-12 22:00:00,86736.12951333333
2017-01-12 22:30:00,81733.94204333333
2017-01-12 23:00:00,75366.84470999999
2017-01-12 23:30:00,69577.54337333333
2017-01-13 00:00:00,64412.43411666666
2017-01-13 00:30:00,59638.744413333334
2017-01-13 01:00:00,56373.67281333333
2017-01-13 01:30:00,53838.760833333334
2017-01-13 02:00:00,52331.547426666664
2017-01-13 02:30:00,51097.96041666667
2017-01-13 03:00:00,49951.55932
2017-01-13 03:30:00,49905.321480000006
2017-01-13 04:00:00,49488.44320333333
2017-01-13 04:30:00,49186.499573333334
2017-01-13 05:00:00,50324.108036666665
2017-01-13 05:30:00,52048.29468
2017-01-13 06:00:00,55136.58283333333
2017-01-13 06:30:00,55721.56489666667
2017-01-13 07:00:00,55097.25944666667
2017-01-13 07:30:00,51324.94108
2017-01-13 08:00:00,51573.64178
2017-01-13 08:30:00,55311.03936333334
2017-01-13 09:00:00,58237.31017333333
2017-01-13 09:30:00,61258.89348666667
2017-01-13 10:00:00,64102.87041999999
2017-01-13 10:30:00,67369.45042333333
2017-01-13 11:00:00,69134.37227666668
2017-01-13 11:30:00,71374.40691333333
2017-01-13 12:00:00,71096.17855666667
2017-01-13 12:30:00,70555.73868666666
2017-01-13 13:00:00,70415.82397666667
2017-01-13 13:30:00,70820.49799666666
2017-01-13 14:00:00,69876.03111666667
2017-01-13 14:30:00,69375.20537666666
2017-01-13 15:00:00,69057.19702
2017-01-13 15:30:00,68335.64709
2017-01-13 16:00:00,67568.16035333333
2017-01-13 16:30:00,68555.73998666667
2017-01-13 17:00:00,72959.81235333333
2017-01-13 17:30:00,87497.15424333332
2017-01-13 18:00:00,94434.6827
2017-01-13 18:30:00,94708.43644
2017-01-13 19:00:00,94781.66408666666
2017-01-13 19:30:00,94093.47043
2017-01-13 20:00:00,93747.04181000001
2017-01-13 20:30:00,93554.04641
2017-01-13 21:00:00,91464.87615666667
2017-01-13 21:30:00,88533.77624666666
2017-01-13 22:00:00,84879.97608
2017-01-13 22:30:00,81355.94069
2017-01-13 23:00:00,74761.82974999999
2017-01-13 23:30:00,69414.15442333334
2017-01-14 00:00:00,64536.303420000004
2017-01-14 00:30:00,60226.54670333333
2017-01-14 01:00:00,56076.555660000005
2017-01-14 01:30:00,53408.486410000005
2017-01-14 02:00:00,51618.71187
2017-01-14 02:30:00,50314.03834333334
2017-01-14 03:00:00,49454.84391
2017-01-14 03:30:00,49116.50855666667
2017-01-14 04:00:00,48820.000770000006
2017-01-14 04:30:00,48793.637800000004
2017-01-14 05:00:00,49597.6334
2017-01-14 05:30:00,51084.24349
2017-01-14 06:00:00,54444.56635
2017-01-14 06:30:00,53410.54465333334
2017-01-14 07:00:00,50372.35836333333
2017-01-14 07:30:00,47043.199843333336
2017-01-14 08:00:00,48966.261406666665
2017-01-14 08:30:00,52868.63099
2017-01-14 09:00:00,57017.633596666674
2017-01-14 09:30:00,61044.39896666666
2017-01-14 10:00:00,65217.12407666667
2017-01-14 10:30:00,68224.23032
2017-01-14 11:00:00,70090.45644666666
2017-01-14 11:30:00,71444.98608
2017-01-14 12:00:00,72030.77777666667
2017-01-14 12:30:00,72531.14271
2017-01-14 13:00:00,72356.67134333334
2017-01-14 13:30:00,72473.42805
2017-01-14 14:00:00,70791.34513666667
2017-01-14 14:30:00,69870.06805333334
2017-01-14 15:00:00,68915.14283666667
2017-01-14 15:30:00,68193.19685333333
2017-01-14 16:00:00,67445.15514999999
2017-01-14 16:30:00,68024.58255666668
2017-01-14 17:00:00,70871.23448333333
2017-01-14 17:30:00,85819.69406333334
2017-01-14 18:00:00,93434.39219666667
2017-01-14 18:30:00,93629.33875333333
2017-01-14 19:00:00,93472.00566666666
2017-01-14 19:30:00,93525.069
2017-01-14 20:00:00,92687.63116666667
2017-01-14 20:30:00,92264.91193666666
2017-01-14 21:00:00,90159.33541
2017-01-14 21:30:00,87484.36545666667
2017-01-14 22:00:00,84266.35259333333
2017-01-14 22:30:00,81024.26035
2017-01-14 23:00:00,71590.92357
2017-01-14 23:30:00,66240.92669666668
2017-01-15 00:00:00,63030.57037666667
2017-01-15 00:30:00,59542.87976333333
2017-01-15 01:00:00,55639.780553333345
2017-01-15 01:30:00,52341.20341666666
2017-01-15 02:00:00,50162.354439999996
2017-01-15 02:30:00,48860.29353
2017-01-15 03:00:00,47830.535189999995
2017-01-15 03:30:00,47290.817423333334
2017-01-15 04:00:00,46602.64397666667
2017-01-15 04:30:00,46216.20985666666
2017-01-15 05:00:00,46597.16029666667
2017-01-15 05:30:00,47991.735413333336
2017-01-15 06:00:00,50599.94992000001
2017-01-15 06:30:00,49224.189130000006
2017-01-15 07:00:00,44127.38559666666
2017-01-15 07:30:00,40456.65175
2017-01-15 08:00:00,41724.054326666665
2017-01-15 08:30:00,44720.49948666667
2017-01-15 09:00:00,47701.928106666666
2017-01-15 09:30:00,52330.57649000001
2017-01-15 10:00:00,57214.54739333334
2017-01-15 10:30:00,60337.373980000004
2017-01-15 11:00:00,63161.95817333334
2017-01-15 11:30:00,64830.518110000005
2017-01-15 12:00:00,65632.79619000001
2017-01-15 12:30:00,67481.90166333334
2017-01-15 13:00:00,67671.03433666668
2017-01-15 13:30:00,67467.17222333333
2017-01-15 14:00:00,67453.13922666667
2017-01-15 14:30:00,66435.79434000001
2017-01-15 15:00:00,65374.80294
2017-01-15 15:30:00,64896.147866666666
2017-01-15 16:00:00,63432.51566666667
2017-01-15 16:30:00,63505.68479333333
2017-01-15 17:00:00,66439.40656333334
2017-01-15 17:30:00,80634.66852
2017-01-15 18:00:00,89291.0034
2017-01-15 18:30:00,90460.66088666666
2017-01-15 19:00:00,91450.86907666667
2017-01-15 19:30:00,92195.39275333333
2017-01-15 20:00:00,92498.82864666668
2017-01-15 20:30:00,93257.75831
2017-01-15 21:00:00,91204.18298333335
2017-01-15 21:30:00,88635.06012
2017-01-15 22:00:00,85316.83321
2017-01-15 22:30:00,80978.00397333333
2017-01-15 23:00:00,74503.89854333333
2017-01-15 23:30:00,68407.42362333334
2017-01-16 00:00:00,63222.63386
2017-01-16 00:30:00,55881.226246666665
2017-01-16 01:00:00,52295.07363333334
2017-01-16 01:30:00,49707.61017166667
2017-01-16 02:00:00,48080.00456
2017-01-16 02:30:00,47116.899184166665
2017-01-16 03:00:00,46661.13143083333
2017-01-16 03:30:00,46659.05925625
2017-01-16 04:00:00,47083.50307
2017-01-16 04:30:00,47586.875609999996
2017-01-16 05:00:00,49642.06260333333
2017-01-16 05:30:00,51000.28642333333
2017-01-16 06:00:00,53527.57262666667
2017-01-16 06:30:00,54866.38083
2017-01-16 07:00:00,53943.86694666667
2017-01-16 07:30:00,52025.24963
2017-01-16 08:00:00,51892.29083333333
2017-01-16 08:30:00,55211.30252333334
2017-01-16 09:00:00,58801.27047000001
2017-01-16 09:30:00,62198.407736666675
2017-01-16 10:00:00,65315.32689333334
2017-01-16 10:30:00,68332.94431
2017-01-16 11:00:00,70034.74381333333
2017-01-16 11:30:00,72045.29067666667
2017-01-16 12:00:00,72584.55241
2017-01-16 12:30:00,73748.12542
2017-01-16 13:00:00,73136.71993333334
2017-01-16 13:30:00,72787.28524333333
2017-01-16 14:00:00,71979.33279
2017-01-16 14:30:00,71392.17321333334
2017-01-16 15:00:00,71116.04927
2017-01-16 15:30:00,70187.53561333333
2017-01-16 16:00:00,69224.86425333335
2017-01-16 16:30:00,69009.55409333332
2017-01-16 17:00:00,72133.62456666667
2017-01-16 17:30:00,87151.25782333333
2017-01-16 18:00:00,95558.15581666667
2017-01-16 18:30:00,96334.31991666667
2017-01-16 19:00:00,95615.89696
2017-01-16 19:30:00,94700.21917333333
2017-01-16 20:00:00,94901.68424666667
2017-01-16 20:30:00,94471.29137
2017-01-16 21:00:00,91629.47889666667
2017-01-16 21:30:00,87262.03378
2017-01-16 22:00:00,83990.03506333333
2017-01-16 22:30:00,81180.72663666667
2017-01-16 23:00:00,74424.57832666665
2017-01-16 23:30:00,67909.72979333333
2017-01-17 00:00:00,62512.223503333335
2017-01-17 00:30:00,58540.90242
2017-01-17 01:00:00,55468.87906
2017-01-17 01:30:00,53166.17594666666
2017-01-17 02:00:00,51457.65975333333
2017-01-17 02:30:00,50607.16457666666
2017-01-17 03:00:00,50121.55087666667
2017-01-17 03:30:00,49564.308829999994
2017-01-17 04:00:00,48978.48142999999
2017-01-17 04:30:00,49099.170033333336
2017-01-17 05:00:00,50143.83522
2017-01-17 05:30:00,51517.19272333333
2017-01-17 06:00:00,54637.97457
2017-01-17 06:30:00,55667.85722666667
2017-01-17 07:00:00,55131.09310333334
2017-01-17 07:30:00,52293.269746666665
2017-01-17 08:00:00,52335.64022333334
2017-01-17 08:30:00,56011.26047
2017-01-17 09:00:00,59263.13496333332
2017-01-17 09:30:00,62735.208933333335
2017-01-17 10:00:00,65506.221586666674
2017-01-17 10:30:00,68139.63884666667
2017-01-17 11:00:00,69904.25883333334
2017-01-17 11:30:00,71383.41403666667
2017-01-17 12:00:00,72552.69244999999
2017-01-17 12:30:00,73743.90635
2017-01-17 13:00:00,72691.84334333333
2017-01-17 13:30:00,72042.07729666667
2017-01-17 14:00:00,71154.95144666666
2017-01-17 14:30:00,70616.79860333334
2017-01-17 15:00:00,71439.48207666667
2017-01-17 15:30:00,70943.62061333332
2017-01-17 16:00:00,69773.37983666667
2017-01-17 16:30:00,69842.10319
2017-01-17 17:00:00,72193.82783666666
2017-01-17 17:30:00,86979.55828333333
2017-01-17 18:00:00,96425.38525
2017-01-17 18:30:00,97745.43992666667
2017-01-17 19:00:00,97406.72008333333
2017-01-17 19:30:00,96762.96349
2017-01-17 20:00:00,96834.60931000001
2017-01-17 20:30:00,96627.29617666667
2017-01-17 21:00:00,94497.855
2017-01-17 21:30:00,91339.60083333333
2017-01-17 22:00:00,86713.41150666667
2017-01-17 22:30:00,80377.18094333333
2017-01-17 23:00:00,74274.60564000001
2017-01-17 23:30:00,68458.45849666667
2017-01-18 00:00:00,62908.332140000006
2017-01-18 00:30:00,59453.97651333333
2017-01-18 01:00:00,55671.937490000004
2017-01-18 01:30:00,53199.78157666667
2017-01-18 02:00:00,51676.14628000001
2017-01-18 02:30:00,50571.33330666666
2017-01-18 03:00:00,49923.078539999995
2017-01-18 03:30:00,49492.79203333333
2017-01-18 04:00:00,49135.26437333333
2017-01-18 04:30:00,49037.447459999996
2017-01-18 05:00:00,49838.25979333333
2017-01-18 05:30:00,51500.914616666654
2017-01-18 06:00:00,54878.96208666667
2017-01-18 06:30:00,55865.88996666666
2017-01-18 07:00:00,54855.61302333333
2017-01-18 07:30:00,52793.49339333334
2017-01-18 08:00:00,54857.64746
2017-01-18 08:30:00,58411.05825
2017-01-18 09:00:00,62448.74981333333
2017-01-18 09:30:00,66423.49377
2017-01-18 10:00:00,70556.90891333333
2017-01-18 10:30:00,73330.89317666666
2017-01-18 11:00:00,76672.00440333334
2017-01-18 11:30:00,77448.02676375
2017-01-18 12:00:00,79039.67860625003
2017-01-18 12:30:00,79039.67860625003
2017-01-18 13:00:00,80152.85915625002
2017-01-18 13:30:00,80152.85915625002
2017-01-18 14:00:00,79051.77193749999
2017-01-18 14:30:00,79051.77193749999
2017-01-18 15:00:00,78197.23320875
2017-01-18 15:30:00,78197.23320875
2017-01-18 16:00:00,75095.73518125
2017-01-18 16:30:00,75095.73518125
2017-01-18 17:00:00,84226.93360333332
2017-01-18 17:30:00,94246.80665333332
2017-01-18 18:00:00,101648.25211166665
2017-01-18 18:30:00,101902.52888249996
2017-01-18 19:00:00,101480.54425000002
2017-01-18 19:30:00,100660.28304666666
2017-01-18 20:00:00,99398.5198
2017-01-18 20:30:00,98167.55798333335
2017-01-18 21:00:00,95551.03532000001
2017-01-18 21:30:00,91207.41490999999
2017-01-18 22:00:00,87509.35438333334
2017-01-18 22:30:00,81844.78545666666
2017-01-18 23:00:00,74564.46516333334
2017-01-18 23:30:00,68216.95525
2017-01-19 00:00:00,63002.027859999995
2017-01-19 00:30:00,59223.61213666666
2017-01-19 01:00:00,55913.64525
2017-01-19 01:30:00,53302.76224666666
2017-01-19 02:00:00,51704.514839999996
2017-01-19 02:30:00,50362.435886666666
2017-01-19 03:00:00,49845.66539333334
2017-01-19 03:30:00,49507.06843666666
2017-01-19 04:00:00,48946.270946666664
2017-01-19 04:30:00,48800.78508
2017-01-19 05:00:00,49627.46919
2017-01-19 05:30:00,51408.690703333334
2017-01-19 06:00:00,54202.91921333334
2017-01-19 06:30:00,54783.79980666667
2017-01-19 07:00:00,54128.777180000005
2017-01-19 07:30:00,51626.28516666667
2017-01-19 08:00:00,52823.00114
2017-01-19 08:30:00,56135.64843666666
2017-01-19 09:00:00,59700.53952999999
2017-01-19 09:30:00,62765.06075333333
2017-01-19 10:00:00,66004.46152666667
2017-01-19 10:30:00,70187.1905
2017-01-19 11:00:00,72288.81448333334
2017-01-19 11:30:00,73946.49047
2017-01-19 12:00:00,74996.71339666667
2017-01-19 12:30:00,76546.60136333334
2017-01-19 13:00:00,76522.81697333333
2017-01-19 13:30:00,76047.16472333334
2017-01-19 14:00:00,75690.02630666667
2017-01-19 14:30:00,76365.12079
2017-01-19 15:00:00,76936.97074666666
2017-01-19 15:30:00,76495.10116666666
2017-01-19 16:00:00,75095.73518125
2017-01-19 16:30:00,75095.73518125
2017-01-19 17:00:00,79472.58352
2017-01-19 17:30:00,92278.54676333333
2017-01-19 18:00:00,101142.11141666667
2017-01-19 18:30:00,101430.97074
2017-01-19 19:00:00,101256.50556
2017-01-19 19:30:00,100679.54970333334
2017-01-19 20:00:00,100487.53018541665
2017-01-19 20:30:00,101193.53101208333
2017-01-19 21:00:00,98636.73706999999
2017-01-19 21:30:00,95208.48802
2017-01-19 22:00:00,90780.02823666665
2017-01-19 22:30:00,86030.27828666667
2017-01-19 23:00:00,79016.67433666666
2017-01-19 23:30:00,72113.49949333334
2017-01-20 00:00:00,66033.12338333334
2017-01-20 00:30:00,61066.871583333326
2017-01-20 01:00:00,57244.84770666666
2017-01-20 01:30:00,54253.38261333333
2017-01-20 02:00:00,52349.913706666666
2017-01-20 02:30:00,51132.38405
2017-01-20 03:00:00,50106.144693333335
2017-01-20 03:30:00,49561.61841
2017-01-20 04:00:00,49312.82126
2017-01-20 04:30:00,49377.21630333333
2017-01-20 05:00:00,49822.51676666667
2017-01-20 05:30:00,51637.00751
2017-01-20 06:00:00,54627.55832666667
2017-01-20 06:30:00,54769.31479
2017-01-20 07:00:00,53148.366740000005
2017-01-20 07:30:00,50771.479653333336
2017-01-20 08:00:00,52232.55237666667
2017-01-20 08:30:00,55419.90221666667
2017-01-20 09:00:00,59238.37915
2017-01-20 09:30:00,63298.840663333336
2017-01-20 10:00:00,66713.78361666667
2017-01-20 10:30:00,69822.55051333334
2017-01-20 11:00:00,72465.14192000001
2017-01-20 11:30:00,73968.69849
2017-01-20 12:00:00,73782.53102666668
2017-01-20 12:30:00,73146.17440333334
2017-01-20 13:00:00,73644.04994666668
2017-01-20 13:30:00,75561.42138666667
2017-01-20 14:00:00,74354.09031666665
2017-01-20 14:30:00,73665.60169333334
2017-01-20 15:00:00,73358.40152333333
2017-01-20 15:30:00,71091.15483333333
2017-01-20 16:00:00,69210.89938333334
2017-01-20 16:30:00,69701.2939
2017-01-20 17:00:00,71337.02752666666
2017-01-20 17:30:00,84025.04840666667
2017-01-20 18:00:00,95089.04329666666
2017-01-20 18:30:00,97176.08696
2017-01-20 19:00:00,97773.10407
2017-01-20 19:30:00,96857.11745333334
2017-01-20 20:00:00,96798.16366666666
2017-01-20 20:30:00,97295.73479
2017-01-20 21:00:00,97996.49013
2017-01-20 21:30:00,96065.26511333334
2017-01-20 22:00:00,92619.90389
2017-01-20 22:30:00,87743.08652999999
2017-01-20 23:00:00,81083.10652333334
2017-01-20 23:30:00,74752.39516
2017-01-21 00:00:00,68467.38128333334
2017-01-21 00:30:00,62876.10353
2017-01-21 01:00:00,58946.223626666666
2017-01-21 01:30:00,55980.12201666666
2017-01-21 02:00:00,53853.55464333333
2017-01-21 02:30:00,52587.83102333333
2017-01-21 03:00:00,51568.228856666676
2017-01-21 03:30:00,50830.95306666667
2017-01-21 04:00:00,50308.16539
2017-01-21 04:30:00,50100.435326666666
2017-01-21 05:00:00,50756.41676
2017-01-21 05:30:00,52431.52813
2017-01-21 06:00:00,54861.20806333333
2017-01-21 06:30:00,53906.74087666667
2017-01-21 07:00:00,49805.18346000001
2017-01-21 07:30:00,47753.67610666666
2017-01-21 08:00:00,49635.58239999999
2017-01-21 08:30:00,53262.398063333334
2017-01-21 09:00:00,58509.554736666665
2017-01-21 09:30:00,62499.57063333333
2017-01-21 10:00:00,66370.56983333333
2017-01-21 10:30:00,70180.86664666666
2017-01-21 11:00:00,72295.41202666667
2017-01-21 11:30:00,73776.94640333334
2017-01-21 12:00:00,74387.24789333333
2017-01-21 12:30:00,74483.15939
2017-01-21 13:00:00,75039.77416
2017-01-21 13:30:00,74816.98464
2017-01-21 14:00:00,73865.70973
2017-01-21 14:30:00,73776.52134666666
2017-01-21 15:00:00,73629.94308
2017-01-21 15:30:00,71571.56817666667
2017-01-21 16:00:00,70985.58301666667
2017-01-21 16:30:00,70532.15996333332
2017-01-21 17:00:00,72606.51481666666
2017-01-21 17:30:00,85350.03707
2017-01-21 18:00:00,97528.45975666668
2017-01-21 18:30:00,98580.79675
2017-01-21 19:00:00,97424.42592749996
2017-01-21 19:30:00,97424.42592749996
2017-01-21 20:00:00,97380.96918625
2017-01-21 20:30:00,97380.96918625
2017-01-21 21:00:00,95648.2946525
2017-01-21 21:30:00,93368.78372333333
2017-01-21 22:00:00,90090.00253333333
2017-01-21 22:30:00,86339.44725333333
2017-01-21 23:00:00,81224.57529
2017-01-21 23:30:00,74916.79865
2017-01-22 00:00:00,68000.45086333333
2017-01-22 00:30:00,62697.62202333333
2017-01-22 01:00:00,58737.423233333335
2017-01-22 01:30:00,55339.387899999994
2017-01-22 02:00:00,52574.86887666667
2017-01-22 02:30:00,50808.20176333334
2017-01-22 03:00:00,50048.13581333333
2017-01-22 03:30:00,48841.65141333333
2017-01-22 04:00:00,48105.72245333334
2017-01-22 04:30:00,47567.89264666667
2017-01-22 05:00:00,48066.84111333333
2017-01-22 05:30:00,49642.971646666665
2017-01-22 06:00:00,51760.638953333335
2017-01-22 06:30:00,49912.15684
2017-01-22 07:00:00,44084.906686666676
2017-01-22 07:30:00,40859.43214033334
2017-01-22 08:00:00,42845.201112
2017-01-22 08:30:00,45658.83334333333
2017-01-22 09:00:00,49270.73228999999
2017-01-22 09:30:00,53507.89679666667
2017-01-22 10:00:00,57653.32789666666
2017-01-22 10:30:00,61292.736606666665
2017-01-22 11:00:00,64408.60227
2017-01-22 11:30:00,65448.12777666666
2017-01-22 12:00:00,66636.44859666667
2017-01-22 12:30:00,67144.17489666666
2017-01-22 13:00:00,68529.04400000001
2017-01-22 13:30:00,69017.42666
2017-01-22 14:00:00,68168.29102666666
2017-01-22 14:30:00,67730.54476
2017-01-22 15:00:00,67045.55046666667
2017-01-22 15:30:00,65608.49269
2017-01-22 16:00:00,64438.21170666666
2017-01-22 16:30:00,63593.43068
2017-01-22 17:00:00,65673.92913333334
2017-01-22 17:30:00,78506.17573
2017-01-22 18:00:00,90625.76786333334
2017-01-22 18:30:00,92589.50422666666
2017-01-22 19:00:00,93125.14999
2017-01-22 19:30:00,94310.78705333332
2017-01-22 20:00:00,94785.38407333333
2017-01-22 20:30:00,95764.77047333332
2017-01-22 21:00:00,94313.36296666665
2017-01-22 21:30:00,91632.97160333332
2017-01-22 22:00:00,88512.84188333333
2017-01-22 22:30:00,83624.76605333334
2017-01-22 23:00:00,77062.78315333334
2017-01-22 23:30:00,69971.84741666667
2017-01-23 00:00:00,64311.89413333333
2017-01-23 00:30:00,59662.324706666666
2017-01-23 01:00:00,56337.804646666664
2017-01-23 01:30:00,53651.38053
2017-01-23 02:00:00,52094.334306666664
2017-01-23 02:30:00,50848.66433
2017-01-23 03:00:00,49956.01084
2017-01-23 03:30:00,49328.38168333333
2017-01-23 04:00:00,49396.17449333333
2017-01-23 04:30:00,49366.851793333335
2017-01-23 05:00:00,50101.79660666666
2017-01-23 05:30:00,51834.89236
2017-01-23 06:00:00,54689.817650000005
2017-01-23 06:30:00,55060.125036666665
2017-01-23 07:00:00,52645.94022
2017-01-23 07:30:00,49795.44827
2017-01-23 08:00:00,52211.705983333326
2017-01-23 08:30:00,55461.473346666666
2017-01-23 09:00:00,59144.130873333335
2017-01-23 09:30:00,62890.129740000004
2017-01-23 10:00:00,66571.79403
2017-01-23 10:30:00,69826.85520666667
2017-01-23 11:00:00,71877.44791666667
2017-01-23 11:30:00,74673.48989000001
2017-01-23 12:00:00,75729.15084333334
2017-01-23 12:30:00,76758.33397333334
2017-01-23 13:00:00,76540.92351
2017-01-23 13:30:00,75599.77218666667
2017-01-23 14:00:00,75234.84212333332
2017-01-23 14:30:00,74796.33166666667
2017-01-23 15:00:00,74258.39239
2017-01-23 15:30:00,72601.58829666667
2017-01-23 16:00:00,72488.26796333333
2017-01-23 16:30:00,72983.20781333333
2017-01-23 17:00:00,75494.89466333333
2017-01-23 17:30:00,87113.60987
2017-01-23 18:00:00,97452.43403666666
2017-01-23 18:30:00,98796.64306333334
2017-01-23 19:00:00,98783.21595333335
2017-01-23 19:30:00,97824.13330333332
2017-01-23 20:00:00,98190.12546000001
2017-01-23 20:30:00,98456.23195666667
2017-01-23 21:00:00,96740.38884999999
2017-01-23 21:30:00,93778.23711666667
2017-01-23 22:00:00,89320.36477666667
2017-01-23 22:30:00,84383.71425
2017-01-23 23:00:00,77575.12336000001
2017-01-23 23:30:00,71112.24366
2017-01-24 00:00:00,65714.86549
2017-01-24 00:30:00,60900.20773333334
2017-01-24 01:00:00,57075.56768
2017-01-24 01:30:00,54379.18263333334
2017-01-24 02:00:00,52890.86155666667
2017-01-24 02:30:00,51405.91858333334
2017-01-24 03:00:00,50633.14847000001
2017-01-24 03:30:00,50313.919383333334
2017-01-24 04:00:00,50051.254669999995
2017-01-24 04:30:00,49990.48716
2017-01-24 05:00:00,51031.92710666667
2017-01-24 05:30:00,52727.355044166674
2017-01-24 06:00:00,55792.48524
2017-01-24 06:30:00,55352.697530000005
2017-01-24 07:00:00,51817.59384333333
2017-01-24 07:30:00,48928.94187666667
2017-01-24 08:00:00,51477.55020666667
2017-01-24 08:30:00,55592.90809333333
2017-01-24 09:00:00,59368.135566666664
2017-01-24 09:30:00,63154.77059
2017-01-24 10:00:00,66041.51520666666
2017-01-24 10:30:00,66392.89043333333
2017-01-24 11:00:00,67445.41970666667
2017-01-24 11:30:00,69066.99143333333
2017-01-24 12:00:00,70180.92249666667
2017-01-24 12:30:00,71174.84560333334
2017-01-24 13:00:00,71672.10948333333
2017-01-24 13:30:00,71608.16572
2017-01-24 14:00:00,71896.19127666666
2017-01-24 14:30:00,72206.17616999999
2017-01-24 15:00:00,73185.94883333333
2017-01-24 15:30:00,72611.96609333334
2017-01-24 16:00:00,70938.80756666667
2017-01-24 16:30:00,70339.35898666667
2017-01-24 17:00:00,72902.51593
2017-01-24 17:30:00,84405.31290333334
2017-01-24 18:00:00,96278.87073333333
2017-01-24 18:30:00,97634.69145
2017-01-24 19:00:00,96504.83717999999
2017-01-24 19:30:00,95878.26915
2017-01-24 20:00:00,96018.94943
2017-01-24 20:30:00,96052.62355666666
2017-01-24 21:00:00,96134.54418333333
2017-01-24 21:30:00,93785.47718
2017-01-24 22:00:00,90086.34087666667
2017-01-24 22:30:00,85106.16562666667
2017-01-24 23:00:00,77626.10471666667
2017-01-24 23:30:00,71231.32851333333
2017-01-25 00:00:00,65710.08036666666
2017-01-25 00:30:00,61039.3547
2017-01-25 01:00:00,57407.1998
2017-01-25 01:30:00,54349.94267333334
2017-01-25 02:00:00,52381.18195333334
2017-01-25 02:30:00,51198.617093333334
2017-01-25 03:00:00,50844.50467666667
2017-01-25 03:30:00,50475.77462333333
2017-01-25 04:00:00,50308.25235333334
2017-01-25 04:30:00,50135.06280666666
2017-01-25 05:00:00,50763.519009999996
2017-01-25 05:30:00,52779.55958416667
2017-01-25 06:00:00,55982.823899999996
2017-01-25 06:30:00,55519.229759999995
2017-01-25 07:00:00,52224.21073333333
2017-01-25 07:30:00,48649.56245666667
2017-01-25 08:00:00,51052.49226
2017-01-25 08:30:00,55402.46203999999
2017-01-25 09:00:00,59717.05713333333
2017-01-25 09:30:00,62720.180043333334
2017-01-25 10:00:00,66559.82281333333
2017-01-25 10:30:00,69675.88595333333
2017-01-25 11:00:00,72548.51988666666
2017-01-25 11:30:00,73693.84438666666
2017-01-25 12:00:00,74627.73121333333
2017-01-25 12:30:00,75407.20769999998
2017-01-25 13:00:00,75307.67545333334
2017-01-25 13:30:00,74860.37985666667
2017-01-25 14:00:00,74290.73359666666
2017-01-25 14:30:00,73882.37819
2017-01-25 15:00:00,73604.84371666667
2017-01-25 15:30:00,71934.20439666667
2017-01-25 16:00:00,70652.48268666667
2017-01-25 16:30:00,70855.29606333333
2017-01-25 17:00:00,73031.24742666667
2017-01-25 17:30:00,84138.84379666667
2017-01-25 18:00:00,96403.22277
2017-01-25 18:30:00,97718.4891
2017-01-25 19:00:00,97757.01961666666
2017-01-25 19:30:00,97390.93675
2017-01-25 20:00:00,97291.12796
2017-01-25 20:30:00,97718.14084
2017-01-25 21:00:00,95617.02216666668
2017-01-25 21:30:00,93322.28714666667
2017-01-25 22:00:00,90322.85837000002
2017-01-25 22:30:00,84460.54218
2017-01-25 23:00:00,77975.29202333333
2017-01-25 23:30:00,71105.51602
2017-01-26 00:00:00,65976.9762
2017-01-26 00:30:00,61352.89863666667
2017-01-26 01:00:00,57840.67949333333
2017-01-26 01:30:00,54953.224603333336
2017-01-26 02:00:00,52881.093393333336
2017-01-26 02:30:00,51917.720886666655
2017-01-26 03:00:00,51333.29236666667
2017-01-26 03:30:00,50410.296793333335
2017-01-26 04:00:00,49906.92288666667
2017-01-26 04:30:00,50415.23248666667
2017-01-26 05:00:00,51220.71067666666
2017-01-26 05:30:00,53008.5081575
2017-01-26 06:00:00,55526.81640666667
2017-01-26 06:30:00,54855.22990333333
2017-01-26 07:00:00,51191.845516666675
2017-01-26 07:30:00,49272.65388333334
2017-01-26 08:00:00,51275.877089999994
2017-01-26 08:30:00,54830.97806666667
2017-01-26 09:00:00,59663.674869999995
2017-01-26 09:30:00,63318.53845666667
2017-01-26 10:00:00,66833.14152333334
2017-01-26 10:30:00,70527.87848
2017-01-26 11:00:00,73008.71680333333
2017-01-26 11:30:00,75109.95111333333
2017-01-26 12:00:00,75566.07652333334
2017-01-26 12:30:00,76153.81595
2017-01-26 13:00:00,75702.64038666667
2017-01-26 13:30:00,74844.20458666667
2017-01-26 14:00:00,73939.92337666666
2017-01-26 14:30:00,73996.41469666666
2017-01-26 15:00:00,74401.68681
2017-01-26 15:30:00,74505.83052
2017-01-26 16:00:00,74379.63316999999
2017-01-26 16:30:00,74948.40877666666
2017-01-26 17:00:00,77279.92108666667
2017-01-26 17:30:00,87797.50395666667
2017-01-26 18:00:00,98939.04920666666
2017-01-26 18:30:00,99483.09173
2017-01-26 19:00:00,99519.53061666666
2017-01-26 19:30:00,98375.51594333333
2017-01-26 20:00:00,99213.07199333333
2017-01-26 20:30:00,98882.61421333333
2017-01-26 21:00:00,96756.65929
2017-01-26 21:30:00,93015.71196666667
2017-01-26 22:00:00,89542.01948333334
2017-01-26 22:30:00,84503.55306666666
2017-01-26 23:00:00,78857.43704666667
2017-01-26 23:30:00,72018.50924333332
2017-01-27 00:00:00,66082.88496333333
2017-01-27 00:30:00,61654.52512333333
2017-01-27 01:00:00,57613.488043333324
2017-01-27 01:30:00,55176.46610666667
2017-01-27 02:00:00,53278.56309333333
2017-01-27 02:30:00,51983.696560000004
2017-01-27 03:00:00,50982.5153
2017-01-27 03:30:00,50397.71008333333
2017-01-27 04:00:00,49990.28512666666
2017-01-27 04:30:00,50257.494693333334
2017-01-27 05:00:00,50871.077209999996
2017-01-27 05:30:00,52608.286373333336
2017-01-27 06:00:00,54708.75940666667
2017-01-27 06:30:00,53287.97811
2017-01-27 07:00:00,50222.093296666666
2017-01-27 07:30:00,49453.02549
2017-01-27 08:00:00,51247.48282999999
2017-01-27 08:30:00,55061.59494666666
2017-01-27 09:00:00,60080.700626666665
2017-01-27 09:30:00,64723.92643666667
2017-01-27 10:00:00,68208.85067999999
2017-01-27 10:30:00,71029.23449
2017-01-27 11:00:00,73327.43907000001
2017-01-27 11:30:00,74772.85225333333
2017-01-27 12:00:00,74447.35322333332
2017-01-27 12:30:00,73165.60959666666
2017-01-27 13:00:00,73919.06941333333
2017-01-27 13:30:00,76859.65753333333
2017-01-27 14:00:00,74956.35721666667
2017-01-27 14:30:00,73468.66066666668
2017-01-27 15:00:00,73658.70588333333
2017-01-27 15:30:00,73365.86442
2017-01-27 16:00:00,72951.56972333333
2017-01-27 16:30:00,74062.13171666667
2017-01-27 17:00:00,75695.07502
2017-01-27 17:30:00,85521.43983333332
2017-01-27 18:00:00,96625.43929333333
2017-01-27 18:30:00,97789.58751333335
2017-01-27 19:00:00,96257.72510333335
2017-01-27 19:30:00,95715.19765
2017-01-27 20:00:00,95997.78748333333
2017-01-27 20:30:00,96339.95556666667
2017-01-27 21:00:00,94599.49760666666
2017-01-27 21:30:00,92504.45862666667
2017-01-27 22:00:00,89104.36931
2017-01-27 22:30:00,84449.20531666667
2017-01-27 23:00:00,78836.22351
2017-01-27 23:30:00,72886.16595
2017-01-28 00:00:00,67403.48382333333
2017-01-28 00:30:00,62634.86275999999
2017-01-28 01:00:00,58456.654500000004
2017-01-28 01:30:00,55309.89561000001
2017-01-28 02:00:00,53278.04288666666
2017-01-28 02:30:00,52091.73989333334
2017-01-28 03:00:00,51044.05081666666
2017-01-28 03:30:00,50344.67723333333
2017-01-28 04:00:00,49752.56821333334
2017-01-28 04:30:00,49729.931833333336
2017-01-28 05:00:00,50420.47770333333
2017-01-28 05:30:00,52460.3865
2017-01-28 06:00:00,54047.067156666664
2017-01-28 06:30:00,52407.1469
2017-01-28 07:00:00,46942.22172
2017-01-28 07:30:00,45169.12061666666
2017-01-28 08:00:00,47677.62064
2017-01-28 08:30:00,51920.77880666667
2017-01-28 09:00:00,56308.24286
2017-01-28 09:30:00,61110.93391666667
2017-01-28 10:00:00,64612.40108666667
2017-01-28 10:30:00,67583.22552333334
2017-01-28 11:00:00,70621.70625333332
2017-01-28 11:30:00,72245.6849
2017-01-28 12:00:00,73123.86621
2017-01-28 12:30:00,73553.91632
2017-01-28 13:00:00,73898.27318
2017-01-28 13:30:00,73395.55674333333
2017-01-28 14:00:00,72817.99930000001
2017-01-28 14:30:00,71432.48722333333
2017-01-28 15:00:00,70165.44941
2017-01-28 15:30:00,69129.64608333334
2017-01-28 16:00:00,68650.13607666666
2017-01-28 16:30:00,67383.60654000001
2017-01-28 17:00:00,68666.01890000001
2017-01-28 17:30:00,77939.12932666666
2017-01-28 18:00:00,92512.91593666666
2017-01-28 18:30:00,94079.57545666666
2017-01-28 19:00:00,94045.44056666666
2017-01-28 19:30:00,93927.30959333332
2017-01-28 20:00:00,93789.28246666667
2017-01-28 20:30:00,93362.20224666667
2017-01-28 21:00:00,92387.08053333334
2017-01-28 21:30:00,90132.44106
2017-01-28 22:00:00,86864.77482333333
2017-01-28 22:30:00,84124.43399333332
2017-01-28 23:00:00,79185.24026666667
2017-01-28 23:30:00,73838.8907
2017-01-29 00:00:00,67578.43898666666
2017-01-29 00:30:00,62490.280666666666
2017-01-29 01:00:00,58136.13357333333
2017-01-29 01:30:00,54874.51228333334
2017-01-29 02:00:00,52345.99457333334
2017-01-29 02:30:00,50453.71828333333
2017-01-29 03:00:00,49027.919526666665
2017-01-29 03:30:00,48589.213859999996
2017-01-29 04:00:00,48074.01075666666
2017-01-29 04:30:00,47635.81633
2017-01-29 05:00:00,48396.577613333335
2017-01-29 05:30:00,50051.919846666664
2017-01-29 06:00:00,51309.336116666665
2017-01-29 06:30:00,48858.748713333334
2017-01-29 07:00:00,43411.94235666667
2017-01-29 07:30:00,40459.45139333333
2017-01-29 08:00:00,42129.050676666666
2017-01-29 08:30:00,44623.872193333336
2017-01-29 09:00:00,48170.75204666667
2017-01-29 09:30:00,52196.86328666667
2017-01-29 10:00:00,56262.13912
2017-01-29 10:30:00,60261.67445
2017-01-29 11:00:00,62808.29399666667
2017-01-29 11:30:00,64646.41245333333
2017-01-29 12:00:00,65749.21031333333
2017-01-29 12:30:00,66383.82112666666
2017-01-29 13:00:00,66943.85636
2017-01-29 13:30:00,66639.96462333333
2017-01-29 14:00:00,66090.05912333333
2017-01-29 14:30:00,64806.14544666667
2017-01-29 15:00:00,64074.78358333333
2017-01-29 15:30:00,63187.39345
2017-01-29 16:00:00,61990.10982666666
2017-01-29 16:30:00,61031.77847
2017-01-29 17:00:00,62146.68677666667
2017-01-29 17:30:00,70710.46401666668
2017-01-29 18:00:00,85661.21376041666
2017-01-29 18:30:00,86847.47563333334
2017-01-29 19:00:00,87886.61120750003
2017-01-29 19:30:00,87886.61120750003
2017-01-29 20:00:00,87725.44611625001
2017-01-29 20:30:00,87980.21758333333
2017-01-29 21:00:00,89773.62521000001
2017-01-29 21:30:00,89256.82123
2017-01-29 22:00:00,87071.38625
2017-01-29 22:30:00,83027.89779333334
2017-01-29 23:00:00,77856.59061666667
2017-01-29 23:30:00,71966.80493
2017-01-30 00:00:00,66129.46931666667
2017-01-30 00:30:00,61254.00286666667
2017-01-30 01:00:00,56925.30973333333
2017-01-30 01:30:00,54239.97204
2017-01-30 02:00:00,52071.38400666667
2017-01-30 02:30:00,50781.42218666666
2017-01-30 03:00:00,50066.75323
2017-01-30 03:30:00,49536.253483333334
2017-01-30 04:00:00,49232.855749999995
2017-01-30 04:30:00,49324.31788333333
2017-01-30 05:00:00,49848.99581
2017-01-30 05:30:00,51505.28303
2017-01-30 06:00:00,53433.98916999999
2017-01-30 06:30:00,52250.70424291667
2017-01-30 07:00:00,46209.77819333333
2017-01-30 07:30:00,44961.18180333334
2017-01-30 08:00:00,47968.55564666667
2017-01-30 08:30:00,52698.145573333335
2017-01-30 09:00:00,56341.58222333334
2017-01-30 09:30:00,60272.65151666667
2017-01-30 10:00:00,64275.79926666667
2017-01-30 10:30:00,67474.67843666667
2017-01-30 11:00:00,69983.04254333333
2017-01-30 11:30:00,71609.80124333334
2017-01-30 12:00:00,72757.90920666668
2017-01-30 12:30:00,73325.49670666667
2017-01-30 13:00:00,73261.37105
2017-01-30 13:30:00,73031.42654333333
2017-01-30 14:00:00,72554.63117666666
2017-01-30 14:30:00,71863.01530666667
2017-01-30 15:00:00,71222.86133333333
2017-01-30 15:30:00,70317.60866
2017-01-30 16:00:00,69383.80360666667
2017-01-30 16:30:00,68758.07809666666
2017-01-30 17:00:00,70409.32797333332
2017-01-30 17:30:00,78582.25645333334
2017-01-30 18:00:00,92772.45262083334
2017-01-30 18:30:00,94764.94849333334
2017-01-30 19:00:00,94520.39889666667
2017-01-30 19:30:00,94122.79175333334
2017-01-30 20:00:00,94434.65871
2017-01-30 20:30:00,95157.10367
2017-01-30 21:00:00,93678.30977333333
2017-01-30 21:30:00,91184.45123
2017-01-30 22:00:00,88470.06306333333
2017-01-30 22:30:00,84216.33928333333
2017-01-30 23:00:00,77656.29433333334
2017-01-30 23:30:00,71761.97907
2017-01-31 00:00:00,66180.3095
2017-01-31 00:30:00,61325.81370666667
2017-01-31 01:00:00,57763.64556666667
2017-01-31 01:30:00,55226.14321333333
2017-01-31 02:00:00,53429.63652333333
2017-01-31 02:30:00,52385.73322999999
2017-01-31 03:00:00,50959.54760666667
2017-01-31 03:30:00,50019.11661
2017-01-31 04:00:00,49564.42402
2017-01-31 04:30:00,49792.54297666667
2017-01-31 05:00:00,50458.397006666666
2017-01-31 05:30:00,52446.47735416666
2017-01-31 06:00:00,54847.38744666667
2017-01-31 06:30:00,53477.69386958334
2017-01-31 07:00:00,48370.67366333333
2017-01-31 07:30:00,46817.46988
2017-01-31 08:00:00,50192.48973333333
2017-01-31 08:30:00,53710.06531
2017-01-31 09:00:00,58689.614246666664
2017-01-31 09:30:00,62194.58264666667
2017-01-31 10:00:00,65600.19049666666
2017-01-31 10:30:00,68471.14184333333
2017-01-31 11:00:00,70486.50186333334
2017-01-31 11:30:00,72475.84297333333
2017-01-31 12:00:00,72938.52784333333
2017-01-31 12:30:00,73545.97489
2017-01-31 13:00:00,73514.45799333333
2017-01-31 13:30:00,72994.85554666667
2017-01-31 14:00:00,72193.21683
2017-01-31 14:30:00,71469.59990666667
2017-01-31 15:00:00,71538.20148
2017-01-31 15:30:00,69740.99757666666
2017-01-31 16:00:00,69366.56241999999
2017-01-31 16:30:00,68838.58369666665
2017-01-31 17:00:00,70433.57447333333
2017-01-31 17:30:00,79470.12415999999
2017-01-31 18:00:00,92694.25517083333
2017-01-31 18:30:00,94623.44887666668
2017-01-31 19:00:00,94414.95097666666
2017-01-31 19:30:00,93610.90205333334
2017-01-31 20:00:00,94482.76106666667
2017-01-31 20:30:00,94432.11918333331
2017-01-31 21:00:00,93143.69761999999
2017-01-31 21:30:00,91551.88566666667
2017-01-31 22:00:00,87857.32870333333
2017-01-31 22:30:00,83396.13877333332
2017-01-31 23:00:00,77143.87747666666
2017-01-31 23:30:00,71551.21469000001
2017-02-01 00:00:00,65410.98683333333
2017-02-01 00:30:00,61395.52602333333
2017-02-01 01:00:00,57977.87492666667
2017-02-01 01:30:00,55253.04633333333
2017-02-01 02:00:00,52730.86011333333
2017-02-01 02:30:00,51344.64835333333
2017-02-01 03:00:00,50516.66181333333
2017-02-01 03:30:00,49940.63374
2017-02-01 04:00:00,49706.442416666665
2017-02-01 04:30:00,49688.2259
2017-02-01 05:00:00,50289.79225666667
2017-02-01 05:30:00,52383.57461
2017-02-01 06:00:00,54368.800273333334
2017-02-01 06:30:00,52271.72788666666
2017-02-01 07:00:00,46760.429463333334
2017-02-01 07:30:00,45269.63757333333
2017-02-01 08:00:00,48539.30872666667
2017-02-01 08:30:00,52282.45971
2017-02-01 09:00:00,56688.268260000004
2017-02-01 09:30:00,59590.33717333333
2017-02-01 10:00:00,62898.94090666666
2017-02-01 10:30:00,67226.96208
2017-02-01 11:00:00,69208.94069999999
2017-02-01 11:30:00,71079.78095333332
2017-02-01 12:00:00,72266.51815666666
2017-02-01 12:30:00,73245.72061
2017-02-01 13:00:00,72727.87054
2017-02-01 13:30:00,72837.61576
2017-02-01 14:00:00,72614.77543333334
2017-02-01 14:30:00,71969.88664
2017-02-01 15:00:00,71267.40512333333
2017-02-01 15:30:00,70713.68211666668
2017-02-01 16:00:00,69504.85719666666
2017-02-01 16:30:00,68790.13528
2017-02-01 17:00:00,69822.37102333333
2017-02-01 17:30:00,77303.26327000001
2017-02-01 18:00:00,91857.80829333334
2017-02-01 18:30:00,94689.99846666667
2017-02-01 19:00:00,94483.84474333333
2017-02-01 19:30:00,94038.62973666667
2017-02-01 20:00:00,93904.53236666667
2017-02-01 20:30:00,94243.18943666667
2017-02-01 21:00:00,93217.36802000001
2017-02-01 21:30:00,90703.65924000001
2017-02-01 22:00:00,87881.94875666666
2017-02-01 22:30:00,83970.34553666667
2017-02-01 23:00:00,77729.96613666667
2017-02-01 23:30:00,72057.72216
2017-02-02 00:00:00,66242.32923666667
2017-02-02 00:30:00,61625.00973666667
2017-02-02 01:00:00,58285.12870666666
2017-02-02 01:30:00,55770.005520000006
2017-02-02 02:00:00,53607.499279999996
2017-02-02 02:30:00,51847.421070000004
2017-02-02 03:00:00,51066.96810333334
2017-02-02 03:30:00,50763.36673666667
2017-02-02 04:00:00,50322.616363333334
2017-02-02 04:30:00,50072.38469
2017-02-02 05:00:00,50781.157230000004
2017-02-02 05:30:00,52990.71131666666
2017-02-02 06:00:00,54820.97699333334
2017-02-02 06:30:00,53445.46903
2017-02-02 07:00:00,47964.33580333333
2017-02-02 07:30:00,46160.20988333334
2017-02-02 08:00:00,49084.08236666667
2017-02-02 08:30:00,53496.88467333334
2017-02-02 09:00:00,57708.6371
2017-02-02 09:30:00,61396.30205333334
2017-02-02 10:00:00,65252.85757666666
2017-02-02 10:30:00,67803.29792
2017-02-02 11:00:00,70751.25273666666
2017-02-02 11:30:00,72781.76994333333
2017-02-02 12:00:00,73425.82349
2017-02-02 12:30:00,73854.68678
2017-02-02 13:00:00,74083.95338333333
2017-02-02 13:30:00,73999.11971333333
2017-02-02 14:00:00,73637.21469
2017-02-02 14:30:00,73659.45945666666
2017-02-02 15:00:00,74041.11347333333
2017-02-02 15:30:00,72840.26539666667
2017-02-02 16:00:00,72196.90561333334
2017-02-02 16:30:00,72207.33533333334
2017-02-02 17:00:00,72725.99902333332
2017-02-02 17:30:00,80124.15684
2017-02-02 18:00:00,93904.64308999998
2017-02-02 18:30:00,96085.34719
2017-02-02 19:00:00,95470.11278000001
2017-02-02 19:30:00,94583.44613333333
2017-02-02 20:00:00,94391.96405333333
2017-02-02 20:30:00,94317.96426
2017-02-02 21:00:00,92527.29187999999
2017-02-02 21:30:00,90164.63742
2017-02-02 22:00:00,86459.88769333334
2017-02-02 22:30:00,82566.06630333333
2017-02-02 23:00:00,77438.06354
2017-02-02 23:30:00,71736.99036000001
2017-02-03 00:00:00,66124.51972333333
2017-02-03 00:30:00,61854.95478
2017-02-03 01:00:00,58060.66431666666
2017-02-03 01:30:00,55390.20368
2017-02-03 02:00:00,53528.613229999995
2017-02-03 02:30:00,51890.039469999996
2017-02-03 03:00:00,51344.81496333334
2017-02-03 03:30:00,50743.21319
2017-02-03 04:00:00,50412.66858333334
2017-02-03 04:30:00,50394.33790666666
2017-02-03 05:00:00,50653.84128666667
2017-02-03 05:30:00,53329.81947000001
2017-02-03 06:00:00,54513.46938333334
2017-02-03 06:30:00,52183.292076666665
2017-02-03 07:00:00,46485.09571
2017-02-03 07:30:00,45143.839486666664
2017-02-03 08:00:00,48113.95588
2017-02-03 08:30:00,52162.58596
2017-02-03 09:00:00,56474.684876666666
2017-02-03 09:30:00,60964.421949999996
2017-02-03 10:00:00,64182.41358
2017-02-03 10:30:00,67487.99992333334
2017-02-03 11:00:00,69997.13911666667
2017-02-03 11:30:00,70961.00977
2017-02-03 12:00:00,70473.67523000001
2017-02-03 12:30:00,67689.91266666667
2017-02-03 13:00:00,67446.29951666667
2017-02-03 13:30:00,69250.90509666667
2017-02-03 14:00:00,67804.48295666666
2017-02-03 14:30:00,67002.28067333333
2017-02-03 15:00:00,66815.50754333333
2017-02-03 15:30:00,66249.50741666666
2017-02-03 16:00:00,65549.69309666667
2017-02-03 16:30:00,65096.768563333324
2017-02-03 17:00:00,65530.66008333333
2017-02-03 17:30:00,73629.97506666667
2017-02-03 18:00:00,88302.47398000001
2017-02-03 18:30:00,91426.28457
2017-02-03 19:00:00,91273.77669333333
2017-02-03 19:30:00,90558.25762666667
2017-02-03 20:00:00,91119.84590333333
2017-02-03 20:30:00,91475.81595333334
2017-02-03 21:00:00,89693.31021333333
2017-02-03 21:30:00,86802.87405333333
2017-02-03 22:00:00,84904.33847999999
2017-02-03 22:30:00,81114.58167
2017-02-03 23:00:00,76447.10442666667
2017-02-03 23:30:00,71032.15748666668
2017-02-04 00:00:00,65668.13766666666
2017-02-04 00:30:00,61352.059403333325
2017-02-04 01:00:00,57716.18787
2017-02-04 01:30:00,54800.24811000001
2017-02-04 02:00:00,52765.77875333334
2017-02-04 02:30:00,51377.86375333334
2017-02-04 03:00:00,50239.70701666666
2017-02-04 03:30:00,49314.841746666665
2017-02-04 04:00:00,48844.547183333336
2017-02-04 04:30:00,48892.19598333334
2017-02-04 05:00:00,49602.261296666664
2017-02-04 05:30:00,52098.394413333335
2017-02-04 06:00:00,53213.63633333333
2017-02-04 06:30:00,50530.45174333334
2017-02-04 07:00:00,44452.956066666666
2017-02-04 07:30:00,42841.25959
2017-02-04 08:00:00,45379.359613333334
2017-02-04 08:30:00,49264.471840000006
2017-02-04 09:00:00,53915.80003333334
2017-02-04 09:30:00,58656.60476666666
2017-02-04 10:00:00,62015.44385333334
2017-02-04 10:30:00,65505.60090333334
2017-02-04 11:00:00,67583.83876666667
2017-02-04 11:30:00,69053.12631333333
2017-02-04 12:00:00,69865.53796999999
2017-02-04 12:30:00,70906.28839
2017-02-04 13:00:00,70986.53659333334
2017-02-04 13:30:00,70878.1291
2017-02-04 14:00:00,71291.9415
2017-02-04 14:30:00,70591.23573333333
2017-02-04 15:00:00,69274.95894666667
2017-02-04 15:30:00,67122.21351
2017-02-04 16:00:00,66138.79407333334
2017-02-04 16:30:00,65244.20597
2017-02-04 17:00:00,66604.9495
2017-02-04 17:30:00,73871.02800666667
2017-02-04 18:00:00,88326.32695333334
2017-02-04 18:30:00,91548.01429666668
2017-02-04 19:00:00,91572.70499333333
2017-02-04 19:30:00,91558.16930000001
2017-02-04 20:00:00,90440.76147666667
2017-02-04 20:30:00,90509.66325
2017-02-04 21:00:00,89434.52404
2017-02-04 21:30:00,87272.80907
2017-02-04 22:00:00,84897.75206666667
2017-02-04 22:30:00,81195.39985
2017-02-04 23:00:00,76800.77232666667
2017-02-04 23:30:00,71759.87337333335
2017-02-05 00:00:00,65769.3203
2017-02-05 00:30:00,61415.144166666665
2017-02-05 01:00:00,57498.971190000004
2017-02-05 01:30:00,54033.495259999996
2017-02-05 02:00:00,52104.064229999996
2017-02-05 02:30:00,50131.34706
2017-02-05 03:00:00,49138.57219
2017-02-05 03:30:00,48457.943296666665
2017-02-05 04:00:00,48195.89959333333
2017-02-05 04:30:00,48462.04740666666
2017-02-05 05:00:00,48838.938116666664
2017-02-05 05:30:00,50488.44598333333
2017-02-05 06:00:00,50895.57873333333
2017-02-05 06:30:00,48080.87138
2017-02-05 07:00:00,41510.41998333333
2017-02-05 07:30:00,39542.584363333335
2017-02-05 08:00:00,40618.379773333334
2017-02-05 08:30:00,42816.26253
2017-02-05 09:00:00,46180.63178999999
2017-02-05 09:30:00,49836.19701
2017-02-05 10:00:00,53453.129460000004
2017-02-05 10:30:00,57209.42032999999
2017-02-05 11:00:00,59467.9088
2017-02-05 11:30:00,62240.71070999999
2017-02-05 12:00:00,63266.68241666667
2017-02-05 12:30:00,64658.90268666667
2017-02-05 13:00:00,65393.68890500001
2017-02-05 13:30:00,65393.68890500001
2017-02-05 14:00:00,65625.57546125002
2017-02-05 14:30:00,65625.57546125002
2017-02-05 15:00:00,62575.690846666665
2017-02-05 15:30:00,61726.21375
2017-02-05 16:00:00,61229.44191666666
2017-02-05 16:30:00,59668.243036666674
2017-02-05 17:00:00,60439.62512333334
2017-02-05 17:30:00,66468.93798333334
2017-02-05 18:00:00,82123.53292
2017-02-05 18:30:00,86091.82897666667
2017-02-05 19:00:00,86999.36502875
2017-02-05 19:30:00,86999.36502875
2017-02-05 20:00:00,88269.25939749998
2017-02-05 20:30:00,88269.25939749998
2017-02-05 21:00:00,87071.30187
2017-02-05 21:30:00,85244.13060333334
2017-02-05 22:00:00,84053.78288333333
2017-02-05 22:30:00,79421.40833666666
2017-02-05 23:00:00,74919.78517333332
2017-02-05 23:30:00,69829.43945666667
2017-02-06 00:00:00,63982.110420000005
2017-02-06 00:30:00,59884.65102666666
2017-02-06 01:00:00,56101.78171333333
2017-02-06 01:30:00,53575.73695
2017-02-06 02:00:00,51650.72287666667
2017-02-06 02:30:00,50108.61835666667
2017-02-06 03:00:00,49367.352113333334
2017-02-06 03:30:00,48966.992003333326
2017-02-06 04:00:00,48924.870383333335
2017-02-06 04:30:00,48699.504393333336
2017-02-06 05:00:00,49440.53960333334
2017-02-06 05:30:00,51804.99113
2017-02-06 06:00:00,52661.63252000001
2017-02-06 06:30:00,50400.042669999995
2017-02-06 07:00:00,44991.98772999999
2017-02-06 07:30:00,44113.953836666675
2017-02-06 08:00:00,47330.58608
2017-02-06 08:30:00,51164.61612
2017-02-06 09:00:00,55225.78622
2017-02-06 09:30:00,59354.12069
2017-02-06 10:00:00,63077.66968666667
2017-02-06 10:30:00,66031.57924333333
2017-02-06 11:00:00,68368.56655999999
2017-02-06 11:30:00,70201.36098
2017-02-06 12:00:00,70897.93535666667
2017-02-06 12:30:00,71804.53889333333
2017-02-06 13:00:00,70979.83123666667
2017-02-06 13:30:00,70420.26707
2017-02-06 14:00:00,70327.37875999999
2017-02-06 14:30:00,69909.61885666667
2017-02-06 15:00:00,69588.36069
2017-02-06 15:30:00,68887.23381
2017-02-06 16:00:00,67511.38857666666
2017-02-06 16:30:00,66507.15690333334
2017-02-06 17:00:00,66012.41416333335
2017-02-06 17:30:00,71749.43456666668
2017-02-06 18:00:00,87057.56648
2017-02-06 18:30:00,92163.81382
2017-02-06 19:00:00,92224.60986333335
2017-02-06 19:30:00,91340.96701666666
2017-02-06 20:00:00,91608.43078666668
2017-02-06 20:30:00,91839.56755333334
2017-02-06 21:00:00,90256.73766333335
2017-02-06 21:30:00,87692.96360999999
2017-02-06 22:00:00,84617.5036
2017-02-06 22:30:00,81076.6208
2017-02-06 23:00:00,75329.90356333333
2017-02-06 23:30:00,69986.62430333333
2017-02-07 00:00:00,64148.78146666667
2017-02-07 00:30:00,59543.08110333333
2017-02-07 01:00:00,56028.9867
2017-02-07 01:30:00,53603.98957
2017-02-07 02:00:00,51934.26935333334
2017-02-07 02:30:00,50904.14942
2017-02-07 03:00:00,49869.18848666667
2017-02-07 03:30:00,49383.81605666666
2017-02-07 04:00:00,49406.31526666667
2017-02-07 04:30:00,49408.51915
2017-02-07 05:00:00,49994.19284999999
2017-02-07 05:30:00,52062.30850000001
2017-02-07 06:00:00,53013.60741
2017-02-07 06:30:00,51036.82278333334
2017-02-07 07:00:00,45601.660873333334
2017-02-07 07:30:00,44638.973406666664
2017-02-07 08:00:00,47849.69239666667
2017-02-07 08:30:00,51759.80567333333
2017-02-07 09:00:00,56144.41828666666
2017-02-07 09:30:00,60092.984743333334
2017-02-07 10:00:00,63174.79084
2017-02-07 10:30:00,66257.34959
2017-02-07 11:00:00,68433.75065666667
2017-02-07 11:30:00,70031.44879666666
2017-02-07 12:00:00,71099.02253333334
2017-02-07 12:30:00,71928.59023333334
2017-02-07 13:00:00,71560.62649333333
2017-02-07 13:30:00,71126.70473333333
2017-02-07 14:00:00,70469.67612666666
2017-02-07 14:30:00,70327.70823
2017-02-07 15:00:00,69784.98515000001
2017-02-07 15:30:00,68313.01012666668
2017-02-07 16:00:00,66915.60870666667
2017-02-07 16:30:00,66246.63922
2017-02-07 17:00:00,66706.76562333333
2017-02-07 17:30:00,73752.29631666666
2017-02-07 18:00:00,88564.47502333333
2017-02-07 18:30:00,91632.32261333334
2017-02-07 19:00:00,91292.31921666667
2017-02-07 19:30:00,90969.47231
2017-02-07 20:00:00,91041.47190666666
2017-02-07 20:30:00,91135.42521999999
2017-02-07 21:00:00,90016.75029
2017-02-07 21:30:00,87355.59677
2017-02-07 22:00:00,84670.84547666667
2017-02-07 22:30:00,80980.61635666667
2017-02-07 23:00:00,76401.45908
2017-02-07 23:30:00,71036.29706333333
2017-02-08 00:00:00,65034.315003333344
2017-02-08 00:30:00,60404.226153333344
2017-02-08 01:00:00,56756.945413333335
2017-02-08 01:30:00,53662.07021
2017-02-08 02:00:00,52301.32685666666
2017-02-08 02:30:00,51146.016923333336
2017-02-08 03:00:00,50122.34933333334
2017-02-08 03:30:00,49182.316653333335
2017-02-08 04:00:00,49017.84114
2017-02-08 04:30:00,48897.51015666666
2017-02-08 05:00:00,49797.220843333336
2017-02-08 05:30:00,52522.39493666667
2017-02-08 06:00:00,52737.393370000005
2017-02-08 06:30:00,50566.68289
2017-02-08 07:00:00,45249.86008333333
2017-02-08 07:30:00,44899.96398
2017-02-08 08:00:00,48296.947329999995
2017-02-08 08:30:00,51363.136959999996
2017-02-08 09:00:00,55793.96932333333
2017-02-08 09:30:00,60536.443633333336
2017-02-08 10:00:00,63100.17329
2017-02-08 10:30:00,65332.10475333334
2017-02-08 11:00:00,67926.46709333333
2017-02-08 11:30:00,69784.82247333333
2017-02-08 12:00:00,70645.87484666667
2017-02-08 12:30:00,71241.92117666667
2017-02-08 13:00:00,70954.90035666667
2017-02-08 13:30:00,70792.92638666667
2017-02-08 14:00:00,70008.62942666667
2017-02-08 14:30:00,69076.29923
2017-02-08 15:00:00,69043.60743333334
2017-02-08 15:30:00,68112.10091
2017-02-08 16:00:00,66988.79321
2017-02-08 16:30:00,65766.62204
2017-02-08 17:00:00,66365.16169
2017-02-08 17:30:00,70814.02765666666
2017-02-08 18:00:00,86548.51028333334
2017-02-08 18:30:00,92277.71487333335
2017-02-08 19:00:00,91984.13273666667
2017-02-08 19:30:00,91068.64361333335
2017-02-08 20:00:00,91609.47258666666
2017-02-08 20:30:00,92020.23120666668
2017-02-08 21:00:00,90924.43112666666
2017-02-08 21:30:00,88357.45114666666
2017-02-08 22:00:00,84804.67767666666
2017-02-08 22:30:00,80655.82883666667
2017-02-08 23:00:00,74712.41853333333
2017-02-08 23:30:00,70101.90986
2017-02-09 00:00:00,64907.16581333333
2017-02-09 00:30:00,60492.03503
2017-02-09 01:00:00,56718.31461
2017-02-09 01:30:00,54010.02689333333
2017-02-09 02:00:00,51934.26566333333
2017-02-09 02:30:00,50507.97062
2017-02-09 03:00:00,49920.89738666666
2017-02-09 03:30:00,49219.58233666667
2017-02-09 04:00:00,49860.70645
2017-02-09 04:30:00,50324.43865999999
2017-02-09 05:00:00,50335.73867
2017-02-09 05:30:00,53149.78920333333
2017-02-09 06:00:00,52929.03539333333
2017-02-09 06:30:00,49867.66821333333
2017-02-09 07:00:00,44826.05174333334
2017-02-09 07:30:00,44847.86325333334
2017-02-09 08:00:00,48054.20545666667
2017-02-09 08:30:00,51994.19972666667
2017-02-09 09:00:00,55536.46539333334
2017-02-09 09:30:00,59635.19166666667
2017-02-09 10:00:00,62673.92509333333
2017-02-09 10:30:00,66266.70383
2017-02-09 11:00:00,68016.61825666665
2017-02-09 11:30:00,69451.30180666667
2017-02-09 12:00:00,70588.65902666666
2017-02-09 12:30:00,71199.26951333333
2017-02-09 13:00:00,70832.39937666665
2017-02-09 13:30:00,70739.50843
2017-02-09 14:00:00,70722.40918999999
2017-02-09 14:30:00,70052.47686666666
2017-02-09 15:00:00,69360.92728
2017-02-09 15:30:00,68523.9543
2017-02-09 16:00:00,67807.27166333333
2017-02-09 16:30:00,67036.67886333333
2017-02-09 17:00:00,67450.79978
2017-02-09 17:30:00,73510.2771
2017-02-09 18:00:00,88199.55235333333
2017-02-09 18:30:00,92282.02417666667
2017-02-09 19:00:00,91718.29413333333
2017-02-09 19:30:00,91325.54465333333
2017-02-09 20:00:00,91673.71811999999
2017-02-09 20:30:00,92028.46093333334
2017-02-09 21:00:00,90934.35712
2017-02-09 21:30:00,88134.77760333334
2017-02-09 22:00:00,85643.76509
2017-02-09 22:30:00,81961.40105333333
2017-02-09 23:00:00,76529.59898333333
2017-02-09 23:30:00,70932.38168666667
2017-02-10 00:00:00,65352.799473333325
2017-02-10 00:30:00,60957.72760666666
2017-02-10 01:00:00,56999.85636666667
2017-02-10 01:30:00,54311.84183333333
2017-02-10 02:00:00,52169.86123666667
2017-02-10 02:30:00,50908.74953333333
2017-02-10 03:00:00,49873.32743666667
2017-02-10 03:30:00,49089.56702333334
2017-02-10 04:00:00,48985.76727333333
2017-02-10 04:30:00,49223.88413
2017-02-10 05:00:00,49773.250276666666
2017-02-10 05:30:00,52431.11850333333
2017-02-10 06:00:00,52896.348159999994
2017-02-10 06:30:00,50096.77719
2017-02-10 07:00:00,45813.98540666667
2017-02-10 07:30:00,45962.572909999995
2017-02-10 08:00:00,48814.7647
2017-02-10 08:30:00,52749.59460333333
2017-02-10 09:00:00,53523.77977999999
2017-02-10 09:30:00,56379.158293333334
2017-02-10 10:00:00,61470.08209
2017-02-10 10:30:00,64720.19279666667
2017-02-10 11:00:00,66764.04411999999
2017-02-10 11:30:00,67950.27830333333
2017-02-10 12:00:00,69196.82833
2017-02-10 12:30:00,68269.42549333333
2017-02-10 13:00:00,68264.02973666666
2017-02-10 13:30:00,69637.08897
2017-02-10 14:00:00,70282.70046000001
2017-02-10 14:30:00,70353.75313000001
2017-02-10 15:00:00,71876.96818666667
2017-02-10 15:30:00,72708.60184666667
2017-02-10 16:00:00,73314.49840666667
2017-02-10 16:30:00,73825.08640333333
2017-02-10 17:00:00,75277.69448333334
2017-02-10 17:30:00,80456.43925666666
2017-02-10 18:00:00,92451.10636666667
2017-02-10 18:30:00,95335.39625666667
2017-02-10 19:00:00,94014.20964333334
2017-02-10 19:30:00,93261.95335000001
2017-02-10 20:00:00,93161.60763
2017-02-10 20:30:00,93217.47992
2017-02-10 21:00:00,91340.45406666666
2017-02-10 21:30:00,87989.65136333334
2017-02-10 22:00:00,84773.83907333332
2017-02-10 22:30:00,81252.11439
2017-02-10 23:00:00,77303.05291333333
2017-02-10 23:30:00,71917.26170666667
2017-02-11 00:00:00,65921.21694666667
2017-02-11 00:30:00,61185.17518
2017-02-11 01:00:00,57401.66999333334
2017-02-11 01:30:00,54976.477340000005
2017-02-11 02:00:00,52729.30549666667
2017-02-11 02:30:00,51461.0993
2017-02-11 03:00:00,50308.624690000004
2017-02-11 03:30:00,49559.80639666666
2017-02-11 04:00:00,49294.74642666667
2017-02-11 04:30:00,49367.51451333333
2017-02-11 05:00:00,49959.60632
2017-02-11 05:30:00,52719.759110000006
2017-02-11 06:00:00,52648.48583666667
2017-02-11 06:30:00,49076.871843333334
2017-02-11 07:00:00,43646.846852333336
2017-02-11 07:30:00,43214.26491066667
2017-02-11 08:00:00,45858.80577
2017-02-11 08:30:00,49604.926653333336
2017-02-11 09:00:00,53207.006513333334
2017-02-11 09:30:00,57780.42484
2017-02-11 10:00:00,61952.78922666667
2017-02-11 10:30:00,65823.49780333333
2017-02-11 11:00:00,68484.7512
2017-02-11 11:30:00,70198.92257333333
2017-02-11 12:00:00,71566.38374666667
2017-02-11 12:30:00,71934.61937333333
2017-02-11 13:00:00,71765.90612666667
2017-02-11 13:30:00,72290.43180666667
2017-02-11 14:00:00,72307.95203333333
2017-02-11 14:30:00,71891.76460666668
2017-02-11 15:00:00,70153.16917
2017-02-11 15:30:00,70170.02114333333
2017-02-11 16:00:00,71528.48929
2017-02-11 16:30:00,70601.24707333333
2017-02-11 17:00:00,71907.62775
2017-02-11 17:30:00,74633.82378666666
2017-02-11 18:00:00,88424.51847333333
2017-02-11 18:30:00,94409.54574000002
2017-02-11 19:00:00,94516.86843333334
2017-02-11 19:30:00,94404.76707
2017-02-11 20:00:00,93282.35615
2017-02-11 20:30:00,92756.22866333333
2017-02-11 21:00:00,90594.48928666668
2017-02-11 21:30:00,88558.01771333332
2017-02-11 22:00:00,85992.16204666666
2017-02-11 22:30:00,83026.94675
2017-02-11 23:00:00,78088.63503
2017-02-11 23:30:00,72852.43456333333
2017-02-12 00:00:00,67172.22149333333
2017-02-12 00:30:00,62710.88905
2017-02-12 01:00:00,58493.278099999996
2017-02-12 01:30:00,55123.90008666667
2017-02-12 02:00:00,52408.09684333333
2017-02-12 02:30:00,50501.346836666664
2017-02-12 03:00:00,49421.29376
2017-02-12 03:30:00,48632.38973
2017-02-12 04:00:00,48145.7868
2017-02-12 04:30:00,48061.98934
2017-02-12 05:00:00,48551.53731666666
2017-02-12 05:30:00,50974.382783333334
2017-02-12 06:00:00,49782.071540000004
2017-02-12 06:30:00,46243.50624333334
2017-02-12 07:00:00,40041.76840666667
2017-02-12 07:30:00,39291.948640333336
2017-02-12 08:00:00,40187.624176666664
2017-02-12 08:30:00,42511.30193
2017-02-12 09:00:00,45994.881473333335
2017-02-12 09:30:00,49558.08160666667
2017-02-12 10:00:00,53824.91085666666
2017-02-12 10:30:00,57334.425526666666
2017-02-12 11:00:00,60522.870573333326
2017-02-12 11:30:00,62664.79913333334
2017-02-12 12:00:00,65538.77022333333
2017-02-12 12:30:00,68411.98344666667
2017-02-12 13:00:00,70419.79156
2017-02-12 13:30:00,70448.02291333333
2017-02-12 14:00:00,70905.54067999999
2017-02-12 14:30:00,70510.55479666666
2017-02-12 15:00:00,69397.04809000001
2017-02-12 15:30:00,68357.92302666667
2017-02-12 16:00:00,67816.40893333334
2017-02-12 16:30:00,68485.03915000001
2017-02-12 17:00:00,71178.6143
2017-02-12 17:30:00,75904.90113333333
2017-02-12 18:00:00,89087.73995999999
2017-02-12 18:30:00,93839.59976666667
2017-02-12 19:00:00,94467.47749666666
2017-02-12 19:30:00,95047.64739333333
2017-02-12 20:00:00,95893.39999666666
2017-02-12 20:30:00,95647.44709333334
2017-02-12 21:00:00,91008.09744
2017-02-12 21:30:00,89069.93332666667
2017-02-12 22:00:00,86813.19424333335
2017-02-12 22:30:00,81009.63942666668
2017-02-12 23:00:00,74571.82671
2017-02-12 23:30:00,68496.93497666666
2017-02-13 00:00:00,63468.61531333334
2017-02-13 00:30:00,59145.39751666667
2017-02-13 01:00:00,55823.56370333334
2017-02-13 01:30:00,53666.740413333326
2017-02-13 02:00:00,52043.32161666666
2017-02-13 02:30:00,51064.39022666666
2017-02-13 03:00:00,49908.62348666667
2017-02-13 03:30:00,49736.74705666667
2017-02-13 04:00:00,49729.706053333335
2017-02-13 04:30:00,49957.75617333333
2017-02-13 05:00:00,50934.50377333333
2017-02-13 05:30:00,53553.41403666666
2017-02-13 06:00:00,53434.793873333336
2017-02-13 06:30:00,52043.49199666667
2017-02-13 07:00:00,51076.05021666666
2017-02-13 07:30:00,50894.396143333324
2017-02-13 08:00:00,52370.32810666666
2017-02-13 08:30:00,55636.05632333333
2017-02-13 09:00:00,59411.48337333333
2017-02-13 09:30:00,62881.2909
2017-02-13 10:00:00,66359.04974333334
2017-02-13 10:30:00,69095.39661666668
2017-02-13 11:00:00,71070.37243
2017-02-13 11:30:00,73303.28751333333
2017-02-13 12:00:00,74556.44234666666
2017-02-13 12:30:00,78675.48218333333
2017-02-13 13:00:00,80435.79286
2017-02-13 13:30:00,77157.02482666667
2017-02-13 14:00:00,75161.11022333334
2017-02-13 14:30:00,74983.80516666667
2017-02-13 15:00:00,74590.55502333333
2017-02-13 15:30:00,74363.63087
2017-02-13 16:00:00,73369.25117
2017-02-13 16:30:00,72153.84821000001
2017-02-13 17:00:00,71148.37090333334
2017-02-13 17:30:00,75650.65327
2017-02-13 18:00:00,89949.39134333334
2017-02-13 18:30:00,96370.9583
2017-02-13 19:00:00,96088.27201999999
2017-02-13 19:30:00,95465.53052999999
2017-02-13 20:00:00,95343.98855666666
2017-02-13 20:30:00,95428.89302
2017-02-13 21:00:00,93586.59933333332
2017-02-13 21:30:00,90747.38091666666
2017-02-13 22:00:00,86899.40518333334
2017-02-13 22:30:00,81565.59544333334
2017-02-13 23:00:00,75177.62754999999
2017-02-13 23:30:00,69100.45559333333
2017-02-14 00:00:00,64402.45187333333
2017-02-14 00:30:00,59911.387736666664
2017-02-14 01:00:00,56534.93994333333
2017-02-14 01:30:00,53972.44378
2017-02-14 02:00:00,51933.472160000005
2017-02-14 02:30:00,50857.85959666667
2017-02-14 03:00:00,49647.02277666667
2017-02-14 03:30:00,49468.22827666666
2017-02-14 04:00:00,49419.37233666666
2017-02-14 04:30:00,49731.440050000005
2017-02-14 05:00:00,50670.16524333333
2017-02-14 05:30:00,53636.06110666667
2017-02-14 06:00:00,53212.00627333333
2017-02-14 06:30:00,52358.210693333334
2017-02-14 07:00:00,50551.17154666667
2017-02-14 07:30:00,50394.72294666667
2017-02-14 08:00:00,52305.17001666666
2017-02-14 08:30:00,53429.026673333334
2017-02-14 09:00:00,57217.26213333334
2017-02-14 09:30:00,60420.27683333333
2017-02-14 10:00:00,62802.57881666667
2017-02-14 10:30:00,65331.174686666665
2017-02-14 11:00:00,67543.95351
2017-02-14 11:30:00,69216.23563333333
2017-02-14 12:00:00,70186.11498333333
2017-02-14 12:30:00,71362.16338
2017-02-14 13:00:00,71206.72356333333
2017-02-14 13:30:00,70833.07725
2017-02-14 14:00:00,70180.25160333334
2017-02-14 14:30:00,69758.66209
2017-02-14 15:00:00,66936.43439999998
2017-02-14 15:30:00,67416.55423
2017-02-14 16:00:00,67348.23489
2017-02-14 16:30:00,66815.10652333334
2017-02-14 17:00:00,65770.17167666667
2017-02-14 17:30:00,70380.76285
2017-02-14 18:00:00,86738.60010333335
2017-02-14 18:30:00,94016.87261333333
2017-02-14 19:00:00,93787.45793666667
2017-02-14 19:30:00,92641.46503666666
2017-02-14 20:00:00,92433.76785
2017-02-14 20:30:00,92794.20374999999
2017-02-14 21:00:00,91307.25923000001
2017-02-14 21:30:00,89180.06181
2017-02-14 22:00:00,86549.42592333333
2017-02-14 22:30:00,81286.79423333333
2017-02-14 23:00:00,76058.45121000001
2017-02-14 23:30:00,69885.88759333333
2017-02-15 00:00:00,64263.66949
2017-02-15 00:30:00,59613.97630666666
2017-02-15 01:00:00,55925.78018666667
2017-02-15 01:30:00,53794.768116666666
2017-02-15 02:00:00,51295.406879999995
2017-02-15 02:30:00,50739.06627
2017-02-15 03:00:00,49650.507000000005
2017-02-15 03:30:00,49328.200253333336
2017-02-15 04:00:00,49680.19479
2017-02-15 04:30:00,49677.814000000006
2017-02-15 05:00:00,50230.762813333335
2017-02-15 05:30:00,53062.09844333333
2017-02-15 06:00:00,53325.22209333334
2017-02-15 06:30:00,52270.28194666666
2017-02-15 07:00:00,50874.84611666666
2017-02-15 07:30:00,50223.692780000005
2017-02-15 08:00:00,52734.148870000005
2017-02-15 08:30:00,56454.94915
2017-02-15 09:00:00,58012.28014333334
2017-02-15 09:30:00,60617.691159999995
2017-02-15 10:00:00,63157.413016666665
2017-02-15 10:30:00,66741.87057
2017-02-15 11:00:00,68777.44105000001
2017-02-15 11:30:00,70364.63073333334
2017-02-15 12:00:00,72378.25299000001
2017-02-15 12:30:00,74963.19366333332
2017-02-15 13:00:00,75176.59334333334
2017-02-15 13:30:00,74324.46605666667
2017-02-15 14:00:00,74347.93468333333
2017-02-15 14:30:00,73669.52863666666
2017-02-15 15:00:00,74232.56278333334
2017-02-15 15:30:00,73572.19567
2017-02-15 16:00:00,72962.95334000001
2017-02-15 16:30:00,72289.653
2017-02-15 17:00:00,72944.50474666666
2017-02-15 17:30:00,78095.17310666667
2017-02-15 18:00:00,90525.05872666667
2017-02-15 18:30:00,94621.7464
2017-02-15 19:00:00,94194.41334000001
2017-02-15 19:30:00,94694.91279333334
2017-02-15 20:00:00,94889.43913666667
2017-02-15 20:30:00,95343.82896333333
2017-02-15 21:00:00,92691.40478333332
2017-02-15 21:30:00,88614.44301666667
2017-02-15 22:00:00,85634.96820333334
2017-02-15 22:30:00,80475.58921333333
2017-02-15 23:00:00,74604.64183
2017-02-15 23:30:00,68656.25952
2017-02-16 00:00:00,63342.669416666664
2017-02-16 00:30:00,59024.07369
2017-02-16 01:00:00,55920.216413333335
2017-02-16 01:30:00,53413.946273333335
2017-02-16 02:00:00,51663.01246333334
2017-02-16 02:30:00,50289.35730333333
2017-02-16 03:00:00,49627.32806666667
2017-02-16 03:30:00,49085.781233333335
2017-02-16 04:00:00,49614.111783333334
2017-02-16 04:30:00,50063.15888
2017-02-16 05:00:00,50796.34618
2017-02-16 05:30:00,53461.97540999999
2017-02-16 06:00:00,53330.52524333334
2017-02-16 06:30:00,51509.05429333333
2017-02-16 07:00:00,50914.501736666665
2017-02-16 07:30:00,51604.166399999995
2017-02-16 08:00:00,53889.93762666667
2017-02-16 08:30:00,57307.01689
2017-02-16 09:00:00,61631.211953333324
2017-02-16 09:30:00,64689.75455333333
2017-02-16 10:00:00,66539.81581666665
2017-02-16 10:30:00,69149.15835333333
2017-02-16 11:00:00,71179.59312333334
2017-02-16 11:30:00,72994.58766333334
2017-02-16 12:00:00,74672.49452
2017-02-16 12:30:00,75943.73635
2017-02-16 13:00:00,75493.47645333334
2017-02-16 13:30:00,74902.35275333333
2017-02-16 14:00:00,74444.57791
2017-02-16 14:30:00,73878.06130666666
2017-02-16 15:00:00,74442.61609666666
2017-02-16 15:30:00,73138.27635666665
2017-02-16 16:00:00,71686.519
2017-02-16 16:30:00,70950.12598333333
2017-02-16 17:00:00,70747.35570666667
2017-02-16 17:30:00,76655.74683666667
2017-02-16 18:00:00,89476.71962333332
2017-02-16 18:30:00,95641.76592666667
2017-02-16 19:00:00,95581.32353333333
2017-02-16 19:30:00,94345.97216333332
2017-02-16 20:00:00,95257.68210333334
2017-02-16 20:30:00,95549.70462666666
2017-02-16 21:00:00,94056.09036333334
2017-02-16 21:30:00,91163.13270999999
2017-02-16 22:00:00,87332.57848333333
2017-02-16 22:30:00,82758.77471666667
2017-02-16 23:00:00,75839.63285333333
2017-02-16 23:30:00,70171.24801
2017-02-17 00:00:00,64097.09415666666
2017-02-17 00:30:00,60036.672569999995
2017-02-17 01:00:00,56254.46307333334
2017-02-17 01:30:00,54056.57703666666
2017-02-17 02:00:00,52346.064463333336
2017-02-17 02:30:00,50654.01665333333
2017-02-17 03:00:00,49987.481576666665
2017-02-17 03:30:00,49283.53718666666
2017-02-17 04:00:00,49307.38442333334
2017-02-17 04:30:00,49799.803779999995
2017-02-17 05:00:00,50491.02936666666
2017-02-17 05:30:00,53415.90387
2017-02-17 06:00:00,53274.18579333334
2017-02-17 06:30:00,51496.27409333334
2017-02-17 07:00:00,50700.52966666667
2017-02-17 07:30:00,51257.88778
2017-02-17 08:00:00,52450.559603333335
2017-02-17 08:30:00,55588.27787333333
2017-02-17 09:00:00,58884.95060666666
2017-02-17 09:30:00,62612.65777
2017-02-17 10:00:00,65795.97249
2017-02-17 10:30:00,68627.01391
2017-02-17 11:00:00,71049.34387333333
2017-02-17 11:30:00,72206.60023
2017-02-17 12:00:00,72224.83985666667
2017-02-17 12:30:00,71349.18774333333
2017-02-17 13:00:00,71216.96620000001
2017-02-17 13:30:00,72345.94624333332
2017-02-17 14:00:00,72026.94586
2017-02-17 14:30:00,71435.24512333334
2017-02-17 15:00:00,70825.89907333333
2017-02-17 15:30:00,70578.22047666665
2017-02-17 16:00:00,69772.86773333333
2017-02-17 16:30:00,69448.42884333333
2017-02-17 17:00:00,70203.29194333333
2017-02-17 17:30:00,74772.32589333334
2017-02-17 18:00:00,87339.60153
2017-02-17 18:30:00,93603.30684333334
2017-02-17 19:00:00,93298.61042666667
2017-02-17 19:30:00,92819.44568666666
2017-02-17 20:00:00,93222.93376666667
2017-02-17 20:30:00,92908.79339666666
2017-02-17 21:00:00,92071.08483666666
2017-02-17 21:30:00,89155.96759999999
2017-02-17 22:00:00,86003.41006333333
2017-02-17 22:30:00,81611.211
2017-02-17 23:00:00,76870.19123333333
2017-02-17 23:30:00,70942.76879333334
2017-02-18 00:00:00,64858.42726333334
2017-02-18 00:30:00,60286.99218333333
2017-02-18 01:00:00,56530.034713333334
2017-02-18 01:30:00,54083.19049
2017-02-18 02:00:00,51716.94175333334
2017-02-18 02:30:00,50710.96462666666
2017-02-18 03:00:00,49616.73315666666
2017-02-18 03:30:00,49051.37572666667
2017-02-18 04:00:00,48826.19350666667
2017-02-18 04:30:00,49172.68989333333
2017-02-18 05:00:00,50169.43756333333
2017-02-18 05:30:00,51432.76939333333
2017-02-18 06:00:00,51017.830996666664
2017-02-18 06:30:00,48729.62829666666
2017-02-18 07:00:00,45686.27015333334
2017-02-18 07:30:00,45802.493389999996
2017-02-18 08:00:00,48323.116486666666
2017-02-18 08:30:00,51997.291853333336
2017-02-18 09:00:00,56557.778106666665
2017-02-18 09:30:00,60759.900303333336
2017-02-18 10:00:00,64918.19680333333
2017-02-18 10:30:00,68329.85311000001
2017-02-18 11:00:00,70268.99156
2017-02-18 11:30:00,71121.61309666667
2017-02-18 12:00:00,71838.44713333332
2017-02-18 12:30:00,72290.37319
2017-02-18 13:00:00,72553.77132666667
2017-02-18 13:30:00,71950.02913333334
2017-02-18 14:00:00,71824.68303333333
2017-02-18 14:30:00,71230.56005999999
2017-02-18 15:00:00,70688.25981
2017-02-18 15:30:00,69134.96329666667
2017-02-18 16:00:00,67096.86069
2017-02-18 16:30:00,66238.71370000001
2017-02-18 17:00:00,66496.44359333334
2017-02-18 17:30:00,70106.82185
2017-02-18 18:00:00,84248.65517
2017-02-18 18:30:00,92473.51959666667
2017-02-18 19:00:00,92633.59426333335
2017-02-18 19:30:00,92793.10239333333
2017-02-18 20:00:00,92638.70298333334
2017-02-18 20:30:00,92502.71949333332
2017-02-18 21:00:00,91319.07787333334
2017-02-18 21:30:00,88669.01808666666
2017-02-18 22:00:00,86084.34624
2017-02-18 22:30:00,82208.47899333334
2017-02-18 23:00:00,77580.76112333333
2017-02-18 23:30:00,72867.75952666666
2017-02-19 00:00:00,67105.34561333332
2017-02-19 00:30:00,61871.36231666667
2017-02-19 01:00:00,58056.02712333333
2017-02-19 01:30:00,54552.5748
2017-02-19 02:00:00,51938.37414666667
2017-02-19 02:30:00,50204.639083333335
2017-02-19 03:00:00,49171.26439
2017-02-19 03:30:00,48792.91314
2017-02-19 04:00:00,48344.189516666665
2017-02-19 04:30:00,48115.21135333334
2017-02-19 05:00:00,48971.590136666666
2017-02-19 05:30:00,51698.64526333334
2017-02-19 06:00:00,50749.96187333334
2017-02-19 06:30:00,46085.09618999999
2017-02-19 07:00:00,40445.577549999995
2017-02-19 07:30:00,40592.236196666665
2017-02-19 08:00:00,42532.61599
2017-02-19 08:30:00,45242.38280666666
2017-02-19 09:00:00,49244.68530333333
2017-02-19 09:30:00,53070.24214333333
2017-02-19 10:00:00,57022.98856
2017-02-19 10:30:00,61230.20187
2017-02-19 11:00:00,65558.95789
2017-02-19 11:30:00,66650.01151666667
2017-02-19 12:00:00,68347.69587
2017-02-19 12:30:00,69459.04353333334
2017-02-19 13:00:00,71851.27630666667
2017-02-19 13:30:00,73915.46023000001
2017-02-19 14:00:00,74664.87406333334
2017-02-19 14:30:00,73988.29073333334
2017-02-19 15:00:00,73636.15816
2017-02-19 15:30:00,72688.47299
2017-02-19 16:00:00,72089.25399333333
2017-02-19 16:30:00,71140.34204999999
2017-02-19 17:00:00,71890.92993666667
2017-02-19 17:30:00,75517.82804000001
2017-02-19 18:00:00,88321.50111999999
2017-02-19 18:30:00,94286.41183
2017-02-19 19:00:00,94598.27229333333
2017-02-19 19:30:00,94247.93533000001
2017-02-19 20:00:00,94535.44993
2017-02-19 20:30:00,93809.97057
2017-02-19 21:00:00,92286.56115333333
2017-02-19 21:30:00,89417.31826666667
2017-02-19 22:00:00,86067.95124000001
2017-02-19 22:30:00,80638.11220999999
2017-02-19 23:00:00,74595.51878666667
2017-02-19 23:30:00,68480.59432999999
2017-02-20 00:00:00,62723.57717333333
2017-02-20 00:30:00,58369.32063666666
2017-02-20 01:00:00,55306.56893000001
2017-02-20 01:30:00,52861.95441666667
2017-02-20 02:00:00,51094.251096666674
2017-02-20 02:30:00,49664.9863
2017-02-20 03:00:00,48604.99315333334
2017-02-20 03:30:00,48093.20253
2017-02-20 04:00:00,47902.310886666666
2017-02-20 04:30:00,48662.54087333334
2017-02-20 05:00:00,49455.47829
2017-02-20 05:30:00,52843.83546
2017-02-20 06:00:00,52486.596703333336
2017-02-20 06:30:00,50041.01113
2017-02-20 07:00:00,49798.07041666666
2017-02-20 07:30:00,50856.35122666667
2017-02-20 08:00:00,52822.32994333332
2017-02-20 08:30:00,56000.26749666667
2017-02-20 09:00:00,59282.47732333333
2017-02-20 09:30:00,63081.83162333333
2017-02-20 10:00:00,66538.55255333334
2017-02-20 10:30:00,70076.38661666667
2017-02-20 11:00:00,73129.51009666665
2017-02-20 11:30:00,75277.01528333333
2017-02-20 12:00:00,77658.37241999999
2017-02-20 12:30:00,79683.12832
2017-02-20 13:00:00,79464.06388333334
2017-02-20 13:30:00,79272.49825666666
2017-02-20 14:00:00,78229.35999333333
2017-02-20 14:30:00,77623.15807333332
2017-02-20 15:00:00,77542.54740666666
2017-02-20 15:30:00,77171.98332666667
2017-02-20 16:00:00,77380.67327333333
2017-02-20 16:30:00,76866.41145666667
2017-02-20 17:00:00,78589.84657
2017-02-20 17:30:00,82308.34616
2017-02-20 18:00:00,91843.61471333333
2017-02-20 18:30:00,97723.23457666667
2017-02-20 19:00:00,96869.03158
2017-02-20 19:30:00,95369.92971
2017-02-20 20:00:00,96195.66303333333
2017-02-20 20:30:00,95763.49549666668
2017-02-20 21:00:00,93801.26123666669
2017-02-20 21:30:00,90052.43727333333
2017-02-20 22:00:00,85234.10882333334
2017-02-20 22:30:00,80031.56113333334
2017-02-20 23:00:00,73042.0861
2017-02-20 23:30:00,67358.62745666667
2017-02-21 00:00:00,61957.909933333336
2017-02-21 00:30:00,58217.73463666666
2017-02-21 01:00:00,54790.06779
2017-02-21 01:30:00,52304.80047666666
2017-02-21 02:00:00,50516.9148
2017-02-21 02:30:00,48616.458415833324
2017-02-21 03:00:00,48122.01657666667
2017-02-21 03:30:00,48050.843850000005
2017-02-21 04:00:00,48230.149730000005
2017-02-21 04:30:00,48166.32957333333
2017-02-21 05:00:00,49275.67410333333
2017-02-21 05:30:00,52180.25496
2017-02-21 06:00:00,51421.81078
2017-02-21 06:30:00,49004.77278666667
2017-02-21 07:00:00,48862.597446666674
2017-02-21 07:30:00,49719.56915999999
2017-02-21 08:00:00,51676.39698666666
2017-02-21 08:30:00,54199.05614666666
2017-02-21 09:00:00,58124.39368333333
2017-02-21 09:30:00,61899.96518666667
2017-02-21 10:00:00,65199.984326666665
2017-02-21 10:30:00,68428.15067333334
2017-02-21 11:00:00,71580.35069666668
2017-02-21 11:30:00,74085.58087666666
2017-02-21 12:00:00,75792.30407666667
2017-02-21 12:30:00,78268.01569
2017-02-21 13:00:00,78535.51774666666
2017-02-21 13:30:00,78238.77295
2017-02-21 14:00:00,77551.91104333334
2017-02-21 14:30:00,77518.18402666667
2017-02-21 15:00:00,77407.81696666667
2017-02-21 15:30:00,76507.35674666667
2017-02-21 16:00:00,75378.66632333334
2017-02-21 16:30:00,75108.5001
2017-02-21 17:00:00,76430.02519
2017-02-21 17:30:00,80929.09750666667
2017-02-21 18:00:00,89769.99244
2017-02-21 18:30:00,96117.22870666666
2017-02-21 19:00:00,96127.67709333333
2017-02-21 19:30:00,94807.54259333335
2017-02-21 20:00:00,95322.85896
2017-02-21 20:30:00,94937.84689666667
2017-02-21 21:00:00,92625.04559666668
2017-02-21 21:30:00,89712.13918666665
2017-02-21 22:00:00,85994.24796666666
2017-02-21 22:30:00,81140.69390999999
2017-02-21 23:00:00,74246.65541333334
2017-02-21 23:30:00,69373.02421
2017-02-22 00:00:00,63347.95793999999
2017-02-22 00:30:00,57924.32977666667
2017-02-22 01:00:00,53853.83361333333
2017-02-22 01:30:00,50454.88944416668
2017-02-22 02:00:00,49598.51528666667
2017-02-22 02:30:00,48871.40595958333
2017-02-22 03:00:00,48582.35464666667
2017-02-22 03:30:00,47881.719786249996
2017-02-22 04:00:00,47912.93076333334
2017-02-22 04:30:00,48290.419976666664
2017-02-22 05:00:00,49365.59763999999
2017-02-22 05:30:00,52322.941086666666
2017-02-22 06:00:00,51328.54752
2017-02-22 06:30:00,49093.76745666666
2017-02-22 07:00:00,48914.28166
2017-02-22 07:30:00,50495.11361666667
2017-02-22 08:00:00,52006.64836
2017-02-22 08:30:00,56196.742659999996
2017-02-22 09:00:00,58716.91625
2017-02-22 09:30:00,62868.48885
2017-02-22 10:00:00,65175.15882666667
2017-02-22 10:30:00,68448.27716333333
2017-02-22 11:00:00,70979.00980666667
2017-02-22 11:30:00,72277.28087333334
2017-02-22 12:00:00,74519.23420333334
2017-02-22 12:30:00,76518.07679333333
2017-02-22 13:00:00,76296.06419666666
2017-02-22 13:30:00,75102.14553333333
2017-02-22 14:00:00,74595.17531
2017-02-22 14:30:00,74489.92633666667
2017-02-22 15:00:00,74028.34940666666
2017-02-22 15:30:00,72771.31463
2017-02-22 16:00:00,72288.85187666667
2017-02-22 16:30:00,72159.59185666667
2017-02-22 17:00:00,72233.10686
2017-02-22 17:30:00,76143.4542
2017-02-22 18:00:00,87961.58645666666
2017-02-22 18:30:00,96417.26308
2017-02-22 19:00:00,96152.55721666665
2017-02-22 19:30:00,94451.93111666666
2017-02-22 20:00:00,95545.30889333335
2017-02-22 20:30:00,96059.53521333332
2017-02-22 21:00:00,94438.77852
2017-02-22 21:30:00,91334.33000999999
2017-02-22 22:00:00,87335.93029
2017-02-22 22:30:00,82090.37660666667
2017-02-22 23:00:00,74976.76971666666
2017-02-22 23:30:00,68710.48776333332
2017-02-23 00:00:00,64716.82924666667
2017-02-23 00:30:00,60254.32535
2017-02-23 01:00:00,56358.85545
2017-02-23 01:30:00,53804.71769666667
2017-02-23 02:00:00,51510.03494666666
2017-02-23 02:30:00,50538.022170000004
2017-02-23 03:00:00,49759.05260333334
2017-02-23 03:30:00,48745.30988000001
2017-02-23 04:00:00,48161.79872
2017-02-23 04:30:00,48955.32349333334
2017-02-23 05:00:00,50446.06950333333
2017-02-23 05:30:00,53313.82532333333
2017-02-23 06:00:00,52161.92113666667
2017-02-23 06:30:00,48963.01531333334
2017-02-23 07:00:00,48259.83172666666
2017-02-23 07:30:00,49222.823013333335
2017-02-23 08:00:00,51983.863156666666
2017-02-23 08:30:00,55700.751886666665
2017-02-23 09:00:00,60010.61595000001
2017-02-23 09:30:00,63032.54196
2017-02-23 10:00:00,65299.29548666667
2017-02-23 10:30:00,68933.13506
2017-02-23 11:00:00,71227.87108
2017-02-23 11:30:00,72749.97207333332
2017-02-23 12:00:00,74235.41062666666
2017-02-23 12:30:00,75271.55606
2017-02-23 13:00:00,75192.73093666666
2017-02-23 13:30:00,74106.88404666667
2017-02-23 14:00:00,74248.84650333333
2017-02-23 14:30:00,74240.42589333333
2017-02-23 15:00:00,73770.04745333333
2017-02-23 15:30:00,73424.07278333332
2017-02-23 16:00:00,72035.34678333333
2017-02-23 16:30:00,70507.99939333333
2017-02-23 17:00:00,69160.63900333333
2017-02-23 17:30:00,73358.30215666666
2017-02-23 18:00:00,86194.75427666666
2017-02-23 18:30:00,96276.03426666667
2017-02-23 19:00:00,97095.57577666668
2017-02-23 19:30:00,95940.30324666666
2017-02-23 20:00:00,96749.00277333333
2017-02-23 20:30:00,96733.47760333332
2017-02-23 21:00:00,95202.94252666668
2017-02-23 21:30:00,92775.6051
2017-02-23 22:00:00,88499.04054333334
2017-02-23 22:30:00,84201.46729666667
2017-02-23 23:00:00,78090.62824333333
2017-02-23 23:30:00,71109.68512
2017-02-24 00:00:00,65824.48149333334
2017-02-24 00:30:00,60978.54932333333
2017-02-24 01:00:00,57201.13499
2017-02-24 01:30:00,54252.33189666666
2017-02-24 02:00:00,52502.665603333335
2017-02-24 02:30:00,51618.78112666667
2017-02-24 03:00:00,50362.92670333333
2017-02-24 03:30:00,50124.58350666667
2017-02-24 04:00:00,49833.90142333333
2017-02-24 04:30:00,50098.629649999995
2017-02-24 05:00:00,51434.39432
2017-02-24 05:30:00,53937.15818
2017-02-24 06:00:00,53061.445433333334
2017-02-24 06:30:00,49669.27062333334
2017-02-24 07:00:00,49121.04715666667
2017-02-24 07:30:00,49812.19878333333
2017-02-24 08:00:00,52250.55390666667
2017-02-24 08:30:00,55332.67154666667
2017-02-24 09:00:00,59454.81429666667
2017-02-24 09:30:00,62314.82556666667
2017-02-24 10:00:00,65009.855370000005
2017-02-24 10:30:00,67808.57406333333
2017-02-24 11:00:00,69966.20478
2017-02-24 11:30:00,69130.01822666667
2017-02-24 12:00:00,70308.95999666666
2017-02-24 12:30:00,70128.44517
2017-02-24 13:00:00,70480.31225666666
2017-02-24 13:30:00,71737.21891
2017-02-24 14:00:00,70448.88081333334
2017-02-24 14:30:00,69160.41536333333
2017-02-24 15:00:00,68902.72701666667
2017-02-24 15:30:00,68507.50180333333
2017-02-24 16:00:00,67384.27993333332
2017-02-24 16:30:00,66379.78933
2017-02-24 17:00:00,65475.83086666666
2017-02-24 17:30:00,68358.15736333333
2017-02-24 18:00:00,83022.28270666667
2017-02-24 18:30:00,93190.12861333333
2017-02-24 19:00:00,94102.31883666666
2017-02-24 19:30:00,93676.39359666668
2017-02-24 20:00:00,94483.72275999999
2017-02-24 20:30:00,94625.31888333334
2017-02-24 21:00:00,92846.81515333334
2017-02-24 21:30:00,89798.78664666666
2017-02-24 22:00:00,85280.97122
2017-02-24 22:30:00,81217.59432666667
2017-02-24 23:00:00,75684.46072
2017-02-24 23:30:00,69479.32081666666
2017-02-25 00:00:00,64235.67034333333
2017-02-25 00:30:00,59832.67634666667
2017-02-25 01:00:00,55813.59779
2017-02-25 01:30:00,53017.17304
2017-02-25 02:00:00,51492.66749
2017-02-25 02:30:00,50019.61195666667
2017-02-25 03:00:00,49201.076096666664
2017-02-25 03:30:00,48524.23196333333
2017-02-25 04:00:00,48032.20370666666
2017-02-25 04:30:00,48147.357690000004
2017-02-25 05:00:00,49423.61910333334
2017-02-25 05:30:00,51720.703069999996
2017-02-25 06:00:00,50104.08098
2017-02-25 06:30:00,45371.297496666666
2017-02-25 07:00:00,43419.04574
2017-02-25 07:30:00,44274.97447666666
2017-02-25 08:00:00,47386.254466666665
2017-02-25 08:30:00,50866.13109666666
2017-02-25 09:00:00,55430.802930000005
2017-02-25 09:30:00,60588.34042666666
2017-02-25 10:00:00,64263.34423333334
2017-02-25 10:30:00,67466.16301333334
2017-02-25 11:00:00,69508.76857
2017-02-25 11:30:00,70624.66973000001
2017-02-25 12:00:00,71869.30903666666
2017-02-25 12:30:00,72901.69868666667
2017-02-25 13:00:00,72872.06642666667
2017-02-25 13:30:00,71935.19605000001
2017-02-25 14:00:00,71181.57349333333
2017-02-25 14:30:00,70180.42103333333
2017-02-25 15:00:00,69743.56464
2017-02-25 15:30:00,68190.18590333335
2017-02-25 16:00:00,66561.74555666668
2017-02-25 16:30:00,65673.58271
2017-02-25 17:00:00,64322.631839999995
2017-02-25 17:30:00,66781.54827333333
2017-02-25 18:00:00,78289.5387525
2017-02-25 18:30:00,90569.16544000001
2017-02-25 19:00:00,92115.19403999999
2017-02-25 19:30:00,92929.53729000001
2017-02-25 20:00:00,92401.14158
2017-02-25 20:30:00,92057.96393333333
2017-02-25 21:00:00,90845.62001
2017-02-25 21:30:00,88545.31009666667
2017-02-25 22:00:00,86508.81874333334
2017-02-25 22:30:00,83528.98662333335
2017-02-25 23:00:00,78593.91596
2017-02-25 23:30:00,72927.28243
2017-02-26 00:00:00,67622.62509666667
2017-02-26 00:30:00,62501.27961666667
2017-02-26 01:00:00,58773.21232666667
2017-02-26 01:30:00,55351.944350000005
2017-02-26 02:00:00,52736.96258
2017-02-26 02:30:00,51170.12825666667
2017-02-26 03:00:00,49925.19676333334
2017-02-26 03:30:00,49063.67673666667
2017-02-26 04:00:00,48825.02888333334
2017-02-26 04:30:00,49089.21609666666
2017-02-26 05:00:00,50052.715950000005
2017-02-26 05:30:00,51999.59784333333
2017-02-26 06:00:00,49735.335503333336
2017-02-26 06:30:00,44456.88489166667
2017-02-26 07:00:00,40225.825769333336
2017-02-26 07:30:00,41219.90628666667
2017-02-26 08:00:00,42709.0338
2017-02-26 08:30:00,46447.31063666667
2017-02-26 09:00:00,49363.19164333333
2017-02-26 09:30:00,54079.08182333334
2017-02-26 10:00:00,58916.48909333333
2017-02-26 10:30:00,61624.987400000005
2017-02-26 11:00:00,64334.59168333333
2017-02-26 11:30:00,66204.13696999999
2017-02-26 12:00:00,66935.66865
2017-02-26 12:30:00,67831.43117666667
2017-02-26 13:00:00,68488.4367
2017-02-26 13:30:00,68097.95471333334
2017-02-26 14:00:00,67402.17304666666
2017-02-26 14:30:00,66376.80156333333
2017-02-26 15:00:00,65897.46277333333
2017-02-26 15:30:00,64888.90941
2017-02-26 16:00:00,63871.87274333333
2017-02-26 16:30:00,62517.43294666667
2017-02-26 17:00:00,62728.670986666664
2017-02-26 17:30:00,66169.62819333334
2017-02-26 18:00:00,78038.79008583333
2017-02-26 18:30:00,88556.82278
2017-02-26 19:00:00,90965.02332666668
2017-02-26 19:30:00,91238.57966666667
2017-02-26 20:00:00,91844.62881666666
2017-02-26 20:30:00,92724.25361
2017-02-26 21:00:00,91351.73710333335
2017-02-26 21:30:00,89267.78309
2017-02-26 22:00:00,86800.06884666666
2017-02-26 22:30:00,81935.87512
2017-02-26 23:00:00,76282.89984333333
2017-02-26 23:30:00,70416.56193000001
2017-02-27 00:00:00,64422.51457333334
2017-02-27 00:30:00,59776.69188
2017-02-27 01:00:00,56229.90523666667
2017-02-27 01:30:00,53806.80267333333
2017-02-27 02:00:00,52312.94628333333
2017-02-27 02:30:00,50723.47488666667
2017-02-27 03:00:00,49623.38772
2017-02-27 03:30:00,49114.589766666664
2017-02-27 04:00:00,49677.81038333333
2017-02-27 04:30:00,49889.525183333324
2017-02-27 05:00:00,51541.56203
2017-02-27 05:30:00,53220.65532
2017-02-27 06:00:00,51809.403653333335
2017-02-27 06:30:00,48308.11236666667
2017-02-27 07:00:00,48487.48032
2017-02-27 07:30:00,49904.220096666664
2017-02-27 08:00:00,52028.99357333333
2017-02-27 08:30:00,55567.08573
2017-02-27 09:00:00,58962.36165666667
2017-02-27 09:30:00,61766.464213333325
2017-02-27 10:00:00,64564.64219666666
2017-02-27 10:30:00,67478.64021333333
2017-02-27 11:00:00,69479.00544
2017-02-27 11:30:00,71200.73642
2017-02-27 12:00:00,72049.60851666667
2017-02-27 12:30:00,73229.42336333334
2017-02-27 13:00:00,73229.12029666668
2017-02-27 13:30:00,72809.83163333334
2017-02-27 14:00:00,72559.23276666667
2017-02-27 14:30:00,72174.31502666666
2017-02-27 15:00:00,71674.80415666667
2017-02-27 15:30:00,70376.00520999999
2017-02-27 16:00:00,69096.57887333333
2017-02-27 16:30:00,68222.65773666666
2017-02-27 17:00:00,66549.65405666667
2017-02-27 17:30:00,69214.33439666667
2017-02-27 18:00:00,83585.76227333331
2017-02-27 18:30:00,94453.95156
2017-02-27 19:00:00,95177.38192
2017-02-27 19:30:00,94648.93061666666
2017-02-27 20:00:00,94610.06428666667
2017-02-27 20:30:00,95094.85610333334
2017-02-27 21:00:00,92965.97351333335
2017-02-27 21:30:00,90490.99614333334
2017-02-27 22:00:00,86357.92413
2017-02-27 22:30:00,80831.35916333333
2017-02-27 23:00:00,74747.39630666666
2017-02-27 23:30:00,68646.89969666667
2017-02-28 00:00:00,63574.702613333335
2017-02-28 00:30:00,59154.24278000001
2017-02-28 01:00:00,55947.70524666667
2017-02-28 01:30:00,53234.042420000005
2017-02-28 02:00:00,51855.876229999994
2017-02-28 02:30:00,50796.27286
2017-02-28 03:00:00,49990.895483333334
2017-02-28 03:30:00,49585.444363333336
2017-02-28 04:00:00,49394.79508333333
2017-02-28 04:30:00,49866.72133333334
2017-02-28 05:00:00,51791.14730666667
2017-02-28 05:30:00,53926.40479333333
2017-02-28 06:00:00,51806.13079333332
2017-02-28 06:30:00,47967.84346874999
2017-02-28 07:00:00,48530.75667333333
2017-02-28 07:30:00,49538.00761333333
2017-02-28 08:00:00,52063.494686666665
2017-02-28 08:30:00,55130.91810666667
2017-02-28 09:00:00,57575.39818
2017-02-28 09:30:00,61801.217273333335
2017-02-28 10:00:00,64692.31013
2017-02-28 10:30:00,67457.66288333334
2017-02-28 11:00:00,69340.71424333334
2017-02-28 11:30:00,70773.36939333333
2017-02-28 12:00:00,71840.332
2017-02-28 12:30:00,72921.97814
2017-02-28 13:00:00,72627.56023666666
2017-02-28 13:30:00,72027.53130333334
2017-02-28 14:00:00,70749.82325
2017-02-28 14:30:00,70412.10138666666
2017-02-28 15:00:00,69796.26155
2017-02-28 15:30:00,69914.36210666667
2017-02-28 16:00:00,68499.26227
2017-02-28 16:30:00,67898.25392
2017-02-28 17:00:00,67070.40967666666
2017-02-28 17:30:00,69572.84665666666
2017-02-28 18:00:00,82291.7945033333
2017-02-28 18:30:00,93020.50099666667
2017-02-28 19:00:00,94773.78217666666
2017-02-28 19:30:00,94313.57967333333
2017-02-28 20:00:00,94564.92122
2017-02-28 20:30:00,94215.84108333335
2017-02-28 21:00:00,92551.30800333332
2017-02-28 21:30:00,90134.72094000001
2017-02-28 22:00:00,85740.93661333334
2017-02-28 22:30:00,80467.75474666666
2017-02-28 23:00:00,74158.12600666667
2017-02-28 23:30:00,68245.18578666667
2017-03-01 00:00:00,63395.38112
2017-03-01 00:30:00,59507.10886
2017-03-01 01:00:00,55788.452079999995
2017-03-01 01:30:00,53352.28023
2017-03-01 02:00:00,51681.75264666666
2017-03-01 02:30:00,50881.33348
2017-03-01 03:00:00,50070.240893333335
2017-03-01 03:30:00,49228.98742666666
2017-03-01 04:00:00,49126.998576666665
2017-03-01 04:30:00,49820.31172666667
2017-03-01 05:00:00,51759.69154333333
2017-03-01 05:30:00,52805.76888333333
2017-03-01 06:00:00,51478.55382666667
2017-03-01 06:30:00,48276.20047666667
2017-03-01 07:00:00,48786.972030000004
2017-03-01 07:30:00,50002.34049
2017-03-01 08:00:00,52051.615249999995
2017-03-01 08:30:00,55752.24048666667
2017-03-01 09:00:00,59703.16922666667
2017-03-01 09:30:00,63083.83702
2017-03-01 10:00:00,65450.39212
2017-03-01 10:30:00,67733.93237000001
2017-03-01 11:00:00,69812.17195
2017-03-01 11:30:00,70396.6166
2017-03-01 12:00:00,71515.36481333333
2017-03-01 12:30:00,72466.21491
2017-03-01 13:00:00,72543.86038333333
2017-03-01 13:30:00,72026.57308333332
2017-03-01 14:00:00,70941.10945666667
2017-03-01 14:30:00,70532.01874666667
2017-03-01 15:00:00,70147.20384666667
2017-03-01 15:30:00,69225.65826666667
2017-03-01 16:00:00,68019.37891
2017-03-01 16:30:00,67643.35580666667
2017-03-01 17:00:00,66397.18044333333
2017-03-01 17:30:00,67758.78303
2017-03-01 18:00:00,78060.67489333333
2017-03-01 18:30:00,92459.42468
2017-03-01 19:00:00,94881.31975333334
2017-03-01 19:30:00,93939.84287666668
2017-03-01 20:00:00,94456.78048999999
2017-03-01 20:30:00,94232.93219
2017-03-01 21:00:00,92587.82968666666
2017-03-01 21:30:00,90389.30997666666
2017-03-01 22:00:00,87060.50852333334
2017-03-01 22:30:00,82160.45683
2017-03-01 23:00:00,75730.41659333334
2017-03-01 23:30:00,69278.38857
2017-03-02 00:00:00,63993.41824666667
2017-03-02 00:30:00,59194.81356666667
2017-03-02 01:00:00,56077.05512333333
2017-03-02 01:30:00,53771.58966666667
2017-03-02 02:00:00,52121.85443
2017-03-02 02:30:00,50922.52634333333
2017-03-02 03:00:00,50204.59407
2017-03-02 03:30:00,49615.862766666665
2017-03-02 04:00:00,49505.97338333333
2017-03-02 04:30:00,49945.488463333335
2017-03-02 05:00:00,51837.29012333334
2017-03-02 05:30:00,53094.91602333333
2017-03-02 06:00:00,51251.27970666666
2017-03-02 06:30:00,47587.613703333336
2017-03-02 07:00:00,48864.102113333334
2017-03-02 07:30:00,50119.79510333333
2017-03-02 08:00:00,52702.10995333333
2017-03-02 08:30:00,55639.78938
2017-03-02 09:00:00,59170.01416666667
2017-03-02 09:30:00,62445.869856666664
2017-03-02 10:00:00,65349.440373333324
2017-03-02 10:30:00,68098.63629000001
2017-03-02 11:00:00,69758.52015
2017-03-02 11:30:00,70832.58727666667
2017-03-02 12:00:00,71736.86348
2017-03-02 12:30:00,73157.27542333334
2017-03-02 13:00:00,73361.56144666667
2017-03-02 13:30:00,71834.71590666666
2017-03-02 14:00:00,71070.60445333333
2017-03-02 14:30:00,70720.15029
2017-03-02 15:00:00,70398.00696666667
2017-03-02 15:30:00,69937.46167666667
2017-03-02 16:00:00,69319.00353
2017-03-02 16:30:00,68236.64763333333
2017-03-02 17:00:00,67169.59217666667
2017-03-02 17:30:00,67865.98550333333
2017-03-02 18:00:00,78639.24325
2017-03-02 18:30:00,93733.52358
2017-03-02 19:00:00,96060.44100333333
2017-03-02 19:30:00,95193.52635666665
2017-03-02 20:00:00,95535.67584333332
2017-03-02 20:30:00,95783.05030666666
2017-03-02 21:00:00,94176.17500666667
2017-03-02 21:30:00,90947.28490000001
2017-03-02 22:00:00,86877.22711333334
2017-03-02 22:30:00,82162.35221
2017-03-02 23:00:00,76407.91868
2017-03-02 23:30:00,70123.18814
2017-03-03 00:00:00,64775.747696666665
2017-03-03 00:30:00,60198.39342666667
2017-03-03 01:00:00,56822.684199999996
2017-03-03 01:30:00,53942.50045999999
2017-03-03 02:00:00,52568.59866333334
2017-03-03 02:30:00,51690.140680000004
2017-03-03 03:00:00,50751.19096
2017-03-03 03:30:00,50006.58650666667
2017-03-03 04:00:00,49980.84638
2017-03-03 04:30:00,50222.926223333336
2017-03-03 05:00:00,52260.67810666666
2017-03-03 05:30:00,53647.09841333333
2017-03-03 06:00:00,51456.013653333335
2017-03-03 06:30:00,47421.20146666667
2017-03-03 07:00:00,48248.77687666666
2017-03-03 07:30:00,49462.50849666667
2017-03-03 08:00:00,51719.69399666667
2017-03-03 08:30:00,55655.79386
2017-03-03 09:00:00,58622.12035666666
2017-03-03 09:30:00,62449.51681333333
2017-03-03 10:00:00,65681.68672666667
2017-03-03 10:30:00,69411.42280666665
2017-03-03 11:00:00,72956.61717333333
2017-03-03 11:30:00,73641.41406333334
2017-03-03 12:00:00,73004.85631999999
2017-03-03 12:30:00,71303.76343
2017-03-03 13:00:00,71699.49575
2017-03-03 13:30:00,73320.87309333334
2017-03-03 14:00:00,72573.94676666668
2017-03-03 14:30:00,71714.14025
2017-03-03 15:00:00,70577.18415666667
2017-03-03 15:30:00,69422.32314666668
2017-03-03 16:00:00,68478.50551333332
2017-03-03 16:30:00,67769.46585666666
2017-03-03 17:00:00,67864.93473000001
2017-03-03 17:30:00,69717.80393666668
2017-03-03 18:00:00,80104.95933333332
2017-03-03 18:30:00,92870.06541666666
2017-03-03 19:00:00,94335.71860333334
2017-03-03 19:30:00,93728.29047
2017-03-03 20:00:00,93785.35466999999
2017-03-03 20:30:00,93968.74895
2017-03-03 21:00:00,91584.19097
2017-03-03 21:30:00,88390.37848999999
2017-03-03 22:00:00,84825.53087999999
2017-03-03 22:30:00,80690.18728666667
2017-03-03 23:00:00,75411.22942
2017-03-03 23:30:00,68924.37755333334
2017-03-04 00:00:00,63647.35902333333
2017-03-04 00:30:00,59123.504160000004
2017-03-04 01:00:00,55711.9542
2017-03-04 01:30:00,53192.956260000006
2017-03-04 02:00:00,51471.55286999999
2017-03-04 02:30:00,50338.603136666665
2017-03-04 03:00:00,49339.571280000004
2017-03-04 03:30:00,48846.809546666664
2017-03-04 04:00:00,48455.78824
2017-03-04 04:30:00,48874.620213333335
2017-03-04 05:00:00,50709.17431
2017-03-04 05:30:00,51235.72657333334
2017-03-04 06:00:00,49015.097546666664
2017-03-04 06:30:00,44033.64223
2017-03-04 07:00:00,43573.164403333336
2017-03-04 07:30:00,44543.87964
2017-03-04 08:00:00,47806.55928666666
2017-03-04 08:30:00,52118.72002
2017-03-04 09:00:00,56393.40174
2017-03-04 09:30:00,60227.31292333334
2017-03-04 10:00:00,63561.50262000001
2017-03-04 10:30:00,66954.82337333333
2017-03-04 11:00:00,69075.95423333334
2017-03-04 11:30:00,69661.65516333333
2017-03-04 12:00:00,71215.71923666667
2017-03-04 12:30:00,71802.38635666667
2017-03-04 13:00:00,71917.74156666666
2017-03-04 13:30:00,71532.82638666667
2017-03-04 14:00:00,70479.92208666667
2017-03-04 14:30:00,69631.56224666667
2017-03-04 15:00:00,68420.77315333333
2017-03-04 15:30:00,67134.67198
2017-03-04 16:00:00,67141.95108
2017-03-04 16:30:00,66647.01746333334
2017-03-04 17:00:00,66987.20649
2017-03-04 17:30:00,68542.34574333332
2017-03-04 18:00:00,77419.14216999999
2017-03-04 18:30:00,91340.43058666667
2017-03-04 19:00:00,93319.64956333333
2017-03-04 19:30:00,92861.96535
2017-03-04 20:00:00,92602.52403666667
2017-03-04 20:30:00,91765.39508666667
2017-03-04 21:00:00,89954.12789333332
2017-03-04 21:30:00,87373.99073
2017-03-04 22:00:00,85391.35246333333
2017-03-04 22:30:00,82003.84879999999
2017-03-04 23:00:00,77053.53947999999
2017-03-04 23:30:00,72233.97455333333
2017-03-05 00:00:00,66313.20126666666
2017-03-05 00:30:00,61345.81161
2017-03-05 01:00:00,56964.41619333334
2017-03-05 01:30:00,53665.04384666667
2017-03-05 02:00:00,51494.584533333335
2017-03-05 02:30:00,50066.67780333333
2017-03-05 03:00:00,48833.295373333334
2017-03-05 03:30:00,48141.08124
2017-03-05 04:00:00,48098.751293333335
2017-03-05 04:30:00,48179.72710333333
2017-03-05 05:00:00,50059.54952666667
2017-03-05 05:30:00,50445.95471
2017-03-05 06:00:00,47321.57292666667
2017-03-05 06:30:00,41259.34238333333
2017-03-05 07:00:00,39276.045297666664
2017-03-05 07:30:00,40223.60955733334
2017-03-05 08:00:00,42399.32771633333
2017-03-05 08:30:00,45128.18089333333
2017-03-05 09:00:00,49371.438913333324
2017-03-05 09:30:00,53601.86634666667
2017-03-05 10:00:00,57800.305779999995
2017-03-05 10:30:00,61393.27853666667
2017-03-05 11:00:00,63828.54508666667
2017-03-05 11:30:00,65165.22248999999
2017-03-05 12:00:00,65758.98866333334
2017-03-05 12:30:00,66535.55836666666
2017-03-05 13:00:00,66725.46937
2017-03-05 13:30:00,66885.82423
2017-03-05 14:00:00,65908.61248666667
2017-03-05 14:30:00,64896.20570333333
2017-03-05 15:00:00,64324.69441
2017-03-05 15:30:00,63486.09166333333
2017-03-05 16:00:00,62126.51703333333
2017-03-05 16:30:00,61327.573899999996
2017-03-05 17:00:00,60891.183756666665
2017-03-05 17:30:00,60785.643910000006
2017-03-05 18:00:00,68955.70611333333
2017-03-05 18:30:00,84544.33513333333
2017-03-05 19:00:00,88704.23720333334
2017-03-05 19:30:00,89852.66354666666
2017-03-05 20:00:00,91162.86359000001
2017-03-05 20:30:00,91517.18901333334
2017-03-05 21:00:00,90890.64328999999
2017-03-05 21:30:00,88309.99467666667
2017-03-05 22:00:00,86465.55103333334
2017-03-05 22:30:00,81396.33407
2017-03-05 23:00:00,75670.19867333333
2017-03-05 23:30:00,69350.63518333333
2017-03-06 00:00:00,63824.75628333333
2017-03-06 00:30:00,59494.16308666667
2017-03-06 01:00:00,56353.974890000005
2017-03-06 01:30:00,53685.77257333334
2017-03-06 02:00:00,51422.722603333335
2017-03-06 02:30:00,50393.32531000001
2017-03-06 03:00:00,49722.22589
2017-03-06 03:30:00,49482.49764666666
2017-03-06 04:00:00,49446.52633666666
2017-03-06 04:30:00,50214.21152666666
2017-03-06 05:00:00,52465.24358333333
2017-03-06 05:30:00,52590.99995
2017-03-06 06:00:00,50564.166059999996
2017-03-06 06:30:00,46985.84374666666
2017-03-06 07:00:00,48747.44724333333
2017-03-06 07:30:00,50140.216916666664
2017-03-06 08:00:00,53237.340513333336
2017-03-06 08:30:00,57016.357026666665
2017-03-06 09:00:00,60285.93558333333
2017-03-06 09:30:00,62836.632203333334
2017-03-06 10:00:00,66232.46477
2017-03-06 10:30:00,69169.25690666668
2017-03-06 11:00:00,70963.44386
2017-03-06 11:30:00,72383.13165666668
2017-03-06 12:00:00,73729.04698999999
2017-03-06 12:30:00,74458.1522
2017-03-06 13:00:00,73575.80341000001
2017-03-06 13:30:00,73370.78172333333
2017-03-06 14:00:00,72547.39461
2017-03-06 14:30:00,71857.61488333333
2017-03-06 15:00:00,71509.15941333334
2017-03-06 15:30:00,70935.24107666667
2017-03-06 16:00:00,70150.37347333333
2017-03-06 16:30:00,69248.47150333333
2017-03-06 17:00:00,67895.71827
2017-03-06 17:30:00,68759.60349666666
2017-03-06 18:00:00,78171.49244
2017-03-06 18:30:00,93787.70366333333
2017-03-06 19:00:00,96135.31258666667
2017-03-06 19:30:00,95425.57470333333
2017-03-06 20:00:00,95335.25342333334
2017-03-06 20:30:00,95796.68992333334
2017-03-06 21:00:00,93767.07815666667
2017-03-06 21:30:00,90046.23409
2017-03-06 22:00:00,86151.01615666666
2017-03-06 22:30:00,80970.90874666667
2017-03-06 23:00:00,74750.44284
2017-03-06 23:30:00,68891.00731666667
2017-03-07 00:00:00,63911.61478333333
2017-03-07 00:30:00,60194.226729999995
2017-03-07 01:00:00,56542.57683
2017-03-07 01:30:00,54332.20349000001
2017-03-07 02:00:00,52334.611013333335
2017-03-07 02:30:00,51230.27992666667
2017-03-07 03:00:00,50805.245090000004
2017-03-07 03:30:00,50034.86432666667
2017-03-07 04:00:00,49993.69342333334
2017-03-07 04:30:00,50656.09454666667
2017-03-07 05:00:00,52788.52727333333
2017-03-07 05:30:00,52724.18595333333
2017-03-07 06:00:00,50907.36023333333
2017-03-07 06:30:00,46737.6797
2017-03-07 07:00:00,48295.42939666667
2017-03-07 07:30:00,49834.204529999995
2017-03-07 08:00:00,52992.75256999999
2017-03-07 08:30:00,56323.90930666667
2017-03-07 09:00:00,60492.855956666666
2017-03-07 09:30:00,63369.02241666667
2017-03-07 10:00:00,66330.66441333333
2017-03-07 10:30:00,69166.40735333333
2017-03-07 11:00:00,71750.34166333334
2017-03-07 11:30:00,73520.90346333334
2017-03-07 12:00:00,73685.55310666667
2017-03-07 12:30:00,74173.96571333332
2017-03-07 13:00:00,73716.03194
2017-03-07 13:30:00,73064.02866
2017-03-07 14:00:00,72307.21033999999
2017-03-07 14:30:00,71628.62079333334
2017-03-07 15:00:00,71346.27704999999
2017-03-07 15:30:00,70166.09418333333
2017-03-07 16:00:00,69056.22134333334
2017-03-07 16:30:00,67946.93961666666
2017-03-07 17:00:00,66959.94673666666
2017-03-07 17:30:00,68121.64836333333
2017-03-07 18:00:00,75271.20331333333
2017-03-07 18:30:00,92296.87701333333
2017-03-07 19:00:00,95837.73560333333
2017-03-07 19:30:00,95366.89254333335
2017-03-07 20:00:00,95403.06714333333
2017-03-07 20:30:00,95302.38308
2017-03-07 21:00:00,92708.34062333334
2017-03-07 21:30:00,90051.47101333334
2017-03-07 22:00:00,87333.04173666668
2017-03-07 22:30:00,82380.39693666667
2017-03-07 23:00:00,76766.55998666666
2017-03-07 23:30:00,70131.75603
2017-03-08 00:00:00,64403.73303
2017-03-08 00:30:00,60668.49781333333
2017-03-08 01:00:00,57189.36954000001
2017-03-08 01:30:00,54389.16487333333
2017-03-08 02:00:00,52688.78390333334
2017-03-08 02:30:00,51241.38393
2017-03-08 03:00:00,50565.458393333334
2017-03-08 03:30:00,50101.485576666666
2017-03-08 04:00:00,50473.07809666667
2017-03-08 04:30:00,51226.21811666666
2017-03-08 05:00:00,53459.999963333335
2017-03-08 05:30:00,53288.82290333333
2017-03-08 06:00:00,50506.609873333335
2017-03-08 06:30:00,46412.089193333326
2017-03-08 07:00:00,48414.552356666674
2017-03-08 07:30:00,49928.38227333333
2017-03-08 08:00:00,52695.67149666667
2017-03-08 08:30:00,56768.98274
2017-03-08 09:00:00,60182.00997333333
2017-03-08 09:30:00,63532.63089666667
2017-03-08 10:00:00,66115.32028333333
2017-03-08 10:30:00,68711.53750666667
2017-03-08 11:00:00,70887.59726666666
2017-03-08 11:30:00,72185.0033
2017-03-08 12:00:00,73064.26218666667
2017-03-08 12:30:00,73710.6914
2017-03-08 13:00:00,73523.75938
2017-03-08 13:30:00,72819.18007333334
2017-03-08 14:00:00,72038.00980666667
2017-03-08 14:30:00,71245.92259333334
2017-03-08 15:00:00,70681.99012333334
2017-03-08 15:30:00,69972.75607666666
2017-03-08 16:00:00,68898.64184666667
2017-03-08 16:30:00,67924.44639333333
2017-03-08 17:00:00,67482.91845666667
2017-03-08 17:30:00,68551.42233666667
2017-03-08 18:00:00,75811.10424
2017-03-08 18:30:00,92624.01516666666
2017-03-08 19:00:00,96050.78035666666
2017-03-08 19:30:00,95354.23885000001
2017-03-08 20:00:00,95587.80832666667
2017-03-08 20:30:00,95378.46386333334
2017-03-08 21:00:00,92828.81905666667
2017-03-08 21:30:00,90769.96702333335
2017-03-08 22:00:00,87472.41468
2017-03-08 22:30:00,82865.93505
2017-03-08 23:00:00,76465.96701666668
2017-03-08 23:30:00,70479.98279
2017-03-09 00:00:00,64483.24632666667
2017-03-09 00:30:00,60554.096289999994
2017-03-09 01:00:00,57289.47272333334
2017-03-09 01:30:00,54920.08892
2017-03-09 02:00:00,52961.424732499996
2017-03-09 02:30:00,51796.057516666675
2017-03-09 03:00:00,51332.07623666667
2017-03-09 03:30:00,50702.613893333335
2017-03-09 04:00:00,50406.32043666667
2017-03-09 04:30:00,50861.95701333333
2017-03-09 05:00:00,52635.65405333333
2017-03-09 05:30:00,52712.80888
2017-03-09 06:00:00,50245.03219
2017-03-09 06:30:00,46331.02529666667
2017-03-09 07:00:00,48990.25445333333
2017-03-09 07:30:00,50876.01184666667
2017-03-09 08:00:00,53647.16675
2017-03-09 08:30:00,56967.240573333336
2017-03-09 09:00:00,60423.261863333326
2017-03-09 09:30:00,63190.932349999995
2017-03-09 10:00:00,64779.551933333336
2017-03-09 10:30:00,67455.95999333334
2017-03-09 11:00:00,70318.62507333333
2017-03-09 11:30:00,71890.15528333333
2017-03-09 12:00:00,72545.56921333334
2017-03-09 12:30:00,73167.29702
2017-03-09 13:00:00,73024.37775666667
2017-03-09 13:30:00,72979.15175333334
2017-03-09 14:00:00,72532.13014000001
2017-03-09 14:30:00,72208.62002
2017-03-09 15:00:00,72268.42858333333
2017-03-09 15:30:00,70881.82935333333
2017-03-09 16:00:00,69847.0329
2017-03-09 16:30:00,69074.78520666667
2017-03-09 17:00:00,67969.41958666667
2017-03-09 17:30:00,68885.85502999999
2017-03-09 18:00:00,76452.46872333334
2017-03-09 18:30:00,92518.79732999999
2017-03-09 19:00:00,95862.73566
2017-03-09 19:30:00,95133.75496
2017-03-09 20:00:00,95780.53384
2017-03-09 20:30:00,95781.86313333333
2017-03-09 21:00:00,94001.57574
2017-03-09 21:30:00,91379.76671333333
2017-03-09 22:00:00,87155.86866
2017-03-09 22:30:00,81938.75049666666
2017-03-09 23:00:00,76050.84718333333
2017-03-09 23:30:00,70032.87005
2017-03-10 00:00:00,64703.5433
2017-03-10 00:30:00,60955.577950000006
2017-03-10 01:00:00,57399.98055
2017-03-10 01:30:00,54267.952256666664
2017-03-10 02:00:00,52398.02152666667
2017-03-10 02:30:00,51655.28031333333
2017-03-10 03:00:00,50890.33832
2017-03-10 03:30:00,50807.36146666666
2017-03-10 04:00:00,50637.61202666667
2017-03-10 04:30:00,51057.47242333333
2017-03-10 05:00:00,53708.79840333333
2017-03-10 05:30:00,53238.53755666667
2017-03-10 06:00:00,50409.38058333334
2017-03-10 06:30:00,45875.95848333333
2017-03-10 07:00:00,48402.31477999999
2017-03-10 07:30:00,50088.622696666665
2017-03-10 08:00:00,52230.31989666666
2017-03-10 08:30:00,55697.15998
2017-03-10 09:00:00,59804.57783333334
2017-03-10 09:30:00,63016.729296666665
2017-03-10 10:00:00,66146.66377666667
2017-03-10 10:30:00,68446.08239333333
2017-03-10 11:00:00,70566.74275666666
2017-03-10 11:30:00,71615.24084
2017-03-10 12:00:00,71617.07712333334
2017-03-10 12:30:00,70496.99318666667
2017-03-10 13:00:00,69980.34696
2017-03-10 13:30:00,70694.50471333333
2017-03-10 14:00:00,69898.95378
2017-03-10 14:30:00,68951.23637416666
2017-03-10 15:00:00,68164.03408333333
2017-03-10 15:30:00,67430.19277666666
2017-03-10 16:00:00,66475.03908666667
2017-03-10 16:30:00,65722.10409
2017-03-10 17:00:00,64552.80881666668
2017-03-10 17:30:00,65608.42506666666
2017-03-10 18:00:00,72531.39260666666
2017-03-10 18:30:00,89626.77158
2017-03-10 19:00:00,94454.6774
2017-03-10 19:30:00,93344.91688666667
2017-03-10 20:00:00,94066.16217666666
2017-03-10 20:30:00,94231.40164
2017-03-10 21:00:00,92378.13643333333
2017-03-10 21:30:00,89833.87421666668
2017-03-10 22:00:00,86539.76048333333
2017-03-10 22:30:00,82039.65454999999
2017-03-10 23:00:00,76624.86321333332
2017-03-10 23:30:00,70571.93491000001
2017-03-11 00:00:00,64585.79061333334
2017-03-11 00:30:00,60381.497526666666
2017-03-11 01:00:00,55947.27213666666
2017-03-11 01:30:00,54419.23718999999
2017-03-11 02:00:00,52617.188376666665
2017-03-11 02:30:00,51099.52522333333
2017-03-11 03:00:00,50461.18034
2017-03-11 03:30:00,49570.91658333334
2017-03-11 04:00:00,49714.525846666664
2017-03-11 04:30:00,50221.72640000001
2017-03-11 05:00:00,52898.267843333335
2017-03-11 05:30:00,51889.11546
2017-03-11 06:00:00,48129.79329333333
2017-03-11 06:30:00,43190.8061
2017-03-11 07:00:00,44337.79681
2017-03-11 07:30:00,45851.87277666666
2017-03-11 08:00:00,49267.75345
2017-03-11 08:30:00,53215.865816666665
2017-03-11 09:00:00,58125.3383
2017-03-11 09:30:00,62031.66453333333
2017-03-11 10:00:00,65735.49917666666
2017-03-11 10:30:00,68678.80265000001
2017-03-11 11:00:00,69602.98977333332
2017-03-11 11:30:00,70326.35190333333
2017-03-11 12:00:00,71025.37579333333
2017-03-11 12:30:00,71977.58431
2017-03-11 13:00:00,73361.06289
2017-03-11 13:30:00,73304.53635000001
2017-03-11 14:00:00,72593.37322
2017-03-11 14:30:00,71497.57718000001
2017-03-11 15:00:00,70545.68980666668
2017-03-11 15:30:00,68970.73107
2017-03-11 16:00:00,68269.04859666666
2017-03-11 16:30:00,67250.01677
2017-03-11 17:00:00,65416.123243333335
2017-03-11 17:30:00,67341.17395000001
2017-03-11 18:00:00,74115.43344666668
2017-03-11 18:30:00,89769.64809333334
2017-03-11 19:00:00,93720.72725666668
2017-03-11 19:30:00,93685.03667666666
2017-03-11 20:00:00,93784.09260999999
2017-03-11 20:30:00,93353.56141333334
2017-03-11 21:00:00,91949.34777333333
2017-03-11 21:30:00,88754.71959
2017-03-11 22:00:00,86046.98933000001
2017-03-11 22:30:00,82816.36921666667
2017-03-11 23:00:00,78450.45599666667
2017-03-11 23:30:00,74089.93909666665
2017-03-12 00:00:00,67662.63983666665
2017-03-12 00:30:00,63185.012203333325
2017-03-12 01:00:00,58980.27711333334
2017-03-12 01:30:00,56220.816040000005
2017-03-12 02:00:00,53893.316364166654
2017-03-12 02:30:00,52508.058893333335
2017-03-12 03:00:00,51384.66827
2017-03-12 03:30:00,50812.215410000004
2017-03-12 04:00:00,50573.82185000001
2017-03-12 04:30:00,50714.51074
2017-03-12 05:00:00,52537.3309
2017-03-12 05:30:00,51567.466993333335
2017-03-12 06:00:00,47443.99166333333
2017-03-12 06:30:00,41454.23556333333
2017-03-12 07:00:00,40960.958633333335
2017-03-12 07:30:00,42316.909523333336
2017-03-12 08:00:00,45012.66062666667
2017-03-12 08:30:00,48038.385019999994
2017-03-12 09:00:00,52576.92094
2017-03-12 09:30:00,56544.331079999996
2017-03-12 10:00:00,60246.41167
2017-03-12 10:30:00,63085.163296666666
2017-03-12 11:00:00,65430.54760333333
2017-03-12 11:30:00,66901.45943
2017-03-12 12:00:00,67333.13527666667
2017-03-12 12:30:00,67524.72926333333
2017-03-12 13:00:00,68191.29099333333
2017-03-12 13:30:00,68155.49662333333
2017-03-12 14:00:00,66370.84189
2017-03-12 14:30:00,65335.135440000005
2017-03-12 15:00:00,64277.62853333333
2017-03-12 15:30:00,63141.45741666667
2017-03-12 16:00:00,62526.158793333336
2017-03-12 16:30:00,61563.10464333333
2017-03-12 17:00:00,60773.491036666666
2017-03-12 17:30:00,61719.01685666666
2017-03-12 18:00:00,68056.36714666667
2017-03-12 18:30:00,84793.67283
2017-03-12 19:00:00,90472.2587
2017-03-12 19:30:00,92144.34627666666
2017-03-12 20:00:00,92118.49078
2017-03-12 20:30:00,92752.80934666666
2017-03-12 21:00:00,91306.25806000001
2017-03-12 21:30:00,88744.52088333333
2017-03-12 22:00:00,86099.44299
2017-03-12 22:30:00,80583.60985666666
2017-03-12 23:00:00,74587.15586666667
2017-03-12 23:30:00,68840.79629000001
2017-03-13 00:00:00,63088.77861
2017-03-13 00:30:00,59587.567500000005
2017-03-13 01:00:00,56385.078563333336
2017-03-13 01:30:00,54150.03260666667
2017-03-13 02:00:00,52397.73537
2017-03-13 02:30:00,51362.68821666667
2017-03-13 03:00:00,50772.504409999994
2017-03-13 03:30:00,50585.26377333333
2017-03-13 04:00:00,50898.07673333333
2017-03-13 04:30:00,51431.37174333333
2017-03-13 05:00:00,53833.04056
2017-03-13 05:30:00,52311.475399999996
2017-03-13 06:00:00,49651.300526666666
2017-03-13 06:30:00,46042.98485
2017-03-13 07:00:00,48876.0529
2017-03-13 07:30:00,50116.948990000004
2017-03-13 08:00:00,52261.4518
2017-03-13 08:30:00,55971.59472666667
2017-03-13 09:00:00,59807.45662333333
2017-03-13 09:30:00,63086.66625666667
2017-03-13 10:00:00,65105.90839333334
2017-03-13 10:30:00,68350.19526000001
2017-03-13 11:00:00,69974.65406333334
2017-03-13 11:30:00,71963.98922333332
2017-03-13 12:00:00,72766.27564
2017-03-13 12:30:00,74107.87057
2017-03-13 13:00:00,73454.72162666667
2017-03-13 13:30:00,72419.17211
2017-03-13 14:00:00,71931.48239666667
2017-03-13 14:30:00,71791.15957666667
2017-03-13 15:00:00,71603.43656333334
2017-03-13 15:30:00,70809.74659
2017-03-13 16:00:00,69273.87876666668
2017-03-13 16:30:00,69328.37460333333
2017-03-13 17:00:00,67976.35455333332
2017-03-13 17:30:00,70613.7039525
2017-03-13 18:00:00,78727.27951333334
2017-03-13 18:30:00,92650.86860333332
2017-03-13 19:00:00,95668.43868666666
2017-03-13 19:30:00,95284.32394999999
2017-03-13 20:00:00,95003.21315666666
2017-03-13 20:30:00,95016.72983666667
2017-03-13 21:00:00,92465.58675666666
2017-03-13 21:30:00,89218.76187333332
2017-03-13 22:00:00,84903.41376000001
2017-03-13 22:30:00,79476.29542666666
2017-03-13 23:00:00,72732.33195333334
2017-03-13 23:30:00,67243.80913333334
2017-03-14 00:00:00,62666.84015333333
2017-03-14 00:30:00,58753.15667
2017-03-14 01:00:00,55946.42801
2017-03-14 01:30:00,53562.58694
2017-03-14 02:00:00,51984.66719
2017-03-14 02:30:00,51476.551823333335
2017-03-14 03:00:00,51137.08666
2017-03-14 03:30:00,50741.92460333334
2017-03-14 04:00:00,51408.131140000005
2017-03-14 04:30:00,52422.975073333335
2017-03-14 05:00:00,55026.867306666674
2017-03-14 05:30:00,53457.553746666665
2017-03-14 06:00:00,49347.61997
2017-03-14 06:30:00,45836.64281666667
2017-03-14 07:00:00,48685.30793
2017-03-14 07:30:00,49717.30491666667
2017-03-14 08:00:00,52322.253076666675
2017-03-14 08:30:00,56372.75350666667
2017-03-14 09:00:00,59655.94127333333
2017-03-14 09:30:00,62748.26854333334
2017-03-14 10:00:00,65584.63886333333
2017-03-14 10:30:00,68204.35883666667
2017-03-14 11:00:00,69662.62701666667
2017-03-14 11:30:00,71064.32003333334
2017-03-14 12:00:00,71683.87327333335
2017-03-14 12:30:00,72561.66001333333
2017-03-14 13:00:00,71932.39564333334
2017-03-14 13:30:00,70520.37413666667
2017-03-14 14:00:00,70379.60205
2017-03-14 14:30:00,70023.84575666666
2017-03-14 15:00:00,70061.92400333333
2017-03-14 15:30:00,69686.07774
2017-03-14 16:00:00,69193.15161333334
2017-03-14 16:30:00,69006.51291666667
2017-03-14 17:00:00,69566.71312666667
2017-03-14 17:30:00,71987.87707166665
2017-03-14 18:00:00,83225.96354333333
2017-03-14 18:30:00,95814.23924666666
2017-03-14 19:00:00,97432.38592666667
2017-03-14 19:30:00,96143.04491333333
2017-03-14 20:00:00,96031.12011
2017-03-14 20:30:00,95848.88725666667
2017-03-14 21:00:00,93075.68820333334
2017-03-14 21:30:00,88884.89726666668
2017-03-14 22:00:00,84471.26116333333
2017-03-14 22:30:00,79988.95883666667
2017-03-14 23:00:00,73522.13780333333
2017-03-14 23:30:00,67254.53096333334
2017-03-15 00:00:00,62039.13524333333
2017-03-15 00:30:00,58201.53138
2017-03-15 01:00:00,54961.54982666666
2017-03-15 01:30:00,52795.90719
2017-03-15 02:00:00,51276.58948333334
2017-03-15 02:30:00,50310.18742
2017-03-15 03:00:00,49675.56104333334
2017-03-15 03:30:00,49407.625056666664
2017-03-15 04:00:00,49774.34953
2017-03-15 04:30:00,50866.71051333333
2017-03-15 05:00:00,53410.71932333333
2017-03-15 05:30:00,51922.79665999999
2017-03-15 06:00:00,48266.26335666666
2017-03-15 06:30:00,45672.79013
2017-03-15 07:00:00,49177.528640000004
2017-03-15 07:30:00,50927.77277
2017-03-15 08:00:00,52624.23152
2017-03-15 08:30:00,56585.19815333333
2017-03-15 09:00:00,60286.23245333333
2017-03-15 09:30:00,63293.167213333334
2017-03-15 10:00:00,66335.07083333333
2017-03-15 10:30:00,69620.38850333334
2017-03-15 11:00:00,72928.15950333333
2017-03-15 11:30:00,74486.33329333334
2017-03-15 12:00:00,76188.41545749998
2017-03-15 12:30:00,77045.23846249998
2017-03-15 13:00:00,75792.78416125002
2017-03-15 13:30:00,75792.78416125002
2017-03-15 14:00:00,73903.1077125
2017-03-15 14:30:00,73903.1077125
2017-03-15 15:00:00,73869.49185249998
2017-03-15 15:30:00,73869.49185249998
2017-03-15 16:00:00,72614.08302750002
2017-03-15 16:30:00,72614.08302750002
2017-03-15 17:00:00,72442.06618749996
2017-03-15 17:30:00,72442.06618749996
2017-03-15 18:00:00,81441.04243
2017-03-15 18:30:00,94813.72596666667
2017-03-15 19:00:00,96746.69762333336
2017-03-15 19:30:00,95251.25587333333
2017-03-15 20:00:00,95779.19962000001
2017-03-15 20:30:00,95339.45990333334
2017-03-15 21:00:00,93129.90374333334
2017-03-15 21:30:00,89879.26618333334
2017-03-15 22:00:00,85492.01895333333
2017-03-15 22:30:00,79943.70855333333
2017-03-15 23:00:00,73957.02870333333
2017-03-15 23:30:00,68207.99149666667
2017-03-16 00:00:00,62545.989623333335
2017-03-16 00:30:00,59435.37255
2017-03-16 01:00:00,56107.56405666666
2017-03-16 01:30:00,53845.23176666667
2017-03-16 02:00:00,52201.68086666666
2017-03-16 02:30:00,51304.34625
2017-03-16 03:00:00,50742.85016333333
2017-03-16 03:30:00,50283.026803333334
2017-03-16 04:00:00,50300.85936666667
2017-03-16 04:30:00,51042.357233333336
2017-03-16 05:00:00,53189.59660333333
2017-03-16 05:30:00,51838.71031333334
2017-03-16 06:00:00,47694.77315666666
2017-03-16 06:30:00,45259.46508999999
2017-03-16 07:00:00,49684.72973
2017-03-16 07:30:00,51074.67948
2017-03-16 08:00:00,53150.29733333333
2017-03-16 08:30:00,56626.14828666666
2017-03-16 09:00:00,61122.65343
2017-03-16 09:30:00,64343.883219999996
2017-03-16 10:00:00,67121.71397666667
2017-03-16 10:30:00,70827.42796
2017-03-16 11:00:00,73618.15176666666
2017-03-16 11:30:00,75691.69543333334
2017-03-16 12:00:00,76921.70363499998
2017-03-16 12:30:00,77045.23846249998
2017-03-16 13:00:00,75792.78416125002
2017-03-16 13:30:00,75792.78416125002
2017-03-16 14:00:00,73903.1077125
2017-03-16 14:30:00,73903.1077125
2017-03-16 15:00:00,73869.49185249998
2017-03-16 15:30:00,73869.49185249998
2017-03-16 16:00:00,72614.08302750002
2017-03-16 16:30:00,72614.08302750002
2017-03-16 17:00:00,72442.06618749996
2017-03-16 17:30:00,72442.06618749996
2017-03-16 18:00:00,82683.08884
2017-03-16 18:30:00,93851.56325333333
2017-03-16 19:00:00,96357.86377
2017-03-16 19:30:00,95062.88153333333
2017-03-16 20:00:00,95496.75828999998
2017-03-16 20:30:00,95773.30559
2017-03-16 21:00:00,93767.99855999999
2017-03-16 21:30:00,90622.96988666667
2017-03-16 22:00:00,85448.43745000001
2017-03-16 22:30:00,81027.37107666666
2017-03-16 23:00:00,75579.96012333334
2017-03-16 23:30:00,69651.22684333334
2017-03-17 00:00:00,63958.866830000006
2017-03-17 00:30:00,60137.81465666666
2017-03-17 01:00:00,56275.28456666667
2017-03-17 01:30:00,54030.065520000004
2017-03-17 02:00:00,52209.68713
2017-03-17 02:30:00,50668.27865666667
2017-03-17 03:00:00,49737.76483666667
2017-03-17 03:30:00,49177.68709333334
2017-03-17 04:00:00,49303.097343333335
2017-03-17 04:30:00,50110.60150333333
2017-03-17 05:00:00,52483.711899999995
2017-03-17 05:30:00,51323.28790999999
2017-03-17 06:00:00,47359.846423333336
2017-03-17 06:30:00,45012.083130000006
2017-03-17 07:00:00,48262.69243999999
2017-03-17 07:30:00,49685.770293333335
2017-03-17 08:00:00,51847.049696666676
2017-03-17 08:30:00,55634.33385999999
2017-03-17 09:00:00,59970.91980333333
2017-03-17 09:30:00,63726.36142
2017-03-17 10:00:00,66878.39643666666
2017-03-17 10:30:00,70499.49217333335
2017-03-17 11:00:00,72917.43586333333
2017-03-17 11:30:00,74855.46606
2017-03-17 12:00:00,74491.98590333333
2017-03-17 12:30:00,73117.68237666666
2017-03-17 13:00:00,72367.92888666666
2017-03-17 13:30:00,72596.81242333334
2017-03-17 14:00:00,71625.35788666666
2017-03-17 14:30:00,70090.74512666666
2017-03-17 15:00:00,69181.97636000002
2017-03-17 15:30:00,69012.06451333333
2017-03-17 16:00:00,68277.31195333334
2017-03-17 16:30:00,67750.43480333332
2017-03-17 17:00:00,66384.03515
2017-03-17 17:30:00,67554.73937333333
2017-03-17 18:00:00,73371.16939333333
2017-03-17 18:30:00,88953.42404666667
2017-03-17 19:00:00,93867.38909
2017-03-17 19:30:00,93121.7729
2017-03-17 20:00:00,93519.92383666667
2017-03-17 20:30:00,93693.12366
2017-03-17 21:00:00,91888.75390666666
2017-03-17 21:30:00,89774.35846999999
2017-03-17 22:00:00,86643.34007333334
2017-03-17 22:30:00,81850.24152333334
2017-03-17 23:00:00,76763.64313
2017-03-17 23:30:00,70561.19544333333
2017-03-18 00:00:00,64959.75164
2017-03-18 00:30:00,59923.35694333334
2017-03-18 01:00:00,55809.49354333334
2017-03-18 01:30:00,52863.43284666666
2017-03-18 02:00:00,51111.424713333334
2017-03-18 02:30:00,49767.6646
2017-03-18 03:00:00,49369.19963000001
2017-03-18 03:30:00,48918.50806666666
2017-03-18 04:00:00,49302.596679999995
2017-03-18 04:30:00,50154.12856666666
2017-03-18 05:00:00,52123.52452
2017-03-18 05:30:00,49919.82627
2017-03-18 06:00:00,45122.676803333336
2017-03-18 06:30:00,41253.966786666664
2017-03-18 07:00:00,43114.410130000004
2017-03-18 07:30:00,45242.54013666667
2017-03-18 08:00:00,48265.31061000001
2017-03-18 08:30:00,52947.44483
2017-03-18 09:00:00,57967.765803333335
2017-03-18 09:30:00,61228.85605
2017-03-18 10:00:00,64973.55083
2017-03-18 10:30:00,68232.76756
2017-03-18 11:00:00,70730.42787333333
2017-03-18 11:30:00,71952.43865666667
2017-03-18 12:00:00,72027.82305666666
2017-03-18 12:30:00,72924.87272333333
2017-03-18 13:00:00,73464.97898666667
2017-03-18 13:30:00,73076.18973333333
2017-03-18 14:00:00,71874.76026333333
2017-03-18 14:30:00,70419.31134666667
2017-03-18 15:00:00,69880.36992
2017-03-18 15:30:00,68227.12569999999
2017-03-18 16:00:00,66793.33194
2017-03-18 16:30:00,65875.56476333333
2017-03-18 17:00:00,64917.91519666667
2017-03-18 17:30:00,66061.21007000002
2017-03-18 18:00:00,70825.28597
2017-03-18 18:30:00,86115.84954
2017-03-18 19:00:00,92273.04645333334
2017-03-18 19:30:00,92256.34397666667
2017-03-18 20:00:00,92029.59676333335
2017-03-18 20:30:00,92160.88538333333
2017-03-18 21:00:00,90622.45760666666
2017-03-18 21:30:00,88446.00117666666
2017-03-18 22:00:00,86312.02062666666
2017-03-18 22:30:00,83125.62137666666
2017-03-18 23:00:00,78446.80278333333
2017-03-18 23:30:00,72042.73957333334
2017-03-19 00:00:00,65983.83544000001
2017-03-19 00:30:00,61478.40129
2017-03-19 01:00:00,57988.334370000004
2017-03-19 01:30:00,54372.40397000001
2017-03-19 02:00:00,52505.129153333335
2017-03-19 02:30:00,51351.01334666667
2017-03-19 03:00:00,50559.58648666667
2017-03-19 03:30:00,49681.50138666667
2017-03-19 04:00:00,49112.15752333333
2017-03-19 04:30:00,50011.86407
2017-03-19 05:00:00,51345.06128666666
2017-03-19 05:30:00,49179.05197666667
2017-03-19 06:00:00,43385.86755333333
2017-03-19 06:30:00,39094.055173333334
2017-03-19 07:00:00,39026.822072999996
2017-03-19 07:30:00,40592.08681066667
2017-03-19 08:00:00,42978.79829666667
2017-03-19 08:30:00,46237.788973333336
2017-03-19 09:00:00,50163.15824333334
2017-03-19 09:30:00,54475.77283666667
2017-03-19 10:00:00,58424.53089666666
2017-03-19 10:30:00,62001.06727666667
2017-03-19 11:00:00,64001.01250333333
2017-03-19 11:30:00,64981.30194
2017-03-19 12:00:00,66287.40449333332
2017-03-19 12:30:00,67296.62761000001
2017-03-19 13:00:00,67902.0067
2017-03-19 13:30:00,67662.60515666666
2017-03-19 14:00:00,67033.50094666667
2017-03-19 14:30:00,65968.91802333333
2017-03-19 15:00:00,64867.87518333333
2017-03-19 15:30:00,63770.30356333333
2017-03-19 16:00:00,62833.82784666666
2017-03-19 16:30:00,61793.267223333336
2017-03-19 17:00:00,60745.839966666674
2017-03-19 17:30:00,60950.42184999999
2017-03-19 18:00:00,65031.058073333326
2017-03-19 18:30:00,80869.29886
2017-03-19 19:00:00,88771.64169333332
2017-03-19 19:30:00,90398.67737333332
2017-03-19 20:00:00,90748.14630666666
2017-03-19 20:30:00,91880.89355
2017-03-19 21:00:00,90606.75115999999
2017-03-19 21:30:00,89268.59350333334
2017-03-19 22:00:00,86585.70426666667
2017-03-19 22:30:00,81496.58720666666
2017-03-19 23:00:00,75707.87649333333
2017-03-19 23:30:00,68627.66041
2017-03-20 00:00:00,63106.62493666667
2017-03-20 00:30:00,58846.248459999995
2017-03-20 01:00:00,55021.69657
2017-03-20 01:30:00,53050.28183666667
2017-03-20 02:00:00,51483.544703333326
2017-03-20 02:30:00,50281.445003333334
2017-03-20 03:00:00,49542.22833333333
2017-03-20 03:30:00,49220.25163333333
2017-03-20 04:00:00,49285.12004333333
2017-03-20 04:30:00,50485.07176
2017-03-20 05:00:00,52297.35507
2017-03-20 05:30:00,50057.90223083333
2017-03-20 06:00:00,45102.15307
2017-03-20 06:30:00,43200.27798333333
2017-03-20 07:00:00,46809.29719041667
2017-03-20 07:30:00,48424.16496
2017-03-20 08:00:00,51287.07758666666
2017-03-20 08:30:00,54766.71185666666
2017-03-20 09:00:00,58616.18032333333
2017-03-20 09:30:00,62378.79086666667
2017-03-20 10:00:00,64413.09383
2017-03-20 10:30:00,67523.66606999999
2017-03-20 11:00:00,70221.62900999999
2017-03-20 11:30:00,71522.76692666668
2017-03-20 12:00:00,72768.98314
2017-03-20 12:30:00,73268.68008
2017-03-20 13:00:00,73119.05224666667
2017-03-20 13:30:00,72082.77041
2017-03-20 14:00:00,71418.30389666666
2017-03-20 14:30:00,71296.45616333334
2017-03-20 15:00:00,70896.54766333333
2017-03-20 15:30:00,70642.14406333333
2017-03-20 16:00:00,69217.97576
2017-03-20 16:30:00,67924.30017666666
2017-03-20 17:00:00,66790.94786
2017-03-20 17:30:00,68054.05628
2017-03-20 18:00:00,73325.02543
2017-03-20 18:30:00,88979.99209666667
2017-03-20 19:00:00,95778.02005666668
2017-03-20 19:30:00,95748.5317
2017-03-20 20:00:00,95855.71411666666
2017-03-20 20:30:00,96217.56707
2017-03-20 21:00:00,94371.70567666668
2017-03-20 21:30:00,91246.64351666666
2017-03-20 22:00:00,86742.13161333333
2017-03-20 22:30:00,81411.60798333334
2017-03-20 23:00:00,75360.97460333334
2017-03-20 23:30:00,68903.08995
2017-03-21 00:00:00,63241.496663333346
2017-03-21 00:30:00,59185.490099999995
2017-03-21 01:00:00,56086.700436666666
2017-03-21 01:30:00,53640.725713333326
2017-03-21 02:00:00,51772.81159
2017-03-21 02:30:00,51045.48098999999
2017-03-21 03:00:00,50506.894356666664
2017-03-21 03:30:00,50100.46149666666
2017-03-21 04:00:00,50722.312906666666
2017-03-21 04:30:00,51793.41101666667
2017-03-21 05:00:00,53368.599266666664
2017-03-21 05:30:00,50850.09374333334
2017-03-21 06:00:00,45712.39358999999
2017-03-21 06:30:00,44121.984399999994
2017-03-21 07:00:00,47611.49220666667
2017-03-21 07:30:00,49321.6348
2017-03-21 08:00:00,51386.850490000004
2017-03-21 08:30:00,55209.70523666666
2017-03-21 09:00:00,55511.49188416666
2017-03-21 09:30:00,58455.66224666667
2017-03-21 10:00:00,61391.76508208333
2017-03-21 10:30:00,63787.52471666667
2017-03-21 11:00:00,66718.15559041667
2017-03-21 11:30:00,67875.76851666666
2017-03-21 12:00:00,69401.02164416667
2017-03-21 12:30:00,71235.96548333333
2017-03-21 13:00:00,71068.92133666667
2017-03-21 13:30:00,70656.93784666667
2017-03-21 14:00:00,71059.62673333332
2017-03-21 14:30:00,71247.43244
2017-03-21 15:00:00,71029.11281333334
2017-03-21 15:30:00,70200.21591666667
2017-03-21 16:00:00,68984.99325
2017-03-21 16:30:00,67895.17233666667
2017-03-21 17:00:00,66309.89235666666
2017-03-21 17:30:00,67240.93881666666
2017-03-21 18:00:00,72590.88190333334
2017-03-21 18:30:00,89008.62584
2017-03-21 19:00:00,96273.76319333333
2017-03-21 19:30:00,95751.00782
2017-03-21 20:00:00,95127.50721
2017-03-21 20:30:00,95379.27783333334
2017-03-21 21:00:00,92517.84475333332
2017-03-21 21:30:00,90249.84806333332
2017-03-21 22:00:00,85536.04781
2017-03-21 22:30:00,81177.44409333332
2017-03-21 23:00:00,76126.96894666668
2017-03-21 23:30:00,69701.08833333333
2017-03-22 00:00:00,64347.25021333334
2017-03-22 00:30:00,59818.18025333333
2017-03-22 01:00:00,56258.398713333336
2017-03-22 01:30:00,53258.00060333333
2017-03-22 02:00:00,51926.17139
2017-03-22 02:30:00,50871.84472
2017-03-22 03:00:00,49970.66213666667
2017-03-22 03:30:00,49993.04401333333
2017-03-22 04:00:00,49905.60587333333
2017-03-22 04:30:00,51546.46922666667
2017-03-22 05:00:00,52682.395166666676
2017-03-22 05:30:00,50076.91259083332
2017-03-22 06:00:00,44995.210770000005
2017-03-22 06:30:00,43940.386934
2017-03-22 07:00:00,47910.02109333334
2017-03-22 07:30:00,49646.00813666667
2017-03-22 08:00:00,52692.163413333335
2017-03-22 08:30:00,56211.90271
2017-03-22 09:00:00,59701.14471666666
2017-03-22 09:30:00,62867.680563333335
2017-03-22 10:00:00,65733.94074333333
2017-03-22 10:30:00,68140.59618000001
2017-03-22 11:00:00,70562.67177666667
2017-03-22 11:30:00,72265.01531333332
2017-03-22 12:00:00,73512.81433333333
2017-03-22 12:30:00,73948.65102333332
2017-03-22 13:00:00,73341.44646666666
2017-03-22 13:30:00,72548.91055666667
2017-03-22 14:00:00,71892.55784000001
2017-03-22 14:30:00,71458.94159
2017-03-22 15:00:00,71282.85276666668
2017-03-22 15:30:00,70270.29388666667
2017-03-22 16:00:00,69238.60388
2017-03-22 16:30:00,68748.55697333334
2017-03-22 17:00:00,68332.20279
2017-03-22 17:30:00,69436.12886333333
2017-03-22 18:00:00,74974.97262999999
2017-03-22 18:30:00,88876.37297000001
2017-03-22 19:00:00,96195.41077999999
2017-03-22 19:30:00,94839.29303666666
2017-03-22 20:00:00,95161.65056333334
2017-03-22 20:30:00,95295.16095333332
2017-03-22 21:00:00,93033.96615333333
2017-03-22 21:30:00,90416.26071
2017-03-22 22:00:00,86116.34872666666
2017-03-22 22:30:00,80680.11774666666
2017-03-22 23:00:00,74131.83203
2017-03-22 23:30:00,68379.68294333333
2017-03-23 00:00:00,63340.85498333333
2017-03-23 00:30:00,59583.33478
2017-03-23 01:00:00,56377.96049
2017-03-23 01:30:00,53847.548586666664
2017-03-23 02:00:00,51528.92733666667
2017-03-23 02:30:00,51192.991949999996
2017-03-23 03:00:00,50364.87597666667
2017-03-23 03:30:00,49906.99292333334
2017-03-23 04:00:00,50141.48909333333
2017-03-23 04:30:00,51448.077040000004
2017-03-23 05:00:00,52353.597706666675
2017-03-23 05:30:00,49907.51821416666
2017-03-23 06:00:00,44224.64770333333
2017-03-23 06:30:00,43127.431140333334
2017-03-23 07:00:00,46799.29648533333
2017-03-23 07:30:00,48569.798879999995
2017-03-23 08:00:00,51332.505280000005
2017-03-23 08:30:00,54493.901203333335
2017-03-23 09:00:00,57985.68250333334
2017-03-23 09:30:00,61452.54040333334
2017-03-23 10:00:00,63646.650213333334
2017-03-23 10:30:00,65996.46158666667
2017-03-23 11:00:00,69202.57743
2017-03-23 11:30:00,70819.02318666667
2017-03-23 12:00:00,72767.88412333332
2017-03-23 12:30:00,73659.81375
2017-03-23 13:00:00,72964.00282
2017-03-23 13:30:00,72242.52667666666
2017-03-23 14:00:00,71785.16852
2017-03-23 14:30:00,71278.93680333333
2017-03-23 15:00:00,71178.95683
2017-03-23 15:30:00,70932.43038333334
2017-03-23 16:00:00,69775.69978333333
2017-03-23 16:30:00,69750.59189666666
2017-03-23 17:00:00,68025.05007
2017-03-23 17:30:00,69010.30239
2017-03-23 18:00:00,73773.66486
2017-03-23 18:30:00,88549.27083666668
2017-03-23 19:00:00,96661.90662666666
2017-03-23 19:30:00,95705.79453666667
2017-03-23 20:00:00,95777.21532333332
2017-03-23 20:30:00,96207.03179
2017-03-23 21:00:00,93329.56010333332
2017-03-23 21:30:00,90392.17634
2017-03-23 22:00:00,85636.71693666666
2017-03-23 22:30:00,80543.72171333333
2017-03-23 23:00:00,74787.34536333333
2017-03-23 23:30:00,68857.26333666667
2017-03-24 00:00:00,63251.32326
2017-03-24 00:30:00,59365.66298666666
2017-03-24 01:00:00,55856.705863333336
2017-03-24 01:30:00,53393.33375
2017-03-24 02:00:00,51340.84543666666
2017-03-24 02:30:00,50030.12340666666
2017-03-24 03:00:00,49033.57758333333
2017-03-24 03:30:00,48560.93044416667
2017-03-24 04:00:00,48316.09068833332
2017-03-24 04:30:00,50634.62168666667
2017-03-24 05:00:00,51750.24062333334
2017-03-24 05:30:00,49737.36832083333
2017-03-24 06:00:00,44039.248270000004
2017-03-24 06:30:00,43257.32222666667
2017-03-24 07:00:00,47172.48255000001
2017-03-24 07:30:00,48024.746673333335
2017-03-24 08:00:00,49547.550729999995
2017-03-24 08:30:00,53584.755646666665
2017-03-24 09:00:00,57079.21794
2017-03-24 09:30:00,60947.983803333336
2017-03-24 10:00:00,64303.34961333333
2017-03-24 10:30:00,67133.21944333334
2017-03-24 11:00:00,69514.02410333334
2017-03-24 11:30:00,71460.45128
2017-03-24 12:00:00,71717.18024333334
2017-03-24 12:30:00,70273.14673
2017-03-24 13:00:00,70613.63731
2017-03-24 13:30:00,70072.09749666667
2017-03-24 14:00:00,71124.36523333333
2017-03-24 14:30:00,69939.49532
2017-03-24 15:00:00,68004.96315333333
2017-03-24 15:30:00,67444.36198666667
2017-03-24 16:00:00,67089.21335333334
2017-03-24 16:30:00,65530.45486333334
2017-03-24 17:00:00,64994.00753333333
2017-03-24 17:30:00,66325.51330333333
2017-03-24 18:00:00,71506.15818999999
2017-03-24 18:30:00,85977.76316666666
2017-03-24 19:00:00,94079.88593
2017-03-24 19:30:00,93407.58106
2017-03-24 20:00:00,93972.98093333334
2017-03-24 20:30:00,93669.42541333333
2017-03-24 21:00:00,92381.38162333332
2017-03-24 21:30:00,89169.21546333334
2017-03-24 22:00:00,86128.58469333334
2017-03-24 22:30:00,81740.56300333333
2017-03-24 23:00:00,76111.24469333333
2017-03-24 23:30:00,69471.37174666667
2017-03-25 00:00:00,63444.454333333335
2017-03-25 00:30:00,58659.65144333333
2017-03-25 01:00:00,55345.565330000005
2017-03-25 01:30:00,52571.932969999994
2017-03-25 02:00:00,50785.70464333333
2017-03-25 02:30:00,49123.237253333325
2017-03-25 03:00:00,48191.71226666666
2017-03-25 03:30:00,47690.980763333326
2017-03-25 04:00:00,48319.939803333335
2017-03-25 04:30:00,50072.86492666666
2017-03-25 05:00:00,50597.83846
2017-03-25 05:30:00,47687.12449041667
2017-03-25 06:00:00,41734.66939866667
2017-03-25 06:30:00,40116.393928
2017-03-25 07:00:00,41834.658757666664
2017-03-25 07:30:00,43589.89664466667
2017-03-25 08:00:00,47287.71465333333
2017-03-25 08:30:00,51397.96394666666
2017-03-25 09:00:00,56040.87496666666
2017-03-25 09:30:00,59955.47807666667
2017-03-25 10:00:00,64011.17321
2017-03-25 10:30:00,66822.01761333334
2017-03-25 11:00:00,69310.68433333334
2017-03-25 11:30:00,70035.17066666666
2017-03-25 12:00:00,70970.69635
2017-03-25 12:30:00,71624.91953
2017-03-25 13:00:00,71910.43835666667
2017-03-25 13:30:00,71096.19803
2017-03-25 14:00:00,70027.00976
2017-03-25 14:30:00,69079.36561666666
2017-03-25 15:00:00,67793.17411333333
2017-03-25 15:30:00,66880.51288000001
2017-03-25 16:00:00,65732.69624666667
2017-03-25 16:30:00,64714.015733333326
2017-03-25 17:00:00,63304.57294333333
2017-03-25 17:30:00,63053.83929666667
2017-03-25 18:00:00,66891.35607666666
2017-03-25 18:30:00,80766.44210666667
2017-03-25 19:00:00,90136.70639333333
2017-03-25 19:30:00,90845.16440333333
2017-03-25 20:00:00,90733.72191333334
2017-03-25 20:30:00,90881.78894
2017-03-25 21:00:00,89496.03609666666
2017-03-25 21:30:00,87420.15006333333
2017-03-25 22:00:00,85091.90629
2017-03-25 22:30:00,81402.37879
2017-03-25 23:00:00,76574.23342666666
2017-03-25 23:30:00,71025.91107333334
2017-03-26 00:00:00,65173.05003333333
2017-03-26 00:30:00,60242.64891333333
2017-03-26 01:00:00,56550.35154
2017-03-26 01:30:00,53849.745553333334
2017-03-26 02:00:00,51777.79038333334
2017-03-26 02:30:00,50286.80023666667
2017-03-26 03:00:00,49379.40817
2017-03-26 03:30:00,49093.312083333345
2017-03-26 04:00:00,48660.56397333334
2017-03-26 04:30:00,50134.135493333335
2017-03-26 05:00:00,49570.72454333334
2017-03-26 05:30:00,46910.331543750006
2017-03-26 06:00:00,40116.59222766667
2017-03-26 06:30:00,37641.826135999996
2017-03-26 07:00:00,38022.98742533333
2017-03-26 07:30:00,39507.06211566667
2017-03-26 08:00:00,42639.687490000004
2017-03-26 08:30:00,46603.06145333333
2017-03-26 09:00:00,50389.12891666667
2017-03-26 09:30:00,54678.50223333333
2017-03-26 10:00:00,58735.11241333333
2017-03-26 10:30:00,60687.792859999994
2017-03-26 11:00:00,63048.08554333334
2017-03-26 11:30:00,64620.42248666667
2017-03-26 12:00:00,64987.88947999999
2017-03-26 12:30:00,65160.046899999994
2017-03-26 13:00:00,65462.65195666667
2017-03-26 13:30:00,64892.91983
2017-03-26 14:00:00,64742.56762666666
2017-03-26 14:30:00,63551.779966666676
2017-03-26 15:00:00,62267.09312666667
2017-03-26 15:30:00,60105.55250666667
2017-03-26 16:00:00,58950.176210000005
2017-03-26 16:30:00,58313.34298666666
2017-03-26 17:00:00,57446.30497333334
2017-03-26 17:30:00,58387.96541333333
2017-03-26 18:00:00,63959.082546666665
2017-03-26 18:30:00,77913.53961333334
2017-03-26 19:00:00,89103.11883666665
2017-03-26 19:30:00,91729.61237
2017-03-26 20:00:00,92672.71600333333
2017-03-26 20:30:00,92287.0879
2017-03-26 21:00:00,91235.28352333333
2017-03-26 21:30:00,87769.29691666667
2017-03-26 22:00:00,81779.84388
2017-03-26 22:30:00,76359.30657458334
2017-03-26 23:00:00,69875.30539666668
2017-03-26 23:30:00,63827.75020666667
2017-03-27 00:00:00,59560.22344333333
2017-03-27 00:30:00,56132.589016666665
2017-03-27 01:00:00,53410.50943333333
2017-03-27 01:30:00,51528.50856333334
2017-03-27 02:00:00,50503.57235333333
2017-03-27 02:30:00,49431.04873
2017-03-27 03:00:00,48827.39062666667
2017-03-27 03:30:00,48698.01821333333
2017-03-27 04:00:00,49387.191456666675
2017-03-27 04:30:00,51692.92056666666
2017-03-27 05:00:00,52758.967410000005
2017-03-27 05:30:00,51796.675859999996
2017-03-27 06:00:00,49816.003783333326
2017-03-27 06:30:00,48527.18141333334
2017-03-27 07:00:00,49142.43721333332
2017-03-27 07:30:00,52159.36227333333
2017-03-27 08:00:00,55591.14572
2017-03-27 08:30:00,58429.41861666667
2017-03-27 09:00:00,61486.62430333332
2017-03-27 09:30:00,64991.15439333334
2017-03-27 10:00:00,67578.68832
2017-03-27 10:30:00,69810.24943000001
2017-03-27 11:00:00,71450.96292
2017-03-27 11:30:00,72895.64012333333
2017-03-27 12:00:00,72848.24463666667
2017-03-27 12:30:00,72993.32493666666
2017-03-27 13:00:00,72584.70733333332
2017-03-27 13:30:00,72509.71632666666
2017-03-27 14:00:00,71593.67451
2017-03-27 14:30:00,70613.00490333333
2017-03-27 15:00:00,69740.85287666667
2017-03-27 15:30:00,68442.80382666667
2017-03-27 16:00:00,67527.48775666667
2017-03-27 16:30:00,66863.78911333333
2017-03-27 17:00:00,66505.81017
2017-03-27 17:30:00,68077.83567666665
2017-03-27 18:00:00,72376.07793666667
2017-03-27 18:30:00,84892.37192666667
2017-03-27 19:00:00,95031.92198666667
2017-03-27 19:30:00,95488.10626666667
2017-03-27 20:00:00,94868.34239666666
2017-03-27 20:30:00,93671.38423333333
2017-03-27 21:00:00,90567.00524000001
2017-03-27 21:30:00,86637.17297333333
2017-03-27 22:00:00,81982.21146
2017-03-27 22:30:00,76026.14239000001
2017-03-27 23:00:00,69329.95328999999
2017-03-27 23:30:00,64098.961180000006
2017-03-28 00:00:00,59802.31056333333
2017-03-28 00:30:00,56162.64673666667
2017-03-28 01:00:00,53604.47464666667
2017-03-28 01:30:00,51875.23749333333
2017-03-28 02:00:00,50183.55752666667
2017-03-28 02:30:00,49278.54495499999
2017-03-28 03:00:00,48847.51898666666
2017-03-28 03:30:00,48904.98431333333
2017-03-28 04:00:00,49400.17493
2017-03-28 04:30:00,51570.679579999996
2017-03-28 05:00:00,52471.064263333334
2017-03-28 05:30:00,51783.43451333333
2017-03-28 06:00:00,50165.30117333333
2017-03-28 06:30:00,49169.68063333334
2017-03-28 07:00:00,50546.72414
2017-03-28 07:30:00,53010.643227083325
2017-03-28 08:00:00,56000.765186666664
2017-03-28 08:30:00,58651.06841666667
2017-03-28 09:00:00,61370.227836666665
2017-03-28 09:30:00,64475.988853333336
2017-03-28 10:00:00,67805.76162333334
2017-03-28 10:30:00,68181.35172666667
2017-03-28 11:00:00,66865.3662075
2017-03-28 11:30:00,66993.53401083335
2017-03-28 12:00:00,70670.77881333332
2017-03-28 12:30:00,71456.19217666668
2017-03-28 13:00:00,72263.36478
2017-03-28 13:30:00,71644.47702333334
2017-03-28 14:00:00,71473.63982333333
2017-03-28 14:30:00,70962.74908
2017-03-28 15:00:00,69110.17456666667
2017-03-28 15:30:00,67919.27566
2017-03-28 16:00:00,66607.68883666667
2017-03-28 16:30:00,65931.96407666667
2017-03-28 17:00:00,65489.49039666667
2017-03-28 17:30:00,66119.52143333333
2017-03-28 18:00:00,70766.69223666667
2017-03-28 18:30:00,84212.20895
2017-03-28 19:00:00,95891.38333333335
2017-03-28 19:30:00,97313.69058
2017-03-28 20:00:00,96767.73640666668
2017-03-28 20:30:00,95891.04093
2017-03-28 21:00:00,92737.88462999999
2017-03-28 21:30:00,88823.47700666667
2017-03-28 22:00:00,84528.05678333333
2017-03-28 22:30:00,77661.66393
2017-03-28 23:00:00,70119.66482666666
2017-03-28 23:30:00,60452.15414
2017-03-29 00:00:00,57729.477203333336
2017-03-29 00:30:00,55446.45898
2017-03-29 01:00:00,53948.911563333335
2017-03-29 01:30:00,52763.51949
2017-03-29 02:00:00,51704.149053333334
2017-03-29 02:30:00,50777.236319999996
2017-03-29 03:00:00,50341.83327333333
2017-03-29 03:30:00,50461.56081333334
2017-03-29 04:00:00,50906.984416666666
2017-03-29 04:30:00,52843.144895
2017-03-29 05:00:00,53760.069533333335
2017-03-29 05:30:00,52571.09580333333
2017-03-29 06:00:00,50800.14118666667
2017-03-29 06:30:00,50231.84970333334
2017-03-29 07:00:00,51110.583393333334
2017-03-29 07:30:00,53460.56586416665
2017-03-29 08:00:00,57183.55187333334
2017-03-29 08:30:00,60385.83648
2017-03-29 09:00:00,62619.20143666666
2017-03-29 09:30:00,66791.81298
2017-03-29 10:00:00,69245.32283333334
2017-03-29 10:30:00,70948.28474333332
2017-03-29 11:00:00,71105.80722333334
2017-03-29 11:30:00,73701.35765333334
2017-03-29 12:00:00,73185.48330333334
2017-03-29 12:30:00,74035.66908333334
2017-03-29 13:00:00,73578.80362666666
2017-03-29 13:30:00,73337.33997333334
2017-03-29 14:00:00,72515.66395999999
2017-03-29 14:30:00,70927.20715666667
2017-03-29 15:00:00,70074.69363666668
2017-03-29 15:30:00,69246.76960666665
2017-03-29 16:00:00,68618.07726666666
2017-03-29 16:30:00,67606.14908666666
2017-03-29 17:00:00,67276.28729666666
2017-03-29 17:30:00,68391.51692000001
2017-03-29 18:00:00,73307.59951000001
2017-03-29 18:30:00,84833.05161000001
2017-03-29 19:00:00,95777.62887
2017-03-29 19:30:00,96975.18864000001
2017-03-29 20:00:00,96262.28692666667
2017-03-29 20:30:00,95016.64854333333
2017-03-29 21:00:00,92849.23588666668
2017-03-29 21:30:00,88798.23650666668
2017-03-29 22:00:00,83564.33286
2017-03-29 22:30:00,77129.23173
2017-03-29 23:00:00,70575.43264666667
2017-03-29 23:30:00,65424.759093333334
2017-03-30 00:00:00,60805.09968666666
2017-03-30 00:30:00,57165.78643
2017-03-30 01:00:00,54554.722336666666
2017-03-30 01:30:00,52952.083000000006
2017-03-30 02:00:00,51799.20963333334
2017-03-30 02:30:00,51031.11843666667
2017-03-30 03:00:00,50333.483936666664
2017-03-30 03:30:00,50784.125949999994
2017-03-30 04:00:00,51634.836233333335
2017-03-30 04:30:00,53046.633663333334
2017-03-30 05:00:00,53942.53156666667
2017-03-30 05:30:00,52229.77755333334
2017-03-30 06:00:00,50186.687280000006
2017-03-30 06:30:00,49518.45375666666
2017-03-30 07:00:00,51310.49905333334
2017-03-30 07:30:00,53694.73625124999
2017-03-30 08:00:00,57932.579706666664
2017-03-30 08:30:00,60323.93387666667
2017-03-30 09:00:00,63281.77879333333
2017-03-30 09:30:00,66406.02825666667
2017-03-30 10:00:00,69013.77652
2017-03-30 10:30:00,71075.60734333332
2017-03-30 11:00:00,72855.0333
2017-03-30 11:30:00,74601.63346
2017-03-30 12:00:00,74988.12032666667
2017-03-30 12:30:00,74699.97305333333
2017-03-30 13:00:00,73282.75099666667
2017-03-30 13:30:00,72697.8787
2017-03-30 14:00:00,71686.69411333335
2017-03-30 14:30:00,70764.93473
2017-03-30 15:00:00,69664.92244666668
2017-03-30 15:30:00,68299.86138999999
2017-03-30 16:00:00,67119.60025
2017-03-30 16:30:00,67081.27030333334
2017-03-30 17:00:00,66187.6585
2017-03-30 17:30:00,68298.45241666667
2017-03-30 18:00:00,73154.45901
2017-03-30 18:30:00,85499.28473
2017-03-30 19:00:00,96012.39175333333
2017-03-30 19:30:00,96782.67783333334
2017-03-30 20:00:00,95911.68481666666
2017-03-30 20:30:00,95305.93498333334
2017-03-30 21:00:00,92253.90816333336
2017-03-30 21:30:00,88624.77171666668
2017-03-30 22:00:00,83167.44085333333
2017-03-30 22:30:00,77646.2586
2017-03-30 23:00:00,71327.12723333333
2017-03-30 23:30:00,65969.29561333334
2017-03-31 00:00:00,61625.34663666666
2017-03-31 00:30:00,57957.270566666666
2017-03-31 01:00:00,55527.75271333333
2017-03-31 01:30:00,53372.757926666665
2017-03-31 02:00:00,52166.53317
2017-03-31 02:30:00,51553.33896666666
2017-03-31 03:00:00,51124.37484
2017-03-31 03:30:00,50919.48022
2017-03-31 04:00:00,51722.66374333333
2017-03-31 04:30:00,53197.87838666667
2017-03-31 05:00:00,54126.20114666666
2017-03-31 05:30:00,52436.29004
2017-03-31 06:00:00,50669.08408666666
2017-03-31 06:30:00,49793.86095666667
2017-03-31 07:00:00,50498.881766666665
2017-03-31 07:30:00,53096.17156041666
2017-03-31 08:00:00,56396.227193333325
2017-03-31 08:30:00,59989.45551333334
2017-03-31 09:00:00,63084.64188333333
2017-03-31 09:30:00,65946.71530666667
2017-03-31 10:00:00,68851.53690333334
2017-03-31 10:30:00,70238.21353333333
2017-03-31 11:00:00,71481.08525666666
2017-03-31 11:30:00,73681.74304
2017-03-31 12:00:00,73349.59328
2017-03-31 12:30:00,70939.26457666667
2017-03-31 13:00:00,70353.62415333332
2017-03-31 13:30:00,69379.6164575
2017-03-31 14:00:00,68943.317785
2017-03-31 14:30:00,68900.44267250001
2017-03-31 15:00:00,66868.80539666666
2017-03-31 15:30:00,66391.57635833336
2017-03-31 16:00:00,65562.85340666666
2017-03-31 16:30:00,65052.010279999995
2017-03-31 17:00:00,64075.154760000005
2017-03-31 17:30:00,64308.80817666667
2017-03-31 18:00:00,67556.00027
2017-03-31 18:30:00,79414.01209333334
2017-03-31 19:00:00,93056.05423083332
2017-03-31 19:30:00,93946.22702666667
2017-03-31 20:00:00,93065.83078999999
2017-03-31 20:30:00,92759.13266333334
2017-03-31 21:00:00,91099.85868
2017-03-31 21:30:00,88612.31132666668
2017-03-31 22:00:00,84133.86862333333
2017-03-31 22:30:00,78283.15509999999
2017-03-31 23:00:00,72346.09589
2017-03-31 23:30:00,66641.61263333332
2017-04-01 00:00:00,61813.991043333335
2017-04-01 00:30:00,58530.851653333324
2017-04-01 01:00:00,55534.661969999994
2017-04-01 01:30:00,53558.901373333334
2017-04-01 02:00:00,52231.026523333334
2017-04-01 02:30:00,51500.06312
2017-04-01 03:00:00,50756.20006
2017-04-01 03:30:00,50912.26214666667
2017-04-01 04:00:00,51825.12461
2017-04-01 04:30:00,53850.73492333334
2017-04-01 05:00:00,53355.22547666667
2017-04-01 05:30:00,50262.70058666667
2017-04-01 06:00:00,46453.63322333333
2017-04-01 06:30:00,45719.644739999996
2017-04-01 07:00:00,47315.93627666667
2017-04-01 07:30:00,49789.88192000001
2017-04-01 08:00:00,54681.72914333333
2017-04-01 08:30:00,57959.989193333335
2017-04-01 09:00:00,61846.557850000005
2017-04-01 09:30:00,65852.93090333334
2017-04-01 10:00:00,68238.20103333333
2017-04-01 10:30:00,69611.61383333332
2017-04-01 11:00:00,70817.20841666666
2017-04-01 11:30:00,71746.29072666667
2017-04-01 12:00:00,72537.23517666667
2017-04-01 12:30:00,72439.30875000001
2017-04-01 13:00:00,71663.06143666667
2017-04-01 13:30:00,71159.41569666666
2017-04-01 14:00:00,70293.09034333333
2017-04-01 14:30:00,68637.90050666667
2017-04-01 15:00:00,67416.42941
2017-04-01 15:30:00,66809.5788
2017-04-01 16:00:00,66026.26292
2017-04-01 16:30:00,65078.571626666664
2017-04-01 17:00:00,64281.533536666655
2017-04-01 17:30:00,64297.74809666667
2017-04-01 18:00:00,67172.26699999999
2017-04-01 18:30:00,79265.49631666667
2017-04-01 19:00:00,91569.78410333332
2017-04-01 19:30:00,92819.42630666668
2017-04-01 20:00:00,92708.56255999999
2017-04-01 20:30:00,92675.93976
2017-04-01 21:00:00,90675.44661333335
2017-04-01 21:30:00,87768.88269
2017-04-01 22:00:00,84510.63765666667
2017-04-01 22:30:00,79310.06979
2017-04-01 23:00:00,73179.04495
2017-04-01 23:30:00,67528.50810666666
2017-04-02 00:00:00,61672.538896666665
2017-04-02 00:30:00,57838.55728666667
2017-04-02 01:00:00,54668.20284333333
2017-04-02 01:30:00,52480.026443333336
2017-04-02 02:00:00,50757.61797333334
2017-04-02 02:30:00,49313.555133333335
2017-04-02 03:00:00,48861.54326
2017-04-02 03:30:00,48812.6508
2017-04-02 04:00:00,49156.31235333334
2017-04-02 04:30:00,51487.08217
2017-04-02 05:00:00,50059.10885
2017-04-02 05:30:00,45589.96974733334
2017-04-02 06:00:00,39716.27971333333
2017-04-02 06:30:00,39200.091137
2017-04-02 07:00:00,40869.97729566667
2017-04-02 07:30:00,43129.217596333336
2017-04-02 08:00:00,46382.84852666667
2017-04-02 08:30:00,50209.66786000001
2017-04-02 09:00:00,54898.41063333334
2017-04-02 09:30:00,58882.03037
2017-04-02 10:00:00,61463.273160000004
2017-04-02 10:30:00,63563.918593333336
2017-04-02 11:00:00,64867.39462
2017-04-02 11:30:00,65535.43087333334
2017-04-02 12:00:00,65954.60316333333
2017-04-02 12:30:00,66271.37410333334
2017-04-02 13:00:00,66482.62242333333
2017-04-02 13:30:00,65648.13462666667
2017-04-02 14:00:00,64809.53360333334
2017-04-02 14:30:00,63662.85782333333
2017-04-02 15:00:00,62895.71561666666
2017-04-02 15:30:00,62013.39424666667
2017-04-02 16:00:00,61553.54421
2017-04-02 16:30:00,60089.60832666667
2017-04-02 17:00:00,58892.45174
2017-04-02 17:30:00,58699.79502
2017-04-02 18:00:00,61039.90443333334
2017-04-02 18:30:00,72492.72815
2017-04-02 19:00:00,87087.63026
2017-04-02 19:30:00,90502.34955333332
2017-04-02 20:00:00,91575.93582666667
2017-04-02 20:30:00,91692.58849333333
2017-04-02 21:00:00,90901.76854666667
2017-04-02 21:30:00,89218.65447666666
2017-04-02 22:00:00,84693.04735666666
2017-04-02 22:30:00,78779.03190666667
2017-04-02 23:00:00,72589.10357666666
2017-04-02 23:30:00,66860.38234333333
2017-04-03 00:00:00,61062.25368
2017-04-03 00:30:00,56935.06121000001
2017-04-03 01:00:00,54390.40139666666
2017-04-03 01:30:00,52352.74121333333
2017-04-03 02:00:00,51249.47485666667
2017-04-03 02:30:00,50811.791419999994
2017-04-03 03:00:00,50213.97640208333
2017-04-03 03:30:00,50379.325622083335
2017-04-03 04:00:00,51427.624313333334
2017-04-03 04:30:00,53471.85714666667
2017-04-03 05:00:00,53027.995740000006
2017-04-03 05:30:00,50694.760623333335
2017-04-03 06:00:00,49194.31933666667
2017-04-03 06:30:00,49085.74693666666
2017-04-03 07:00:00,50829.84798666666
2017-04-03 07:30:00,53887.03997333333
2017-04-03 08:00:00,57443.15288
2017-04-03 08:30:00,60727.31032333334
2017-04-03 09:00:00,63661.90531
2017-04-03 09:30:00,67247.41140333335
2017-04-03 10:00:00,69263.69037000001
2017-04-03 10:30:00,71900.54717666666
2017-04-03 11:00:00,73303.25323666667
2017-04-03 11:30:00,74135.84735
2017-04-03 12:00:00,74869.74334
2017-04-03 12:30:00,74731.25810666666
2017-04-03 13:00:00,73675.57026666666
2017-04-03 13:30:00,72635.59388
2017-04-03 14:00:00,71997.2835
2017-04-03 14:30:00,71654.81053333334
2017-04-03 15:00:00,70516.14917333332
2017-04-03 15:30:00,69490.70279333333
2017-04-03 16:00:00,68600.04353666666
2017-04-03 16:30:00,67932.22516999999
2017-04-03 17:00:00,67624.18600666667
2017-04-03 17:30:00,68869.34604333334
2017-04-03 18:00:00,71472.08496333333
2017-04-03 18:30:00,82374.77081999999
2017-04-03 19:00:00,95719.67745333334
2017-04-03 19:30:00,97559.28117999999
2017-04-03 20:00:00,97544.51798
2017-04-03 20:30:00,95734.25780666666
2017-04-03 21:00:00,92558.54495333333
2017-04-03 21:30:00,89213.85101333335
2017-04-03 22:00:00,84031.26427
2017-04-03 22:30:00,77190.86398333333
2017-04-03 23:00:00,70868.91929666667
2017-04-03 23:30:00,65739.68155666666
2017-04-04 00:00:00,61133.508993333344
2017-04-04 00:30:00,57723.00867000001
2017-04-04 01:00:00,55572.96854666667
2017-04-04 01:30:00,53749.85140000001
2017-04-04 02:00:00,52552.24455333333
2017-04-04 02:30:00,51812.77221
2017-04-04 03:00:00,51574.06255666667
2017-04-04 03:30:00,51639.84231666667
2017-04-04 04:00:00,52053.66982
2017-04-04 04:30:00,54741.837616666664
2017-04-04 05:00:00,53796.18827333333
2017-04-04 05:30:00,51190.50973666667
2017-04-04 06:00:00,49649.31308666667
2017-04-04 06:30:00,50020.78788333334
2017-04-04 07:00:00,52156.85641000001
2017-04-04 07:30:00,55071.96033666667
2017-04-04 08:00:00,58634.67939333333
2017-04-04 08:30:00,62323.96739333333
2017-04-04 09:00:00,64533.842119999994
2017-04-04 09:30:00,67476.31065666665
2017-04-04 10:00:00,69887.64138333332
2017-04-04 10:30:00,72091.38072333334
2017-04-04 11:00:00,73428.16484333332
2017-04-04 11:30:00,75090.29199666668
2017-04-04 12:00:00,74996.0664
2017-04-04 12:30:00,73898.23414333333
2017-04-04 13:00:00,73335.07268666667
2017-04-04 13:30:00,72849.13852333334
2017-04-04 14:00:00,72661.51749666667
2017-04-04 14:30:00,71670.42142666667
2017-04-04 15:00:00,70448.86421333333
2017-04-04 15:30:00,68834.96584041667
2017-04-04 16:00:00,68004.52880333333
2017-04-04 16:30:00,68350.77738
2017-04-04 17:00:00,68048.91729666667
2017-04-04 17:30:00,68736.49567333334
2017-04-04 18:00:00,71222.39688999999
2017-04-04 18:30:00,81635.79080666667
2017-04-04 19:00:00,95652.12712666667
2017-04-04 19:30:00,97842.21649
2017-04-04 20:00:00,97143.55403666668
2017-04-04 20:30:00,96084.15995333332
2017-04-04 21:00:00,93134.12672666665
2017-04-04 21:30:00,89699.16808000002
2017-04-04 22:00:00,85996.57534
2017-04-04 22:30:00,79959.04244666667
2017-04-04 23:00:00,72771.07197
2017-04-04 23:30:00,66240.28782666667
2017-04-05 00:00:00,62111.25552
2017-04-05 00:30:00,58230.53975333334
2017-04-05 01:00:00,55617.20537
2017-04-05 01:30:00,53991.52285
2017-04-05 02:00:00,52889.62886
2017-04-05 02:30:00,51810.875980000004
2017-04-05 03:00:00,51661.990719999994
2017-04-05 03:30:00,51461.158663333335
2017-04-05 04:00:00,52634.865373333334
2017-04-05 04:30:00,55284.564333333336
2017-04-05 05:00:00,54046.034940000005
2017-04-05 05:30:00,50588.016893333326
2017-04-05 06:00:00,49474.31289333333
2017-04-05 06:30:00,49717.74682666667
2017-04-05 07:00:00,51657.81647333334
2017-04-05 07:30:00,54770.476006666664
2017-04-05 08:00:00,58033.11213666666
2017-04-05 08:30:00,61074.462426666665
2017-04-05 09:00:00,63526.12396999999
2017-04-05 09:30:00,66123.74717999999
2017-04-05 10:00:00,68659.71045666667
2017-04-05 10:30:00,70702.03359333334
2017-04-05 11:00:00,72011.55515666667
2017-04-05 11:30:00,73590.90619666666
2017-04-05 12:00:00,74121.96291666666
2017-04-05 12:30:00,74201.12723666667
2017-04-05 13:00:00,74559.96779333333
2017-04-05 13:30:00,74295.41189
2017-04-05 14:00:00,73324.83732333333
2017-04-05 14:30:00,72471.13161333333
2017-04-05 15:00:00,71245.57418
2017-04-05 15:30:00,70021.4102
2017-04-05 16:00:00,69218.01560666667
2017-04-05 16:30:00,68626.73688666667
2017-04-05 17:00:00,68651.51003333334
2017-04-05 17:30:00,69455.56936666666
2017-04-05 18:00:00,71260.40950333334
2017-04-05 18:30:00,81389.38878333334
2017-04-05 19:00:00,96229.97205
2017-04-05 19:30:00,98369.69093
2017-04-05 20:00:00,97283.72024666665
2017-04-05 20:30:00,96403.98426666665
2017-04-05 21:00:00,94270.76414333335
2017-04-05 21:30:00,90233.24140333333
2017-04-05 22:00:00,85813.98856666667
2017-04-05 22:30:00,79288.92277666666
2017-04-05 23:00:00,72454.41773
2017-04-05 23:30:00,67371.46083
2017-04-06 00:00:00,62903.08255333333
2017-04-06 00:30:00,58606.072400000005
2017-04-06 01:00:00,56043.79501
2017-04-06 01:30:00,54140.11108
2017-04-06 02:00:00,52911.74996333333
2017-04-06 02:30:00,52506.80277666667
2017-04-06 03:00:00,52305.63876
2017-04-06 03:30:00,52416.962106666666
2017-04-06 04:00:00,53478.598873333336
2017-04-06 04:30:00,55538.77815666667
2017-04-06 05:00:00,54263.69995333333
2017-04-06 05:30:00,50522.63908666666
2017-04-06 06:00:00,49755.499776666664
2017-04-06 06:30:00,50311.71845666666
2017-04-06 07:00:00,52519.62544333333
2017-04-06 07:30:00,55140.504460000004
2017-04-06 08:00:00,57940.08606333333
2017-04-06 08:30:00,61970.73253
2017-04-06 09:00:00,65714.64318333333
2017-04-06 09:30:00,69078.90821333333
2017-04-06 10:00:00,70989.41248
2017-04-06 10:30:00,72615.95521333332
2017-04-06 11:00:00,74184.36761333334
2017-04-06 11:30:00,75397.17357666667
2017-04-06 12:00:00,76129.64240333333
2017-04-06 12:30:00,75583.59124333333
2017-04-06 13:00:00,75264.10686666665
2017-04-06 13:30:00,74608.95757000001
2017-04-06 14:00:00,73494.38996333333
2017-04-06 14:30:00,72589.68736333335
2017-04-06 15:00:00,71465.71559333334
2017-04-06 15:30:00,70836.46001666666
2017-04-06 16:00:00,69177.49602333334
2017-04-06 16:30:00,69010.01847
2017-04-06 17:00:00,69003.22133333333
2017-04-06 17:30:00,70218.59826666667
2017-04-06 18:00:00,72657.73582
2017-04-06 18:30:00,82825.48704333334
2017-04-06 19:00:00,96931.99876666667
2017-04-06 19:30:00,98293.56268666667
2017-04-06 20:00:00,97990.43016666667
2017-04-06 20:30:00,97206.54901333334
2017-04-06 21:00:00,94323.4954
2017-04-06 21:30:00,90851.77044666668
2017-04-06 22:00:00,86573.70944
2017-04-06 22:30:00,80662.62429666666
2017-04-06 23:00:00,74399.50444
2017-04-06 23:30:00,68728.67858666666
2017-04-07 00:00:00,63390.02304
2017-04-07 00:30:00,59643.252433333335
2017-04-07 01:00:00,56945.172686666665
2017-04-07 01:30:00,55186.87726
2017-04-07 02:00:00,53184.533059999994
2017-04-07 02:30:00,52364.15542999999
2017-04-07 03:00:00,52091.707526666665
2017-04-07 03:30:00,52293.530496666666
2017-04-07 04:00:00,53303.50441999999
2017-04-07 04:30:00,55083.25834333333
2017-04-07 05:00:00,54235.569423333334
2017-04-07 05:30:00,50706.32872
2017-04-07 06:00:00,49783.473926666666
2017-04-07 06:30:00,49696.94064666666
2017-04-07 07:00:00,51128.597083333334
2017-04-07 07:30:00,53997.52442
2017-04-07 08:00:00,58310.49980666667
2017-04-07 08:30:00,61335.53701666667
2017-04-07 09:00:00,63664.71342000001
2017-04-07 09:30:00,68220.23303666666
2017-04-07 10:00:00,70594.53006
2017-04-07 10:30:00,72065.26628
2017-04-07 11:00:00,73504.46453
2017-04-07 11:30:00,74690.52156333333
2017-04-07 12:00:00,73665.82836
2017-04-07 12:30:00,72337.89999
2017-04-07 13:00:00,71232.78135666666
2017-04-07 13:30:00,70943.70673874996
2017-04-07 14:00:00,69940.98877666667
2017-04-07 14:30:00,69472.32559916667
2017-04-07 15:00:00,68054.62877375
2017-04-07 15:30:00,67719.57055416667
2017-04-07 16:00:00,67545.67906333333
2017-04-07 16:30:00,67058.27557
2017-04-07 17:00:00,66304.68323
2017-04-07 17:30:00,67016.61967333333
2017-04-07 18:00:00,69471.02481999999
2017-04-07 18:30:00,78594.76526666667
2017-04-07 19:00:00,92779.00902666668
2017-04-07 19:30:00,95984.52484333333
2017-04-07 20:00:00,95474.27401000001
2017-04-07 20:30:00,95167.35671000001
2017-04-07 21:00:00,91909.57276666666
2017-04-07 21:30:00,89178.77717666666
2017-04-07 22:00:00,87021.37413666667
2017-04-07 22:30:00,80768.07939000001
2017-04-07 23:00:00,73917.31935333334
2017-04-07 23:30:00,67920.20604
2017-04-08 00:00:00,63003.97776
2017-04-08 00:30:00,59279.17775333333
2017-04-08 01:00:00,56164.58280666667
2017-04-08 01:30:00,54575.48868
2017-04-08 02:00:00,51809.88019999999
2017-04-08 02:30:00,50622.95603
2017-04-08 03:00:00,51106.348
2017-04-08 03:30:00,51780.87283
2017-04-08 04:00:00,52565.77186
2017-04-08 04:30:00,54184.5706
2017-04-08 05:00:00,52471.42586333334
2017-04-08 05:30:00,47474.80857666666
2017-04-08 06:00:00,45081.01975666667
2017-04-08 06:30:00,45744.917733333335
2017-04-08 07:00:00,47972.46664
2017-04-08 07:30:00,51442.31159999999
2017-04-08 08:00:00,55776.29522
2017-04-08 08:30:00,59784.93080333333
2017-04-08 09:00:00,63315.31407666666
2017-04-08 09:30:00,66944.48877333333
2017-04-08 10:00:00,69299.97629333333
2017-04-08 10:30:00,71096.37499333333
2017-04-08 11:00:00,72372.04555333333
2017-04-08 11:30:00,73353.66530333333
2017-04-08 12:00:00,73452.13751666667
2017-04-08 12:30:00,72830.26893666667
2017-04-08 13:00:00,72602.17425666667
2017-04-08 13:30:00,71764.04441333334
2017-04-08 14:00:00,70830.30348
2017-04-08 14:30:00,69201.07457666668
2017-04-08 15:00:00,67850.89385
2017-04-08 15:30:00,67021.96531666665
2017-04-08 16:00:00,66222.07498666666
2017-04-08 16:30:00,65636.46437333334
2017-04-08 17:00:00,65117.05458666667
2017-04-08 17:30:00,65554.14081
2017-04-08 18:00:00,68102.29270333333
2017-04-08 18:30:00,77444.08276
2017-04-08 19:00:00,91533.19395
2017-04-08 19:30:00,93534.63831333334
2017-04-08 20:00:00,93730.96408
2017-04-08 20:30:00,92997.20360000001
2017-04-08 21:00:00,91495.13915
2017-04-08 21:30:00,89712.33051
2017-04-08 22:00:00,86791.77097
2017-04-08 22:30:00,81889.27107666666
2017-04-08 23:00:00,76375.02821333334
2017-04-08 23:30:00,70049.61981666666
2017-04-09 00:00:00,64136.14418
2017-04-09 00:30:00,60081.47789
2017-04-09 01:00:00,57165.03737
2017-04-09 01:30:00,54719.169726666674
2017-04-09 02:00:00,53165.495539999996
2017-04-09 02:30:00,51845.15547666667
2017-04-09 03:00:00,50935.59664333333
2017-04-09 03:30:00,50859.450099999995
2017-04-09 04:00:00,51952.616613333324
2017-04-09 04:30:00,52838.97559666666
2017-04-09 05:00:00,50675.52585
2017-04-09 05:30:00,44785.797183333336
2017-04-09 06:00:00,41206.59803466667
2017-04-09 06:30:00,41944.48801333333
2017-04-09 07:00:00,43213.348210000004
2017-04-09 07:30:00,45231.38409666667
2017-04-09 08:00:00,48973.4204
2017-04-09 08:30:00,52955.50072666667
2017-04-09 09:00:00,56125.129936666664
2017-04-09 09:30:00,59796.88827999999
2017-04-09 10:00:00,62652.972100000006
2017-04-09 10:30:00,64475.22911666666
2017-04-09 11:00:00,65421.15650333333
2017-04-09 11:30:00,66605.84248
2017-04-09 12:00:00,66879.85059666667
2017-04-09 12:30:00,67669.01040666667
2017-04-09 13:00:00,67517.24763666665
2017-04-09 13:30:00,67052.50881000001
2017-04-09 14:00:00,65579.15829666668
2017-04-09 14:30:00,64151.86028666666
2017-04-09 15:00:00,62898.17988
2017-04-09 15:30:00,63187.24872333333
2017-04-09 16:00:00,62421.66380333333
2017-04-09 16:30:00,62370.505853333336
2017-04-09 17:00:00,63540.28068333334
2017-04-09 17:30:00,64755.504596666666
2017-04-09 18:00:00,67507.38437666667
2017-04-09 18:30:00,76365.86625666668
2017-04-09 19:00:00,87776.92018333334
2017-04-09 19:30:00,89515.44047333334
2017-04-09 20:00:00,90507.55505000001
2017-04-09 20:30:00,90996.46068333334
2017-04-09 21:00:00,90172.69691333333
2017-04-09 21:30:00,87933.02447
2017-04-09 22:00:00,84270.93252333334
2017-04-09 22:30:00,78981.97451666667
2017-04-09 23:00:00,72024.52111666667
2017-04-09 23:30:00,66858.37493666667
2017-04-10 00:00:00,62321.04594666666
2017-04-10 00:30:00,59414.59507
2017-04-10 01:00:00,56383.88050333334
2017-04-10 01:30:00,54436.79896333333
2017-04-10 02:00:00,53275.64934333333
2017-04-10 02:30:00,51970.05876666666
2017-04-10 03:00:00,51519.65830666667
2017-04-10 03:30:00,51963.600589999995
2017-04-10 04:00:00,53612.29057333333
2017-04-10 04:30:00,53839.02014666667
2017-04-10 05:00:00,51878.55154666668
2017-04-10 05:30:00,46968.10752
2017-04-10 06:00:00,44577.82223333333
2017-04-10 06:30:00,45784.34758666666
2017-04-10 07:00:00,48924.8738
2017-04-10 07:30:00,52390.09766
2017-04-10 08:00:00,55971.498373333336
2017-04-10 08:30:00,59952.10091666667
2017-04-10 09:00:00,63928.722826666664
2017-04-10 09:30:00,67949.48904
2017-04-10 10:00:00,70384.80369333334
2017-04-10 10:30:00,68611.85157666665
2017-04-10 11:00:00,70857.25173625
2017-04-10 11:30:00,72515.15607000001
2017-04-10 12:00:00,74674.25033333333
2017-04-10 12:30:00,75786.83603666666
2017-04-10 13:00:00,75466.17398666668
2017-04-10 13:30:00,75342.20702666667
2017-04-10 14:00:00,74272.97138666666
2017-04-10 14:30:00,72604.07078
2017-04-10 15:00:00,70750.50246999999
2017-04-10 15:30:00,71571.32311666667
2017-04-10 16:00:00,71005.48025666666
2017-04-10 16:30:00,70100.58483333334
2017-04-10 17:00:00,68596.11538
2017-04-10 17:30:00,69933.01279
2017-04-10 18:00:00,73045.16389000001
2017-04-10 18:30:00,81989.86294333333
2017-04-10 19:00:00,93919.60570333333
2017-04-10 19:30:00,95063.21138666668
2017-04-10 20:00:00,94908.92814000002
2017-04-10 20:30:00,93802.84582333332
2017-04-10 21:00:00,91560.05815666665
2017-04-10 21:30:00,88805.72668
2017-04-10 22:00:00,85253.16793333333
2017-04-10 22:30:00,79566.39194
2017-04-10 23:00:00,72753.74760333334
2017-04-10 23:30:00,67755.68442333332
2017-04-11 00:00:00,62811.44193000001
2017-04-11 00:30:00,59254.93210333333
2017-04-11 01:00:00,56704.39703666667
2017-04-11 01:30:00,54795.88751666667
2017-04-11 02:00:00,53464.874840000004
2017-04-11 02:30:00,52474.39247
2017-04-11 03:00:00,52182.275103333326
2017-04-11 03:30:00,52484.777429999995
2017-04-11 04:00:00,54017.74939333333
2017-04-11 04:30:00,54268.48620666666
2017-04-11 05:00:00,52644.66375333333
2017-04-11 05:30:00,47492.43976333333
2017-04-11 06:00:00,44431.91920333333
2017-04-11 06:30:00,45634.2211
2017-04-11 07:00:00,49454.159733333334
2017-04-11 07:30:00,52627.909993333335
2017-04-11 08:00:00,56000.17316666667
2017-04-11 08:30:00,60781.240379999996
2017-04-11 09:00:00,64116.68395333333
2017-04-11 09:30:00,67584.29437
2017-04-11 10:00:00,70214.36634666666
2017-04-11 10:30:00,72083.94786666665
2017-04-11 11:00:00,72998.28189666667
2017-04-11 11:30:00,73583.17777333333
2017-04-11 12:00:00,74010.26580666668
2017-04-11 12:30:00,74537.64807333333
2017-04-11 13:00:00,73547.56626666666
2017-04-11 13:30:00,73740.28546
2017-04-11 14:00:00,73779.34404666668
2017-04-11 14:30:00,72534.11164333334
2017-04-11 15:00:00,71126.92462333334
2017-04-11 15:30:00,69880.37608666667
2017-04-11 16:00:00,69251.18768666667
2017-04-11 16:30:00,68199.57883
2017-04-11 17:00:00,66673.60910333334
2017-04-11 17:30:00,66701.55781666667
2017-04-11 18:00:00,68587.56296999998
2017-04-11 18:30:00,76828.89617
2017-04-11 19:00:00,91698.84076
2017-04-11 19:30:00,94493.94647666666
2017-04-11 20:00:00,93621.5675
2017-04-11 20:30:00,93602.09058333334
2017-04-11 21:00:00,92857.57227
2017-04-11 21:30:00,90443.41459666665
2017-04-11 22:00:00,87313.55532333333
2017-04-11 22:30:00,81811.01789333334
2017-04-11 23:00:00,75342.99129333334
2017-04-11 23:30:00,69606.84798333334
2017-04-12 00:00:00,64591.04914666666
2017-04-12 00:30:00,60896.44795
2017-04-12 01:00:00,58020.243933333324
2017-04-12 01:30:00,55862.551360000005
2017-04-12 02:00:00,54487.28458666667
2017-04-12 02:30:00,53324.18815666666
2017-04-12 03:00:00,53213.245189999994
2017-04-12 03:30:00,53294.275270000006
2017-04-12 04:00:00,55028.29858
2017-04-12 04:30:00,54949.13468333334
2017-04-12 05:00:00,52460.09582333334
2017-04-12 05:30:00,47736.668073333334
2017-04-12 06:00:00,44912.40029666667
2017-04-12 06:30:00,45877.88837
2017-04-12 07:00:00,48815.84212666666
2017-04-12 07:30:00,52359.698463333334
2017-04-12 08:00:00,56038.003410000005
2017-04-12 08:30:00,59857.93946666666
2017-04-12 09:00:00,63065.47827666666
2017-04-12 09:30:00,66919.34536666666
2017-04-12 10:00:00,70495.73804666667
2017-04-12 10:30:00,71989.6789
2017-04-12 11:00:00,73293.93697666666
2017-04-12 11:30:00,74366.14927
2017-04-12 12:00:00,74614.48637333333
2017-04-12 12:30:00,74858.71445666667
2017-04-12 13:00:00,74445.32769333333
2017-04-12 13:30:00,74322.71633333333
2017-04-12 14:00:00,73875.31276
2017-04-12 14:30:00,72679.15056333333
2017-04-12 15:00:00,71389.43105666667
2017-04-12 15:30:00,70365.1223
2017-04-12 16:00:00,69692.11295666666
2017-04-12 16:30:00,68180.79297333333
2017-04-12 17:00:00,67016.06614666666
2017-04-12 17:30:00,67120.74109333333
2017-04-12 18:00:00,68406.86535333334
2017-04-12 18:30:00,76454.54925
2017-04-12 19:00:00,91498.30746708333
2017-04-12 19:30:00,94348.69123
2017-04-12 20:00:00,93702.50592000001
2017-04-12 20:30:00,93514.94046
2017-04-12 21:00:00,92566.36043666666
2017-04-12 21:30:00,89884.47733333334
2017-04-12 22:00:00,86623.47337333333
2017-04-12 22:30:00,81405.00110000001
2017-04-12 23:00:00,75234.22367666666
2017-04-12 23:30:00,69786.39017333333
2017-04-13 00:00:00,64531.49395666667
2017-04-13 00:30:00,60824.51396333334
2017-04-13 01:00:00,57771.11353333333
2017-04-13 01:30:00,55636.66639
2017-04-13 02:00:00,54313.273539999995
2017-04-13 02:30:00,53469.46318333333
2017-04-13 03:00:00,53389.07578000001
2017-04-13 03:30:00,53484.61408
2017-04-13 04:00:00,54986.03151
2017-04-13 04:30:00,54646.13684
2017-04-13 05:00:00,52859.52027
2017-04-13 05:30:00,47200.43597666666
2017-04-13 06:00:00,44944.27585666667
2017-04-13 06:30:00,45629.369459999994
2017-04-13 07:00:00,49462.92796666666
2017-04-13 07:30:00,52195.06740333334
2017-04-13 08:00:00,56610.61121333333
2017-04-13 08:30:00,60203.661433333335
2017-04-13 09:00:00,63152.486123333336
2017-04-13 09:30:00,66753.78894333333
2017-04-13 10:00:00,69499.92928666667
2017-04-13 10:30:00,71427.35024333333
2017-04-13 11:00:00,73462.50228999999
2017-04-13 11:30:00,74530.12437666667
2017-04-13 12:00:00,75173.18467333332
2017-04-13 12:30:00,75110.46470666667
2017-04-13 13:00:00,75484.12799333334
2017-04-13 13:30:00,75123.13015
2017-04-13 14:00:00,74945.90056666666
2017-04-13 14:30:00,72301.56015666667
2017-04-13 15:00:00,72808.80159
2017-04-13 15:30:00,72045.28340333333
2017-04-13 16:00:00,70149.53766333334
2017-04-13 16:30:00,69261.97601
2017-04-13 17:00:00,68216.12859333334
2017-04-13 17:30:00,68347.58631
2017-04-13 18:00:00,69927.33188333333
2017-04-13 18:30:00,78460.32252
2017-04-13 19:00:00,93976.77668333333
2017-04-13 19:30:00,96838.29799666668
2017-04-13 20:00:00,96373.82801
2017-04-13 20:30:00,95631.63585666666
2017-04-13 21:00:00,93964.36553
2017-04-13 21:30:00,91264.55444666666
2017-04-13 22:00:00,87931.45439666667
2017-04-13 22:30:00,82848.66698333334
2017-04-13 23:00:00,77106.30365
2017-04-13 23:30:00,71493.45134333333
2017-04-14 00:00:00,66256.76636333334
2017-04-14 00:30:00,62646.832839999995
2017-04-14 01:00:00,59023.127106666674
2017-04-14 01:30:00,56308.61267
2017-04-14 02:00:00,54560.05900333333
2017-04-14 02:30:00,53839.27040666667
2017-04-14 03:00:00,53436.75237
2017-04-14 03:30:00,53633.29491999999
2017-04-14 04:00:00,55401.33143333334
2017-04-14 04:30:00,54838.09385333333
2017-04-14 05:00:00,53173.50479666667
2017-04-14 05:30:00,47650.435406666664
2017-04-14 06:00:00,45346.23913666666
2017-04-14 06:30:00,46071.88969
2017-04-14 07:00:00,48802.634360000004
2017-04-14 07:30:00,51271.684976666664
2017-04-14 08:00:00,55089.338476666664
2017-04-14 08:30:00,59345.92396000001
2017-04-14 09:00:00,63039.02800666667
2017-04-14 09:30:00,66806.70449666667
2017-04-14 10:00:00,69762.37356333334
2017-04-14 10:30:00,72355.08767333333
2017-04-14 11:00:00,73385.97969333333
2017-04-14 11:30:00,74411.03265
2017-04-14 12:00:00,73363.43222
2017-04-14 12:30:00,72209.27754000001
2017-04-14 13:00:00,72297.63373333334
2017-04-14 13:30:00,72615.78268333334
2017-04-14 14:00:00,71605.56462
2017-04-14 14:30:00,70753.49811666667
2017-04-14 15:00:00,69988.95816
2017-04-14 15:30:00,68898.52596666667
2017-04-14 16:00:00,69046.09975000001
2017-04-14 16:30:00,67890.09566666668
2017-04-14 17:00:00,66226.27601666667
2017-04-14 17:30:00,66072.35870666667
2017-04-14 18:00:00,66783.14532666666
2017-04-14 18:30:00,74116.69346333334
2017-04-14 19:00:00,91233.06499375001
2017-04-14 19:30:00,93731.15562333334
2017-04-14 20:00:00,93578.69792333334
2017-04-14 20:30:00,93844.51100666665
2017-04-14 21:00:00,92769.72127333334
2017-04-14 21:30:00,90865.04395
2017-04-14 22:00:00,87677.26367666665
2017-04-14 22:30:00,82269.65238333333
2017-04-14 23:00:00,76371.52300333334
2017-04-14 23:30:00,70639.89914
2017-04-15 00:00:00,65184.56943333333
2017-04-15 00:30:00,61379.159583333334
2017-04-15 01:00:00,58499.05178
2017-04-15 01:30:00,56220.26751333333
2017-04-15 02:00:00,54551.82326999999
2017-04-15 02:30:00,53314.52836999999
2017-04-15 03:00:00,52908.94001666667
2017-04-15 03:30:00,53278.223933333335
2017-04-15 04:00:00,54518.94439333334
2017-04-15 04:30:00,54175.79193
2017-04-15 05:00:00,52215.17229333334
2017-04-15 05:30:00,45861.137193333336
2017-04-15 06:00:00,43767.12628
2017-04-15 06:30:00,44479.230769999995
2017-04-15 07:00:00,47566.30507666667
2017-04-15 07:30:00,50960.10861999999
2017-04-15 08:00:00,54758.19784666667
2017-04-15 08:30:00,58324.16576
2017-04-15 09:00:00,62431.32919333334
2017-04-15 09:30:00,65940.64799333333
2017-04-15 10:00:00,68391.90087
2017-04-15 10:30:00,70885.32898666667
2017-04-15 11:00:00,72593.41982
2017-04-15 11:30:00,73354.12175666667
2017-04-15 12:00:00,73773.38667333334
2017-04-15 12:30:00,73407.76753333333
2017-04-15 13:00:00,73783.41687999999
2017-04-15 13:30:00,73135.73949666666
2017-04-15 14:00:00,71873.07652333334
2017-04-15 14:30:00,71226.62763666666
2017-04-15 15:00:00,70431.77690666667
2017-04-15 15:30:00,69617.99017
2017-04-15 16:00:00,68361.68357666668
2017-04-15 16:30:00,67361.98346999999
2017-04-15 17:00:00,66733.04213
2017-04-15 17:30:00,66617.73285666667
2017-04-15 18:00:00,68193.22414666666
2017-04-15 18:30:00,75826.68856333333
2017-04-15 19:00:00,90954.62856333335
2017-04-15 19:30:00,93931.94485000001
2017-04-15 20:00:00,93811.84570333333
2017-04-15 20:30:00,93679.19791333335
2017-04-15 21:00:00,92265.28600666666
2017-04-15 21:30:00,90355.30301999999
2017-04-15 22:00:00,87675.58440666668
2017-04-15 22:30:00,83617.22714
2017-04-15 23:00:00,79481.49840666667
2017-04-15 23:30:00,72576.99106333333
2017-04-16 00:00:00,66133.48790333334
2017-04-16 00:30:00,61956.09749666666
2017-04-16 01:00:00,58463.28128333334
2017-04-16 01:30:00,55784.83809666667
2017-04-16 02:00:00,53980.95637666667
2017-04-16 02:30:00,52613.455826666665
2017-04-16 03:00:00,52181.303453333334
2017-04-16 03:30:00,51915.15829
2017-04-16 04:00:00,53001.89307666667
2017-04-16 04:30:00,52448.53462666667
2017-04-16 05:00:00,49921.70878666666
2017-04-16 05:30:00,42912.350846
2017-04-16 06:00:00,40253.67781433333
2017-04-16 06:30:00,41130.16337666667
2017-04-16 07:00:00,42279.35967333333
2017-04-16 07:30:00,44057.30842666666
2017-04-16 08:00:00,47282.932680000005
2017-04-16 08:30:00,50671.485459999996
2017-04-16 09:00:00,54381.05113
2017-04-16 09:30:00,58149.79413333334
2017-04-16 10:00:00,60869.9723
2017-04-16 10:30:00,62891.27469666667
2017-04-16 11:00:00,65065.59158666667
2017-04-16 11:30:00,66376.03609
2017-04-16 12:00:00,66894.81746666667
2017-04-16 12:30:00,66768.53639666666
2017-04-16 13:00:00,66850.681
2017-04-16 13:30:00,66319.36170666666
2017-04-16 14:00:00,65451.00701
2017-04-16 14:30:00,64134.36699666667
2017-04-16 15:00:00,62572.96663666666
2017-04-16 15:30:00,62284.84638666667
2017-04-16 16:00:00,62302.189386666665
2017-04-16 16:30:00,62227.05192666667
2017-04-16 17:00:00,61384.28191666667
2017-04-16 17:30:00,61948.14480333333
2017-04-16 18:00:00,64182.19752333333
2017-04-16 18:30:00,72459.11343000001
2017-04-16 19:00:00,87751.4595
2017-04-16 19:30:00,91854.33396333334
2017-04-16 20:00:00,92533.99462
2017-04-16 20:30:00,92856.47499666667
2017-04-16 21:00:00,93091.45839333335
2017-04-16 21:30:00,90717.76084666666
2017-04-16 22:00:00,86167.04698333332
2017-04-16 22:30:00,79735.75019666668
2017-04-16 23:00:00,72709.02057
2017-04-16 23:30:00,67348.12027666667
2017-04-17 00:00:00,62633.19511333333
2017-04-17 00:30:00,59284.39638666667
2017-04-17 01:00:00,56529.868166666674
2017-04-17 01:30:00,54374.26820333333
2017-04-17 02:00:00,53216.53402333333
2017-04-17 02:30:00,52468.32527666667
2017-04-17 03:00:00,52701.99942333333
2017-04-17 03:30:00,52870.77905999999
2017-04-17 04:00:00,54779.994739999995
2017-04-17 04:30:00,54140.590083333336
2017-04-17 05:00:00,51887.55347666666
2017-04-17 05:30:00,47944.05239
2017-04-17 06:00:00,49947.47589333333
2017-04-17 06:30:00,50313.41127333333
2017-04-17 07:00:00,52722.766319999995
2017-04-17 07:30:00,55697.60841000001
2017-04-17 08:00:00,58381.51476
2017-04-17 08:30:00,61283.35041000001
2017-04-17 09:00:00,63597.961226666666
2017-04-17 09:30:00,67106.32912666666
2017-04-17 10:00:00,69710.53017
2017-04-17 10:30:00,71643.22827
2017-04-17 11:00:00,73450.02587
2017-04-17 11:30:00,75615.61150666667
2017-04-17 12:00:00,75707.41057333333
2017-04-17 12:30:00,74967.49631666667
2017-04-17 13:00:00,74506.26231
2017-04-17 13:30:00,74191.71133
2017-04-17 14:00:00,74015.16890666667
2017-04-17 14:30:00,72998.3934
2017-04-17 15:00:00,72420.67533333333
2017-04-17 15:30:00,71766.65034666668
2017-04-17 16:00:00,69910.43121999998
2017-04-17 16:30:00,69238.39458666666
2017-04-17 17:00:00,68570.03648666666
2017-04-17 17:30:00,69355.35512333333
2017-04-17 18:00:00,70504.51017333333
2017-04-17 18:30:00,77732.51169999999
2017-04-17 19:00:00,94561.76776999999
2017-04-17 19:30:00,98578.44114999998
2017-04-17 20:00:00,98141.67029
2017-04-17 20:30:00,97172.10600999999
2017-04-17 21:00:00,94711.15141333333
2017-04-17 21:30:00,91523.21222666667
2017-04-17 22:00:00,86015.27748
2017-04-17 22:30:00,79615.01658333333
2017-04-17 23:00:00,73263.59701666667
2017-04-17 23:30:00,67780.12203333333
2017-04-18 00:00:00,62933.28458
2017-04-18 00:30:00,60018.30169999999
2017-04-18 01:00:00,56942.18492
2017-04-18 01:30:00,55184.76894666667
2017-04-18 02:00:00,53635.94810666667
2017-04-18 02:30:00,52955.23443333333
2017-04-18 03:00:00,52392.09402
2017-04-18 03:30:00,52979.42294
2017-04-18 04:00:00,54753.88479333333
2017-04-18 04:30:00,53860.92999666667
2017-04-18 05:00:00,51786.43914666667
2017-04-18 05:30:00,47545.73839333333
2017-04-18 06:00:00,48885.00084666667
2017-04-18 06:30:00,50602.94582
2017-04-18 07:00:00,53080.636529999996
2017-04-18 07:30:00,56098.4469
2017-04-18 08:00:00,59407.11377333334
2017-04-18 08:30:00,62435.35433333333
2017-04-18 09:00:00,65214.78568666667
2017-04-18 09:30:00,68147.88411333333
2017-04-18 10:00:00,70898.10370666666
2017-04-18 10:30:00,72482.32780333333
2017-04-18 11:00:00,74473.75270666667
2017-04-18 11:30:00,76161.64791333333
2017-04-18 12:00:00,76709.44015
2017-04-18 12:30:00,76706.0715
2017-04-18 13:00:00,76146.95382
2017-04-18 13:30:00,74547.57107
2017-04-18 14:00:00,73570.78140333334
2017-04-18 14:30:00,72036.35409
2017-04-18 15:00:00,71822.15900333332
2017-04-18 15:30:00,71058.42525
2017-04-18 16:00:00,70323.15235666667
2017-04-18 16:30:00,69493.91924333334
2017-04-18 17:00:00,68524.25686000001
2017-04-18 17:30:00,69501.47636333334
2017-04-18 18:00:00,71283.86327333334
2017-04-18 18:30:00,77800.84831666667
2017-04-18 19:00:00,93414.98588666668
2017-04-18 19:30:00,97483.32814
2017-04-18 20:00:00,96987.96504333334
2017-04-18 20:30:00,95773.27038666666
2017-04-18 21:00:00,93073.63894000002
2017-04-18 21:30:00,91400.66841
2017-04-18 22:00:00,87685.5341
2017-04-18 22:30:00,80854.22135333334
2017-04-18 23:00:00,74258.72383
2017-04-18 23:30:00,68100.44136666668
2017-04-19 00:00:00,63269.43052666667
2017-04-19 00:30:00,59283.28373
2017-04-19 01:00:00,56861.917859999994
2017-04-19 01:30:00,54969.14618666667
2017-04-19 02:00:00,53921.16928333333
2017-04-19 02:30:00,53099.750973333335
2017-04-19 03:00:00,53135.00054666667
2017-04-19 03:30:00,53545.62568
2017-04-19 04:00:00,55592.48206666667
2017-04-19 04:30:00,54774.512533333334
2017-04-19 05:00:00,51862.52789333334
2017-04-19 05:30:00,48166.83360666666
2017-04-19 06:00:00,49071.88047333333
2017-04-19 06:30:00,49777.96941666667
2017-04-19 07:00:00,52547.40611333334
2017-04-19 07:30:00,55906.27313666666
2017-04-19 08:00:00,59510.93685
2017-04-19 08:30:00,62578.87305333334
2017-04-19 09:00:00,65322.284179999995
2017-04-19 09:30:00,68765.15755666666
2017-04-19 10:00:00,71142.10115333334
2017-04-19 10:30:00,73119.59509666667
2017-04-19 11:00:00,75105.58385666668
2017-04-19 11:30:00,76669.82621333333
2017-04-19 12:00:00,77060.76013999998
2017-04-19 12:30:00,76916.0937
2017-04-19 13:00:00,76948.81772333333
2017-04-19 13:30:00,76553.22962333333
2017-04-19 14:00:00,75691.95025
2017-04-19 14:30:00,74521.35071000001
2017-04-19 15:00:00,72820.32946333334
2017-04-19 15:30:00,72227.14538666667
2017-04-19 16:00:00,70923.87152333334
2017-04-19 16:30:00,70364.44059000001
2017-04-19 17:00:00,69976.56140333333
2017-04-19 17:30:00,71796.46924
2017-04-19 18:00:00,74489.92660333334
2017-04-19 18:30:00,80781.57409333333
2017-04-19 19:00:00,93336.87550666666
2017-04-19 19:30:00,96503.4287
2017-04-19 20:00:00,95361.83311666666
2017-04-19 20:30:00,95392.08213
2017-04-19 21:00:00,93624.21430666668
2017-04-19 21:30:00,89545.15535000002
2017-04-19 22:00:00,84950.74558666667
2017-04-19 22:30:00,78277.73625666667
2017-04-19 23:00:00,71790.95932333333
2017-04-19 23:30:00,66913.74975333334
2017-04-20 00:00:00,62093.85394
2017-04-20 00:30:00,58544.86444333333
2017-04-20 01:00:00,55685.871263333334
2017-04-20 01:30:00,54122.670136666675
2017-04-20 02:00:00,52922.989173333335
2017-04-20 02:30:00,52600.687580000005
2017-04-20 03:00:00,52650.01046333334
2017-04-20 03:30:00,52935.10313
2017-04-20 04:00:00,54959.39671
2017-04-20 04:30:00,53267.24764666666
2017-04-20 05:00:00,50465.87765333334
2017-04-20 05:30:00,46997.057426666666
2017-04-20 06:00:00,49099.73844000001
2017-04-20 06:30:00,50259.96409666666
2017-04-20 07:00:00,52639.77806666667
2017-04-20 07:30:00,54972.74916
2017-04-20 08:00:00,58357.636213333324
2017-04-20 08:30:00,61522.41459
2017-04-20 09:00:00,64699.73898
2017-04-20 09:30:00,67928.22384333333
2017-04-20 10:00:00,70903.15305000001
2017-04-20 10:30:00,73253.80559
2017-04-20 11:00:00,74752.15654
2017-04-20 11:30:00,77091.81865666667
2017-04-20 12:00:00,73745.02422666668
2017-04-20 12:30:00,73441.24128
2017-04-20 13:00:00,76398.13591999999
2017-04-20 13:30:00,76275.57290666667
2017-04-20 14:00:00,75655.21341000001
2017-04-20 14:30:00,75158.48356666666
2017-04-20 15:00:00,74261.06418666667
2017-04-20 15:30:00,74077.69116666667
2017-04-20 16:00:00,72501.64143000003
2017-04-20 16:30:00,72501.64143000003
2017-04-20 17:00:00,73210.97558625
2017-04-20 17:30:00,73392.56187875003
2017-04-20 18:00:00,77176.36571666667
2017-04-20 18:30:00,82935.51164333333
2017-04-20 19:00:00,95325.29263
2017-04-20 19:30:00,97393.13773
2017-04-20 20:00:00,96881.97581666667
2017-04-20 20:30:00,95557.35678333334
2017-04-20 21:00:00,91875.57033
2017-04-20 21:30:00,87857.73887
2017-04-20 22:00:00,83419.58323
2017-04-20 22:30:00,77324.39635
2017-04-20 23:00:00,71439.37042666668
2017-04-20 23:30:00,66524.51337666667
2017-04-21 00:00:00,61823.31941333334
2017-04-21 00:30:00,58536.96861
2017-04-21 01:00:00,55726.1606
2017-04-21 01:30:00,53842.23859666666
2017-04-21 02:00:00,53000.561056666666
2017-04-21 02:30:00,52271.733290000004
2017-04-21 03:00:00,52250.162416666666
2017-04-21 03:30:00,52940.58605333334
2017-04-21 04:00:00,54742.1998
2017-04-21 04:30:00,52995.74047666666
2017-04-21 05:00:00,50192.820459999995
2017-04-21 05:30:00,46387.71444666666
2017-04-21 06:00:00,48666.216406666674
2017-04-21 06:30:00,50118.71982666667
2017-04-21 07:00:00,51900.71278333333
2017-04-21 07:30:00,54441.00489666667
2017-04-21 08:00:00,57360.50873333334
2017-04-21 08:30:00,60721.15818
2017-04-21 09:00:00,64382.43062333334
2017-04-21 09:30:00,68395.56718
2017-04-21 10:00:00,71549.84586666666
2017-04-21 10:30:00,74049.84221666667
2017-04-21 11:00:00,75678.5956
2017-04-21 11:30:00,77861.84434666666
2017-04-21 12:00:00,76656.23371666668
2017-04-21 12:30:00,73767.70975
2017-04-21 13:00:00,72990.22148333334
2017-04-21 13:30:00,72305.54444666667
2017-04-21 14:00:00,71787.89541666667
2017-04-21 14:30:00,71394.18016666667
2017-04-21 15:00:00,71143.58931666666
2017-04-21 15:30:00,70343.4804
2017-04-21 16:00:00,70796.32487666667
2017-04-21 16:30:00,70365.34488666667
2017-04-21 17:00:00,70084.97776
2017-04-21 17:30:00,71356.01380333334
2017-04-21 18:00:00,74091.85183
2017-04-21 18:30:00,79134.27286
2017-04-21 19:00:00,92032.79363708333
2017-04-21 19:30:00,94741.18420999999
2017-04-21 20:00:00,94078.09062666667
2017-04-21 20:30:00,93696.11557666666
2017-04-21 21:00:00,91514.88795333334
2017-04-21 21:30:00,88296.70865333332
2017-04-21 22:00:00,84487.30109666666
2017-04-21 22:30:00,78789.16288999999
2017-04-21 23:00:00,72530.83088333333
2017-04-21 23:30:00,66762.84121
2017-04-22 00:00:00,62836.43253666667
2017-04-22 00:30:00,58864.580279999995
2017-04-22 01:00:00,55502.364956666665
2017-04-22 01:30:00,53894.72028
2017-04-22 02:00:00,52514.802266666666
2017-04-22 02:30:00,51561.324576666666
2017-04-22 03:00:00,51509.57288666666
2017-04-22 03:30:00,52169.52449333333
2017-04-22 04:00:00,53706.62406333333
2017-04-22 04:30:00,51536.30873333334
2017-04-22 05:00:00,47846.79688
2017-04-22 05:30:00,43919.22921333334
2017-04-22 06:00:00,44323.342873333335
2017-04-22 06:30:00,45398.14651333333
2017-04-22 07:00:00,47255.833066666666
2017-04-22 07:30:00,50347.51860666667
2017-04-22 08:00:00,54635.90193666667
2017-04-22 08:30:00,58832.284186666664
2017-04-22 09:00:00,62985.78739333333
2017-04-22 09:30:00,66889.18129333334
2017-04-22 10:00:00,70777.47402000001
2017-04-22 10:30:00,73287.95641333333
2017-04-22 11:00:00,75412.13205999999
2017-04-22 11:30:00,76860.73653666666
2017-04-22 12:00:00,77909.62254333333
2017-04-22 12:30:00,77814.55475666666
2017-04-22 13:00:00,76284.13904666666
2017-04-22 13:30:00,75654.22074
2017-04-22 14:00:00,74452.19928
2017-04-22 14:30:00,72746.12077
2017-04-22 15:00:00,71433.80681666666
2017-04-22 15:30:00,70833.95536666666
2017-04-22 16:00:00,70749.51677
2017-04-22 16:30:00,69244.83696333334
2017-04-22 17:00:00,67858.3028
2017-04-22 17:30:00,70454.91671
2017-04-22 18:00:00,74092.09563
2017-04-22 18:30:00,79808.62661666666
2017-04-22 19:00:00,91674.52202666667
2017-04-22 19:30:00,94055.14620333332
2017-04-22 20:00:00,93479.62813000001
2017-04-22 20:30:00,93267.54225333333
2017-04-22 21:00:00,90999.38653
2017-04-22 21:30:00,88670.40340333333
2017-04-22 22:00:00,85922.00206000001
2017-04-22 22:30:00,81698.03610333333
2017-04-22 23:00:00,76821.53918666666
2017-04-22 23:30:00,71412.91665333333
2017-04-23 00:00:00,63981.448333333334
2017-04-23 00:30:00,59090.01420333333
2017-04-23 01:00:00,55873.87916333333
2017-04-23 01:30:00,53304.70842333333
2017-04-23 02:00:00,50157.72427333333
2017-04-23 02:30:00,49179.86075
2017-04-23 03:00:00,48637.615777916675
2017-04-23 03:30:00,48562.65526250001
2017-04-23 04:00:00,49861.289809999995
2017-04-23 04:30:00,48126.11325250001
2017-04-23 05:00:00,44632.413700000005
2017-04-23 05:30:00,39410.22168066667
2017-04-23 06:00:00,38106.262522
2017-04-23 06:30:00,38733.59355133333
2017-04-23 07:00:00,40106.647529999995
2017-04-23 07:30:00,41866.71139333333
2017-04-23 08:00:00,45702.20387
2017-04-23 08:30:00,49575.732643333344
2017-04-23 09:00:00,53278.874056666675
2017-04-23 09:30:00,57644.676203333336
2017-04-23 10:00:00,61220.676153333334
2017-04-23 10:30:00,64018.73104333333
2017-04-23 11:00:00,66174.3568
2017-04-23 11:30:00,68044.98722
2017-04-23 12:00:00,69184.44147333334
2017-04-23 12:30:00,69843.06815
2017-04-23 13:00:00,69904.00910666666
2017-04-23 13:30:00,69615.30501
2017-04-23 14:00:00,68565.82606
2017-04-23 14:30:00,68294.30072333333
2017-04-23 15:00:00,67801.02877333334
2017-04-23 15:30:00,66688.02242666668
2017-04-23 16:00:00,65477.982743333334
2017-04-23 16:30:00,64818.25861333334
2017-04-23 17:00:00,64533.09541
2017-04-23 17:30:00,65230.84339
2017-04-23 18:00:00,66897.30697333334
2017-04-23 18:30:00,72346.07341999999
2017-04-23 19:00:00,86527.57830875
2017-04-23 19:30:00,90854.21842
2017-04-23 20:00:00,90762.90748666668
2017-04-23 20:30:00,91349.21295
2017-04-23 21:00:00,92457.95523
2017-04-23 21:30:00,90321.18174333333
2017-04-23 22:00:00,86682.56094666666
2017-04-23 22:30:00,80151.41669999999
2017-04-23 23:00:00,72720.46593333334
2017-04-23 23:30:00,66553.55451
2017-04-24 00:00:00,62062.45465666667
2017-04-24 00:30:00,58054.577483333334
2017-04-24 01:00:00,55157.95402333333
2017-04-24 01:30:00,53322.765726666665
2017-04-24 02:00:00,52036.281533333335
2017-04-24 02:30:00,51556.29613
2017-04-24 03:00:00,51751.832590000005
2017-04-24 03:30:00,52138.27922
2017-04-24 04:00:00,53522.10289333333
2017-04-24 04:30:00,51511.259516666665
2017-04-24 05:00:00,48276.29489333333
2017-04-24 05:30:00,44756.531833333334
2017-04-24 06:00:00,47346.77874
2017-04-24 06:30:00,49104.42015666667
2017-04-24 07:00:00,51889.93619333333
2017-04-24 07:30:00,54647.32430666667
2017-04-24 08:00:00,57307.56920666667
2017-04-24 08:30:00,60057.98943666666
2017-04-24 09:00:00,62741.475803333335
2017-04-24 09:30:00,65843.86101333333
2017-04-24 10:00:00,69249.61779999999
2017-04-24 10:30:00,71470.74673666667
2017-04-24 11:00:00,73782.98084999999
2017-04-24 11:30:00,75124.30911333334
2017-04-24 12:00:00,75640.50837666666
2017-04-24 12:30:00,75076.2404
2017-04-24 13:00:00,74262.92313
2017-04-24 13:30:00,74220.21486333334
2017-04-24 14:00:00,73725.26464333333
2017-04-24 14:30:00,72213.74690333333
2017-04-24 15:00:00,71440.7999
2017-04-24 15:30:00,71375.30791333334
2017-04-24 16:00:00,70100.85039333334
2017-04-24 16:30:00,69809.63996333333
2017-04-24 17:00:00,69779.43680000001
2017-04-24 17:30:00,71141.31985666667
2017-04-24 18:00:00,72382.41979
2017-04-24 18:30:00,78489.69261
2017-04-24 19:00:00,92732.81452708335
2017-04-24 19:30:00,96780.22651666666
2017-04-24 20:00:00,96383.50628333334
2017-04-24 20:30:00,95534.26817333333
2017-04-24 21:00:00,93907.63315666666
2017-04-24 21:30:00,89947.56197333334
2017-04-24 22:00:00,86120.03048333334
2017-04-24 22:30:00,79695.67438
2017-04-24 23:00:00,73156.91902666667
2017-04-24 23:30:00,67820.82203333334
2017-04-25 00:00:00,62803.867796666666
2017-04-25 00:30:00,58902.38637
2017-04-25 01:00:00,55916.01433
2017-04-25 01:30:00,54453.101189999994
2017-04-25 02:00:00,53057.15940333333
2017-04-25 02:30:00,52487.88482
2017-04-25 03:00:00,52256.3174
2017-04-25 03:30:00,52520.786536666674
2017-04-25 04:00:00,54114.83502666667
2017-04-25 04:30:00,52182.617406666664
2017-04-25 05:00:00,48569.26517333334
2017-04-25 05:30:00,45582.48355
2017-04-25 06:00:00,48207.131773333334
2017-04-25 06:30:00,49672.50902
2017-04-25 07:00:00,52422.47512333334
2017-04-25 07:30:00,54815.21886
2017-04-25 08:00:00,57974.86949333333
2017-04-25 08:30:00,60987.32171
2017-04-25 09:00:00,63472.48970333333
2017-04-25 09:30:00,66850.03178666667
2017-04-25 10:00:00,69868.50521666667
2017-04-25 10:30:00,71849.50513666666
2017-04-25 11:00:00,73699.63094333334
2017-04-25 11:30:00,74548.81224666665
2017-04-25 12:00:00,75019.69334666665
2017-04-25 12:30:00,75157.74354666666
2017-04-25 13:00:00,75069.07933333334
2017-04-25 13:30:00,74800.21083
2017-04-25 14:00:00,73831.39003666666
2017-04-25 14:30:00,73061.93106333334
2017-04-25 15:00:00,71459.47175666667
2017-04-25 15:30:00,70666.44436000001
2017-04-25 16:00:00,69983.40326333333
2017-04-25 16:30:00,70104.95004666667
2017-04-25 17:00:00,69727.68825333333
2017-04-25 17:30:00,70960.20130333334
2017-04-25 18:00:00,72063.07514666667
2017-04-25 18:30:00,76264.08954999999
2017-04-25 19:00:00,93218.77708708333
2017-04-25 19:30:00,98763.83821999999
2017-04-25 20:00:00,98734.83800333332
2017-04-25 20:30:00,97568.53609666666
2017-04-25 21:00:00,95043.93373
2017-04-25 21:30:00,91605.01160000001
2017-04-25 22:00:00,87852.87256666667
2017-04-25 22:30:00,81529.25260333333
2017-04-25 23:00:00,74498.5623
2017-04-25 23:30:00,68610.51377666666
2017-04-26 00:00:00,63573.755390000006
2017-04-26 00:30:00,59844.735530000005
2017-04-26 01:00:00,57102.88516
2017-04-26 01:30:00,55329.01193666667
2017-04-26 02:00:00,54151.907759999995
2017-04-26 02:30:00,53370.72089
2017-04-26 03:00:00,53014.68167333334
2017-04-26 03:30:00,53756.81058666667
2017-04-26 04:00:00,54771.42565333334
2017-04-26 04:30:00,53362.35052666667
2017-04-26 05:00:00,50123.35344
2017-04-26 05:30:00,46550.19724666667
2017-04-26 06:00:00,48864.464530000005
2017-04-26 06:30:00,49669.750036666665
2017-04-26 07:00:00,52831.672263333334
2017-04-26 07:30:00,55569.18120666667
2017-04-26 08:00:00,58375.99809666667
2017-04-26 08:30:00,61370.74750333334
2017-04-26 09:00:00,65015.28241333333
2017-04-26 09:30:00,67606.26704666666
2017-04-26 10:00:00,70792.68007
2017-04-26 10:30:00,72435.02753666666
2017-04-26 11:00:00,73535.82658
2017-04-26 11:30:00,75490.68301
2017-04-26 12:00:00,75833.64496
2017-04-26 12:30:00,75632.4066
2017-04-26 13:00:00,75055.05098
2017-04-26 13:30:00,74454.57324666665
2017-04-26 14:00:00,73671.76132666667
2017-04-26 14:30:00,72712.65242666665
2017-04-26 15:00:00,71774.76134333333
2017-04-26 15:30:00,70552.07072333334
2017-04-26 16:00:00,69919.64482666667
2017-04-26 16:30:00,68771.73766666667
2017-04-26 17:00:00,68934.29542333334
2017-04-26 17:30:00,70041.61848333332
2017-04-26 18:00:00,70725.32453
2017-04-26 18:30:00,75750.54003666667
2017-04-26 19:00:00,92652.14913708334
2017-04-26 19:30:00,97541.95002
2017-04-26 20:00:00,97639.75241333334
2017-04-26 20:30:00,96999.01369333333
2017-04-26 21:00:00,95075.89130333334
2017-04-26 21:30:00,91929.98742666666
2017-04-26 22:00:00,87566.99649666667
2017-04-26 22:30:00,80172.22344666667
2017-04-26 23:00:00,73522.154
2017-04-26 23:30:00,67918.44614999999
2017-04-27 00:00:00,62374.13509999999
2017-04-27 00:30:00,59007.50209666666
2017-04-27 01:00:00,56173.37188
2017-04-27 01:30:00,54579.79264333333
2017-04-27 02:00:00,53730.52453333334
2017-04-27 02:30:00,53072.25084666667
2017-04-27 03:00:00,53443.16961666666
2017-04-27 03:30:00,53683.877153333335
2017-04-27 04:00:00,54669.79021666667
2017-04-27 04:30:00,52952.41447333333
2017-04-27 05:00:00,48885.24591
2017-04-27 05:30:00,45071.35831666667
2017-04-27 06:00:00,48082.10396666667
2017-04-27 06:30:00,49469.45650666667
2017-04-27 07:00:00,52014.31841666667
2017-04-27 07:30:00,54420.11591666666
2017-04-27 08:00:00,57747.33927999999
2017-04-27 08:30:00,61290.11237000001
2017-04-27 09:00:00,63660.38738
2017-04-27 09:30:00,67260.65072333334
2017-04-27 10:00:00,70343.13225333333
2017-04-27 10:30:00,72070.70905
2017-04-27 11:00:00,74304.25704
2017-04-27 11:30:00,75817.10395333332
2017-04-27 12:00:00,75496.63958666667
2017-04-27 12:30:00,75329.94313333333
2017-04-27 13:00:00,74853.36655333333
2017-04-27 13:30:00,74333.48181
2017-04-27 14:00:00,74179.91855666667
2017-04-27 14:30:00,72967.84960999999
2017-04-27 15:00:00,72418.11828666666
2017-04-27 15:30:00,71599.27005666668
2017-04-27 16:00:00,69949.72489
2017-04-27 16:30:00,69533.84838666666
2017-04-27 17:00:00,69536.45361666667
2017-04-27 17:30:00,69782.63042666667
2017-04-27 18:00:00,70806.85261
2017-04-27 18:30:00,76463.18673333334
2017-04-27 19:00:00,92585.93822375002
2017-04-27 19:30:00,97965.82826333334
2017-04-27 20:00:00,97533.52063
2017-04-27 20:30:00,97162.65486333333
2017-04-27 21:00:00,94800.43699333334
2017-04-27 21:30:00,92096.96374333334
2017-04-27 22:00:00,88626.93662666668
2017-04-27 22:30:00,82212.74230333332
2017-04-27 23:00:00,75052.77192666667
2017-04-27 23:30:00,69267.52068333332
2017-04-28 00:00:00,64273.461506666674
2017-04-28 00:30:00,60264.37098666667
2017-04-28 01:00:00,56795.19456
2017-04-28 01:30:00,55124.77323333333
2017-04-28 02:00:00,53663.94922333333
2017-04-28 02:30:00,52986.18221333334
2017-04-28 03:00:00,53584.73609666666
2017-04-28 03:30:00,54588.70766208333
2017-04-28 04:00:00,56500.35640333333
2017-04-28 04:30:00,54617.01971666666
2017-04-28 05:00:00,50648.89429
2017-04-28 05:30:00,47017.58824666667
2017-04-28 06:00:00,49634.15181333333
2017-04-28 06:30:00,50930.85312666666
2017-04-28 07:00:00,53165.66712333334
2017-04-28 07:30:00,55024.72398333333
2017-04-28 08:00:00,58832.89024666667
2017-04-28 08:30:00,62370.850953333334
2017-04-28 09:00:00,65043.31126000001
2017-04-28 09:30:00,69050.17022
2017-04-28 10:00:00,71964.52883000001
2017-04-28 10:30:00,74389.22116666667
2017-04-28 11:00:00,76703.52435625001
2017-04-28 11:30:00,78354.23859875002
2017-04-28 12:00:00,77194.97747
2017-04-28 12:30:00,74826.32469333334
2017-04-28 13:00:00,75129.46720666667
2017-04-28 13:30:00,74095.33987000001
2017-04-28 14:00:00,73146.41068666667
2017-04-28 14:30:00,72930.82952
2017-04-28 15:00:00,71577.97186666667
2017-04-28 15:30:00,69855.31672
2017-04-28 16:00:00,70187.85872
2017-04-28 16:30:00,70609.09624
2017-04-28 17:00:00,71719.43527666666
2017-04-28 17:30:00,73370.08385250001
2017-04-28 18:00:00,75414.16202666667
2017-04-28 18:30:00,80695.39248
2017-04-28 19:00:00,92733.91053041666
2017-04-28 19:30:00,96768.72876000001
2017-04-28 20:00:00,95831.01139333332
2017-04-28 20:30:00,95039.62070333333
2017-04-28 21:00:00,93317.75403666667
2017-04-28 21:30:00,90334.49704
2017-04-28 22:00:00,86161.61897666666
2017-04-28 22:30:00,80395.74081333332
2017-04-28 23:00:00,73737.32919666667
2017-04-28 23:30:00,68231.03145333333
2017-04-29 00:00:00,63828.78504333333
2017-04-29 00:30:00,59773.48764666667
2017-04-29 01:00:00,57008.56581666667
2017-04-29 01:30:00,54924.80414
2017-04-29 02:00:00,52909.85554333334
2017-04-29 02:30:00,52395.287000000004
2017-04-29 03:00:00,52098.29171
2017-04-29 03:30:00,52913.771459999996
2017-04-29 04:00:00,53782.57355
2017-04-29 04:30:00,51716.41816666667
2017-04-29 05:00:00,46915.82371999999
2017-04-29 05:30:00,43120.91915666667
2017-04-29 06:00:00,44849.655763333336
2017-04-29 06:30:00,45707.10657
2017-04-29 07:00:00,48241.85854000001
2017-04-29 07:30:00,51597.77463333333
2017-04-29 08:00:00,55003.445
2017-04-29 08:30:00,59011.16253333333
2017-04-29 09:00:00,62560.82124
2017-04-29 09:30:00,66134.46197333334
2017-04-29 10:00:00,69516.35909333335
2017-04-29 10:30:00,72221.04252999999
2017-04-29 11:00:00,74215.68232
2017-04-29 11:30:00,75747.78699000001
2017-04-29 12:00:00,76410.93625333333
2017-04-29 12:30:00,75990.74798
2017-04-29 13:00:00,77051.70248666666
2017-04-29 13:30:00,77834.84828666666
2017-04-29 14:00:00,76508.27347
2017-04-29 14:30:00,74194.35029999999
2017-04-29 15:00:00,72088.95260333334
2017-04-29 15:30:00,71696.50082666667
2017-04-29 16:00:00,70783.40456333333
2017-04-29 16:30:00,70494.67309333333
2017-04-29 17:00:00,70264.53045666666
2017-04-29 17:30:00,70721.40809
2017-04-29 18:00:00,72102.38343
2017-04-29 18:30:00,77517.32884
2017-04-29 19:00:00,90765.75647333334
2017-04-29 19:30:00,96425.64419
2017-04-29 20:00:00,95530.83362333332
2017-04-29 20:30:00,94382.39950333333
2017-04-29 21:00:00,93598.67391333333
2017-04-29 21:30:00,90802.15873000001
2017-04-29 22:00:00,88082.99828333333
2017-04-29 22:30:00,84165.96263333333
2017-04-29 23:00:00,79713.69586333334
2017-04-29 23:30:00,72880.64193
2017-04-30 00:00:00,65847.01041
2017-04-30 00:30:00,61058.32496666667
2017-04-30 01:00:00,57288.91462666667
2017-04-30 01:30:00,54525.07519333333
2017-04-30 02:00:00,52681.743519999996
2017-04-30 02:30:00,51733.86366333333
2017-04-30 03:00:00,50922.84030666667
2017-04-30 03:30:00,51669.24346666667
2017-04-30 04:00:00,52068.690506666666
2017-04-30 04:30:00,49664.703753333335
2017-04-30 05:00:00,44130.378593333335
2017-04-30 05:30:00,39488.00439
2017-04-30 06:00:00,39191.35674333333
2017-04-30 06:30:00,40129.73075333333
2017-04-30 07:00:00,42444.48513
2017-04-30 07:30:00,44411.38613
2017-04-30 08:00:00,48042.106830000004
2017-04-30 08:30:00,52575.37101333333
2017-04-30 09:00:00,56544.00489666667
2017-04-30 09:30:00,59885.713423333335
2017-04-30 10:00:00,63569.11240333334
2017-04-30 10:30:00,66082.61574666666
2017-04-30 11:00:00,67734.90869666667
2017-04-30 11:30:00,68690.91546333332
2017-04-30 12:00:00,69174.05714
2017-04-30 12:30:00,69468.01134333333
2017-04-30 13:00:00,69856.86757333334
2017-04-30 13:30:00,69467.08324666666
2017-04-30 14:00:00,69010.48135999999
2017-04-30 14:30:00,67089.55371333333
2017-04-30 15:00:00,65968.69926666666
2017-04-30 15:30:00,65193.260253333334
2017-04-30 16:00:00,64330.50574666667
2017-04-30 16:30:00,63401.80987333334
2017-04-30 17:00:00,61952.35802000001
2017-04-30 17:30:00,61604.17996666667
2017-04-30 18:00:00,62362.121413333334
2017-04-30 18:30:00,66891.68201333332
2017-04-30 19:00:00,83937.79226416668
2017-04-30 19:30:00,90220.60985666666
2017-04-30 20:00:00,90742.66176333332
2017-04-30 20:30:00,91803.64579
2017-04-30 21:00:00,92037.68327333334
2017-04-30 21:30:00,90726.04003666667
2017-04-30 22:00:00,88670.14447
2017-04-30 22:30:00,83544.05304000001
2017-04-30 23:00:00,77140.20351333333
2017-04-30 23:30:00,70579.23154666666
2017-05-01 00:00:00,65430.38210333333
2017-05-01 00:30:00,61322.361249999994
2017-05-01 01:00:00,57564.23604333333
2017-05-01 01:30:00,54981.68272333334
2017-05-01 02:00:00,53269.88593
2017-05-01 02:30:00,51984.81987000001
2017-05-01 03:00:00,52383.07854124999
2017-05-01 03:30:00,52867.728107499985
2017-05-01 04:00:00,52566.90719
2017-05-01 04:30:00,50313.21424333333
2017-05-01 05:00:00,44653.18419875
2017-05-01 05:30:00,42925.43602625
2017-05-01 06:00:00,39590.00024
2017-05-01 06:30:00,40337.09684333333
2017-05-01 07:00:00,44894.03464624999
2017-05-01 07:30:00,45241.566567499984
2017-05-01 08:00:00,49038.22766333333
2017-05-01 08:30:00,52616.59033666667
2017-05-01 09:00:00,57317.06838291666
2017-05-01 09:30:00,61086.02607
2017-05-01 10:00:00,64435.89797249999
2017-05-01 10:30:00,65871.98163666666
2017-05-01 11:00:00,68519.57763749997
2017-05-01 11:30:00,69650.21604666667
2017-05-01 12:00:00,70465.52355
2017-05-01 12:30:00,70631.33226333333
2017-05-01 13:00:00,70410.86310333332
2017-05-01 13:30:00,69766.40022875
2017-05-01 14:00:00,69288.22870625
2017-05-01 14:30:00,69288.22870625
2017-05-01 15:00:00,67173.23163499999
2017-05-01 15:30:00,67131.0091075
2017-05-01 16:00:00,65006.20959666666
2017-05-01 16:30:00,64039.959866666664
2017-05-01 17:00:00,63447.094720000016
2017-05-01 17:30:00,63447.094720000016
2017-05-01 18:00:00,65950.10198875003
2017-05-01 18:30:00,68550.82617
2017-05-01 19:00:00,83272.23096666667
2017-05-01 19:30:00,92438.8128
2017-05-01 20:00:00,94016.265845
2017-05-01 20:30:00,93885.71841000002
2017-05-01 21:00:00,94359.32452333334
2017-05-01 21:30:00,92151.56014666667
2017-05-01 22:00:00,88242.96670333335
2017-05-01 22:30:00,81829.88749333333
2017-05-01 23:00:00,75231.16395
2017-05-01 23:30:00,69095.09389999999
2017-05-02 00:00:00,64007.222076666665
2017-05-02 00:30:00,59491.81805666666
2017-05-02 01:00:00,56667.53536333333
2017-05-02 01:30:00,54881.24376333334
2017-05-02 02:00:00,53259.49626000001
2017-05-02 02:30:00,52630.65994666666
2017-05-02 03:00:00,52445.403383749996
2017-05-02 03:30:00,53652.63089375
2017-05-02 04:00:00,54022.43132
2017-05-02 04:30:00,52407.68314
2017-05-02 05:00:00,47680.37267875
2017-05-02 05:30:00,45587.14935333334
2017-05-02 06:00:00,49172.34270666667
2017-05-02 06:30:00,50152.54885666666
2017-05-02 07:00:00,52452.24113666667
2017-05-02 07:30:00,55649.22371
2017-05-02 08:00:00,58733.21245333333
2017-05-02 08:30:00,62036.16010666667
2017-05-02 09:00:00,64773.510766666666
2017-05-02 09:30:00,68193.59475666667
2017-05-02 10:00:00,70883.57118666667
2017-05-02 10:30:00,72583.80501
2017-05-02 11:00:00,73956.37156
2017-05-02 11:30:00,75599.23966666666
2017-05-02 12:00:00,75737.74408666666
2017-05-02 12:30:00,74843.87536333333
2017-05-02 13:00:00,74761.93948
2017-05-02 13:30:00,73944.05244
2017-05-02 14:00:00,73346.72995333333
2017-05-02 14:30:00,72835.1005
2017-05-02 15:00:00,72060.73034333333
2017-05-02 15:30:00,71284.71856333333
2017-05-02 16:00:00,69862.37097666667
2017-05-02 16:30:00,69173.95083333332
2017-05-02 17:00:00,68472.78123333334
2017-05-02 17:30:00,68926.73425
2017-05-02 18:00:00,71284.22720333333
2017-05-02 18:30:00,75243.69864999999
2017-05-02 19:00:00,88285.54539666667
2017-05-02 19:30:00,97583.13290666668
2017-05-02 20:00:00,97194.55283
2017-05-02 20:30:00,96948.10345333333
2017-05-02 21:00:00,95169.93213333334
2017-05-02 21:30:00,92231.45058
2017-05-02 22:00:00,88358.84585
2017-05-02 22:30:00,82406.67768666668
2017-05-02 23:00:00,75991.68626666667
2017-05-02 23:30:00,68739.44949666667
2017-05-03 00:00:00,63550.17455333334
2017-05-03 00:30:00,60309.856629999995
2017-05-03 01:00:00,57477.09879333334
2017-05-03 01:30:00,54924.25853666667
2017-05-03 02:00:00,54096.74909333334
2017-05-03 02:30:00,53497.809479999996
2017-05-03 03:00:00,53280.14492
2017-05-03 03:30:00,54748.93947666666
2017-05-03 04:00:00,54938.71474333334
2017-05-03 04:30:00,53210.00569333333
2017-05-03 05:00:00,47719.903708750004
2017-05-03 05:30:00,45420.87925666667
2017-05-03 06:00:00,48360.44053666666
2017-05-03 06:30:00,49791.46735
2017-05-03 07:00:00,52198.3603
2017-05-03 07:30:00,51507.187459999994
2017-05-03 08:00:00,54075.526366666665
2017-05-03 08:30:00,57451.486386666664
2017-05-03 09:00:00,60308.83862333334
2017-05-03 09:30:00,63115.46127666667
2017-05-03 10:00:00,65929.28164666667
2017-05-03 10:30:00,67814.20763
2017-05-03 11:00:00,69497.99532333332
2017-05-03 11:30:00,71250.12997000001
2017-05-03 12:00:00,71575.51648333333
2017-05-03 12:30:00,71322.08958666667
2017-05-03 13:00:00,71322.2876
2017-05-03 13:30:00,70918.04003666667
2017-05-03 14:00:00,70895.31025
2017-05-03 14:30:00,70065.34807666666
2017-05-03 15:00:00,68820.67708666668
2017-05-03 15:30:00,69304.87456000001
2017-05-03 16:00:00,69103.31218666666
2017-05-03 16:30:00,69066.75510000001
2017-05-03 17:00:00,69302.50958999999
2017-05-03 17:30:00,70942.77910333333
2017-05-03 18:00:00,73080.39631333333
2017-05-03 18:30:00,77559.26992666668
2017-05-03 19:00:00,90753.93757333333
2017-05-03 19:30:00,98603.86099666666
2017-05-03 20:00:00,99089.17960666667
2017-05-03 20:30:00,98059.56453333334
2017-05-03 21:00:00,96285.20977
2017-05-03 21:30:00,92498.20749
2017-05-03 22:00:00,87797.36427333334
2017-05-03 22:30:00,81153.05336333334
2017-05-03 23:00:00,74550.87452
2017-05-03 23:30:00,68793.25941
2017-05-04 00:00:00,63788.33480666667
2017-05-04 00:30:00,60612.35456333333
2017-05-04 01:00:00,57555.112056666665
2017-05-04 01:30:00,55683.25967
2017-05-04 02:00:00,54826.58937666667
2017-05-04 02:30:00,54006.24635999999
2017-05-04 03:00:00,53479.762160000006
2017-05-04 03:30:00,55324.972636666665
2017-05-04 04:00:00,55012.32896333333
2017-05-04 04:30:00,53423.78580333333
2017-05-04 05:00:00,48126.40105541667
2017-05-04 05:30:00,45944.518626666664
2017-05-04 06:00:00,49597.73773
2017-05-04 06:30:00,51137.96243666666
2017-05-04 07:00:00,53135.01897
2017-05-04 07:30:00,55599.47872000001
2017-05-04 08:00:00,58728.429670000005
2017-05-04 08:30:00,61645.54601666667
2017-05-04 09:00:00,64689.27643
2017-05-04 09:30:00,68088.76086666666
2017-05-04 10:00:00,71222.11924333333
2017-05-04 10:30:00,73258.67507666665
2017-05-04 11:00:00,74984.65449
2017-05-04 11:30:00,76189.41328333334
2017-05-04 12:00:00,76113.78277666667
2017-05-04 12:30:00,75191.79276666667
2017-05-04 13:00:00,74462.91933666666
2017-05-04 13:30:00,74360.20604333332
2017-05-04 14:00:00,74369.66853666666
2017-05-04 14:30:00,73803.87086666666
2017-05-04 15:00:00,73023.6337
2017-05-04 15:30:00,72420.98616666667
2017-05-04 16:00:00,70829.74198
2017-05-04 16:30:00,71322.64290666666
2017-05-04 17:00:00,71258.27486333334
2017-05-04 17:30:00,73124.26056
2017-05-04 18:00:00,75869.26798333332
2017-05-04 18:30:00,80394.08071333333
2017-05-04 19:00:00,92532.98685333332
2017-05-04 19:30:00,98947.37160666667
2017-05-04 20:00:00,99027.57043666666
2017-05-04 20:30:00,98153.39034333332
2017-05-04 21:00:00,96444.64182333334
2017-05-04 21:30:00,93866.74273
2017-05-04 22:00:00,89276.81042
2017-05-04 22:30:00,82654.59444999999
2017-05-04 23:00:00,76332.62839333333
2017-05-04 23:30:00,70228.18554333334
2017-05-05 00:00:00,65828.38175
2017-05-05 00:30:00,61982.408983333335
2017-05-05 01:00:00,58466.10529333333
2017-05-05 01:30:00,56619.80384333333
2017-05-05 02:00:00,54917.90692
2017-05-05 02:30:00,54178.96551333333
2017-05-05 03:00:00,54371.58724
2017-05-05 03:30:00,55492.83206000001
2017-05-05 04:00:00,55829.30005333334
2017-05-05 04:30:00,54049.33158666666
2017-05-05 05:00:00,48530.425805416664
2017-05-05 05:30:00,46232.207539999996
2017-05-05 06:00:00,49229.54184
2017-05-05 06:30:00,50639.22642
2017-05-05 07:00:00,52538.22175999999
2017-05-05 07:30:00,56027.08754666667
2017-05-05 08:00:00,59094.73259
2017-05-05 08:30:00,62665.66131666667
2017-05-05 09:00:00,65286.32169333333
2017-05-05 09:30:00,68589.50841666666
2017-05-05 10:00:00,71815.53291333334
2017-05-05 10:30:00,74153.76357333333
2017-05-05 11:00:00,76517.57828666667
2017-05-05 11:30:00,79162.51379
2017-05-05 12:00:00,76964.67046
2017-05-05 12:30:00,74926.24364
2017-05-05 13:00:00,75298.86494
2017-05-05 13:30:00,74416.81692999999
2017-05-05 14:00:00,73120.73953666668
2017-05-05 14:30:00,72331.73475333334
2017-05-05 15:00:00,71030.32719
2017-05-05 15:30:00,70283.99979666667
2017-05-05 16:00:00,69095.53447666667
2017-05-05 16:30:00,68397.47705666667
2017-05-05 17:00:00,67706.48187333334
2017-05-05 17:30:00,68406.72653
2017-05-05 18:00:00,69437.41565333333
2017-05-05 18:30:00,73729.68739666668
2017-05-05 19:00:00,86274.78336333332
2017-05-05 19:30:00,96022.70036
2017-05-05 20:00:00,96905.97221333331
2017-05-05 20:30:00,96275.28671333333
2017-05-05 21:00:00,94774.25641333334
2017-05-05 21:30:00,93038.34146333335
2017-05-05 22:00:00,89756.75170666666
2017-05-05 22:30:00,84754.58347333335
2017-05-05 23:00:00,78110.60531666667
2017-05-05 23:30:00,71636.88216333334
2017-05-06 00:00:00,66142.12220666667
2017-05-06 00:30:00,62265.12036333333
2017-05-06 01:00:00,58891.03913333333
2017-05-06 01:30:00,56601.51989333334
2017-05-06 02:00:00,54878.53448333333
2017-05-06 02:30:00,53852.38609000001
2017-05-06 03:00:00,53493.40838
2017-05-06 03:30:00,55015.824003333335
2017-05-06 04:00:00,54619.477333333336
2017-05-06 04:30:00,52809.445369999994
2017-05-06 05:00:00,46993.96049333334
2017-05-06 05:30:00,43887.815663333335
2017-05-06 06:00:00,45367.610049999996
2017-05-06 06:30:00,46823.81619666666
2017-05-06 07:00:00,49764.44927333333
2017-05-06 07:30:00,53615.59647
2017-05-06 08:00:00,58053.28244333334
2017-05-06 08:30:00,61812.61824333333
2017-05-06 09:00:00,65580.05389333334
2017-05-06 09:30:00,69296.32101666667
2017-05-06 10:00:00,71484.87463666666
2017-05-06 10:30:00,72645.68360666666
2017-05-06 11:00:00,74159.55692666666
2017-05-06 11:30:00,76055.41722
2017-05-06 12:00:00,76437.99355666667
2017-05-06 12:30:00,76434.24434333334
2017-05-06 13:00:00,75603.52664333333
2017-05-06 13:30:00,74985.55893333333
2017-05-06 14:00:00,74260.41560666666
2017-05-06 14:30:00,72960.13267666666
2017-05-06 15:00:00,71439.96821
2017-05-06 15:30:00,70482.48821
2017-05-06 16:00:00,69795.07233
2017-05-06 16:30:00,69125.30456
2017-05-06 17:00:00,68146.58728333334
2017-05-06 17:30:00,68270.5942
2017-05-06 18:00:00,68549.59121333333
2017-05-06 18:30:00,71811.53277
2017-05-06 19:00:00,83149.12818666665
2017-05-06 19:30:00,94056.37588666666
2017-05-06 20:00:00,95502.95794666668
2017-05-06 20:30:00,94812.27464999999
2017-05-06 21:00:00,93904.94979333332
2017-05-06 21:30:00,92542.35658
2017-05-06 22:00:00,89663.96102
2017-05-06 22:30:00,85763.23943
2017-05-06 23:00:00,80793.58779333334
2017-05-06 23:30:00,75651.32276
2017-05-07 00:00:00,67681.01101
2017-05-07 00:30:00,61841.83938
2017-05-07 01:00:00,58400.935926666665
2017-05-07 01:30:00,55799.87385333333
2017-05-07 02:00:00,54352.91000666667
2017-05-07 02:30:00,52872.69796333334
2017-05-07 03:00:00,52487.871973333335
2017-05-07 03:30:00,53944.34946666667
2017-05-07 04:00:00,53408.93805
2017-05-07 04:30:00,50729.593733333335
2017-05-07 05:00:00,44325.49408
2017-05-07 05:30:00,40406.25841
2017-05-07 06:00:00,39818.73136
2017-05-07 06:30:00,41248.71367333333
2017-05-07 07:00:00,42698.44176766667
2017-05-07 07:30:00,45541.767179999995
2017-05-07 08:00:00,49299.818616666664
2017-05-07 08:30:00,52399.96021
2017-05-07 09:00:00,56268.863266666674
2017-05-07 09:30:00,60322.81497333333
2017-05-07 10:00:00,63010.340416666666
2017-05-07 10:30:00,65421.785513333336
2017-05-07 11:00:00,66126.51599
2017-05-07 11:30:00,66781.07908333333
2017-05-07 12:00:00,67725.64271333332
2017-05-07 12:30:00,68037.73139333334
2017-05-07 13:00:00,68471.15087
2017-05-07 13:30:00,67976.67091666667
2017-05-07 14:00:00,67586.69616333333
2017-05-07 14:30:00,66984.79015666667
2017-05-07 15:00:00,66139.46252333334
2017-05-07 15:30:00,65334.93522666666
2017-05-07 16:00:00,64671.19418666667
2017-05-07 16:30:00,63731.41370999999
2017-05-07 17:00:00,62820.694956666666
2017-05-07 17:30:00,62432.22232333333
2017-05-07 18:00:00,63274.08745666667
2017-05-07 18:30:00,66583.44189999999
2017-05-07 19:00:00,78743.42253333335
2017-05-07 19:30:00,91909.24496333332
2017-05-07 20:00:00,94207.9935
2017-05-07 20:30:00,95304.95401666667
2017-05-07 21:00:00,95893.26445
2017-05-07 21:30:00,94047.39251333334
2017-05-07 22:00:00,89973.50450666668
2017-05-07 22:30:00,83900.95821333333
2017-05-07 23:00:00,76124.09355666667
2017-05-07 23:30:00,70003.26585666667
2017-05-08 00:00:00,64720.50522666667
2017-05-08 00:30:00,60880.544330000004
2017-05-08 01:00:00,58042.36493666667
2017-05-08 01:30:00,56598.54775666667
2017-05-08 02:00:00,55131.477763333336
2017-05-08 02:30:00,54456.2083
2017-05-08 03:00:00,55188.531539999996
2017-05-08 03:30:00,56646.698613333334
2017-05-08 04:00:00,55471.76344
2017-05-08 04:30:00,53071.167883333335
2017-05-08 05:00:00,47926.68181
2017-05-08 05:30:00,46137.12748
2017-05-08 06:00:00,49294.77823333334
2017-05-08 06:30:00,51033.034966666666
2017-05-08 07:00:00,53424.79006666667
2017-05-08 07:30:00,56588.54100666667
2017-05-08 08:00:00,59649.53735333334
2017-05-08 08:30:00,63077.171376666665
2017-05-08 09:00:00,65708.56087666667
2017-05-08 09:30:00,68702.98236666666
2017-05-08 10:00:00,71795.35705
2017-05-08 10:30:00,73976.78466666666
2017-05-08 11:00:00,75320.93371333333
2017-05-08 11:30:00,74456.03032666667
2017-05-08 12:00:00,76255.88450333332
2017-05-08 12:30:00,76830.58757999999
2017-05-08 13:00:00,76519.34545000001
2017-05-08 13:30:00,76127.65269
2017-05-08 14:00:00,75646.62081666666
2017-05-08 14:30:00,74816.80275333334
2017-05-08 15:00:00,74197.65074666667
2017-05-08 15:30:00,73044.30266
2017-05-08 16:00:00,71904.04684333333
2017-05-08 16:30:00,71522.80242333333
2017-05-08 17:00:00,70895.74207333333
2017-05-08 17:30:00,70900.66884
2017-05-08 18:00:00,71930.91619666667
2017-05-08 18:30:00,74985.73546333333
2017-05-08 19:00:00,87779.20969666667
2017-05-08 19:30:00,98996.95580666668
2017-05-08 20:00:00,100521.90043666668
2017-05-08 20:30:00,100063.19019
2017-05-08 21:00:00,98311.07703666667
2017-05-08 21:30:00,95095.42521999999
2017-05-08 22:00:00,89982.76442
2017-05-08 22:30:00,83961.28808000001
2017-05-08 23:00:00,77743.04495333334
2017-05-08 23:30:00,70529.31266333333
2017-05-09 00:00:00,65148.1306
2017-05-09 00:30:00,61483.304050000006
2017-05-09 01:00:00,58798.27168666667
2017-05-09 01:30:00,57471.731023333334
2017-05-09 02:00:00,56348.50383333333
2017-05-09 02:30:00,55882.647403333336
2017-05-09 03:00:00,55854.07723
2017-05-09 03:30:00,57343.496459999995
2017-05-09 04:00:00,56243.59336
2017-05-09 04:30:00,53945.19219
2017-05-09 05:00:00,48285.84835875
2017-05-09 05:30:00,46995.26341666666
2017-05-09 06:00:00,50989.28347333334
2017-05-09 06:30:00,52513.60181666666
2017-05-09 07:00:00,53992.32035666666
2017-05-09 07:30:00,54958.22034333334
2017-05-09 08:00:00,55794.70284666666
2017-05-09 08:30:00,59745.69033333333
2017-05-09 09:00:00,62272.575436666666
2017-05-09 09:30:00,65374.567093333324
2017-05-09 10:00:00,68022.17752000001
2017-05-09 10:30:00,70985.71722666667
2017-05-09 11:00:00,73074.57903666666
2017-05-09 11:30:00,76206.11777666667
2017-05-09 12:00:00,77165.37680333333
2017-05-09 12:30:00,77121.50105666666
2017-05-09 13:00:00,77030.50990333334
2017-05-09 13:30:00,77018.51885000001
2017-05-09 14:00:00,75601.92726666667
2017-05-09 14:30:00,75640.80633666668
2017-05-09 15:00:00,73626.41515999999
2017-05-09 15:30:00,73722.92563
2017-05-09 16:00:00,73071.16451999999
2017-05-09 16:30:00,72419.32069666666
2017-05-09 17:00:00,70919.40123333334
2017-05-09 17:30:00,71880.50638333334
2017-05-09 18:00:00,72433.05318
2017-05-09 18:30:00,74995.07402
2017-05-09 19:00:00,86764.96889666667
2017-05-09 19:30:00,98550.91187333333
2017-05-09 20:00:00,99527.70138
2017-05-09 20:30:00,98848.84403666666
2017-05-09 21:00:00,98083.86346000001
2017-05-09 21:30:00,94832.53058
2017-05-09 22:00:00,90399.91229333333
2017-05-09 22:30:00,84178.42368333333
2017-05-09 23:00:00,76950.41376333333
2017-05-09 23:30:00,70394.74648
2017-05-10 00:00:00,65577.73665
2017-05-10 00:30:00,61403.100289999995
2017-05-10 01:00:00,58804.03511999999
2017-05-10 01:30:00,56808.406936666666
2017-05-10 02:00:00,55845.95601666666
2017-05-10 02:30:00,55055.93685
2017-05-10 03:00:00,54738.804039999995
2017-05-10 03:30:00,56619.01152333333
2017-05-10 04:00:00,55390.999229999994
2017-05-10 04:30:00,53172.650786666665
2017-05-10 05:00:00,47257.98783
2017-05-10 05:30:00,46259.400649999996
2017-05-10 06:00:00,49740.99663
2017-05-10 06:30:00,51527.73474000001
2017-05-10 07:00:00,53716.90321333333
2017-05-10 07:30:00,56561.204163333336
2017-05-10 08:00:00,60353.71113333333
2017-05-10 08:30:00,63462.155906666674
2017-05-10 09:00:00,67276.84403
2017-05-10 09:30:00,70322.60246333333
2017-05-10 10:00:00,73757.29883666667
2017-05-10 10:30:00,75490.78448666667
2017-05-10 11:00:00,76612.78371666667
2017-05-10 11:30:00,77593.43687666667
2017-05-10 12:00:00,77897.59291333333
2017-05-10 12:30:00,77677.71823666667
2017-05-10 13:00:00,77535.00267
2017-05-10 13:30:00,77580.11042666667
2017-05-10 14:00:00,77042.36271333334
2017-05-10 14:30:00,76087.18334999999
2017-05-10 15:00:00,74829.25087
2017-05-10 15:30:00,74175.07131666667
2017-05-10 16:00:00,72983.38180666667
2017-05-10 16:30:00,71389.10200333333
2017-05-10 17:00:00,71538.97900666666
2017-05-10 17:30:00,72570.98084666667
2017-05-10 18:00:00,74296.50269666668
2017-05-10 18:30:00,77201.08716
2017-05-10 19:00:00,87009.02069666666
2017-05-10 19:30:00,98784.47130666666
2017-05-10 20:00:00,99345.19397333334
2017-05-10 20:30:00,98575.84246
2017-05-10 21:00:00,97896.43835333333
2017-05-10 21:30:00,95472.75347
2017-05-10 22:00:00,90473.36104666667
2017-05-10 22:30:00,84055.99690333333
2017-05-10 23:00:00,77294.24688666667
2017-05-10 23:30:00,71319.026
2017-05-11 00:00:00,66551.78365000001
2017-05-11 00:30:00,62531.69343000001
2017-05-11 01:00:00,59181.490116666675
2017-05-11 01:30:00,57255.50174
2017-05-11 02:00:00,56005.65430666666
2017-05-11 02:30:00,55546.77927
2017-05-11 03:00:00,55858.48584
2017-05-11 03:30:00,56872.758616666666
2017-05-11 04:00:00,55400.42942666666
2017-05-11 04:30:00,53115.66467
2017-05-11 05:00:00,47281.71413666667
2017-05-11 05:30:00,46469.886933333335
2017-05-11 06:00:00,49915.35058666667
2017-05-11 06:30:00,51665.35501333334
2017-05-11 07:00:00,54138.38492333333
2017-05-11 07:30:00,56587.250023333334
2017-05-11 08:00:00,60534.15903333334
2017-05-11 08:30:00,64200.50731666666
2017-05-11 09:00:00,66415.53606
2017-05-11 09:30:00,69144.08667333332
2017-05-11 10:00:00,71971.08301
2017-05-11 10:30:00,73873.09059666666
2017-05-11 11:00:00,75500.79786333333
2017-05-11 11:30:00,77119.52407
2017-05-11 12:00:00,77686.42044999999
2017-05-11 12:30:00,77609.05146333334
2017-05-11 13:00:00,77795.24605666667
2017-05-11 13:30:00,77423.43193
2017-05-11 14:00:00,76617.00161333334
2017-05-11 14:30:00,75785.44612
2017-05-11 15:00:00,74444.79249
2017-05-11 15:30:00,73778.97982
2017-05-11 16:00:00,72715.07586
2017-05-11 16:30:00,71694.05618
2017-05-11 17:00:00,70819.26391333333
2017-05-11 17:30:00,72171.95881666667
2017-05-11 18:00:00,73680.14829666667
2017-05-11 18:30:00,76743.00338333334
2017-05-11 19:00:00,88072.85195
2017-05-11 19:30:00,98674.31136666668
2017-05-11 20:00:00,99955.58030666667
2017-05-11 20:30:00,99011.74858666665
2017-05-11 21:00:00,97523.42470666667
2017-05-11 21:30:00,94453.78442333335
2017-05-11 22:00:00,90267.29455666667
2017-05-11 22:30:00,84243.87434
2017-05-11 23:00:00,76838.17689333334
2017-05-11 23:30:00,71182.11989
2017-05-12 00:00:00,65843.48404
2017-05-12 00:30:00,62453.49870333334
2017-05-12 01:00:00,59204.34464333334
2017-05-12 01:30:00,56820.24769
2017-05-12 02:00:00,55487.891123333335
2017-05-12 02:30:00,55082.85829666667
2017-05-12 03:00:00,55767.706880000005
2017-05-12 03:30:00,57115.40431333333
2017-05-12 04:00:00,55910.37635333333
2017-05-12 04:30:00,53197.17466333333
2017-05-12 05:00:00,48137.94034875
2017-05-12 05:30:00,46847.891
2017-05-12 06:00:00,50140.19200666666
2017-05-12 06:30:00,51971.71985666667
2017-05-12 07:00:00,54033.04168333334
2017-05-12 07:30:00,56523.105096666666
2017-05-12 08:00:00,59415.515799999994
2017-05-12 08:30:00,62189.310770000004
2017-05-12 09:00:00,65170.54343
2017-05-12 09:30:00,68930.41293666667
2017-05-12 10:00:00,71536.84498
2017-05-12 10:30:00,73557.90829333333
2017-05-12 11:00:00,76259.11349666667
2017-05-12 11:30:00,78090.53690666666
2017-05-12 12:00:00,76838.16684333334
2017-05-12 12:30:00,74575.52906666667
2017-05-12 13:00:00,74744.27569
2017-05-12 13:30:00,74525.68063666667
2017-05-12 14:00:00,73775.0284
2017-05-12 14:30:00,72809.56861666666
2017-05-12 15:00:00,71881.13591666667
2017-05-12 15:30:00,70763.51118999999
2017-05-12 16:00:00,70152.75343
2017-05-12 16:30:00,70266.64228333333
2017-05-12 17:00:00,69650.13552333333
2017-05-12 17:30:00,69352.55079666666
2017-05-12 18:00:00,70309.83689666667
2017-05-12 18:30:00,73740.74601333332
2017-05-12 19:00:00,83697.19085666667
2017-05-12 19:30:00,95536.30546
2017-05-12 20:00:00,97026.73339666666
2017-05-12 20:30:00,96690.14008333335
2017-05-12 21:00:00,95949.35293333333
2017-05-12 21:30:00,94659.60304333334
2017-05-12 22:00:00,90964.18973
2017-05-12 22:30:00,85199.53319333335
2017-05-12 23:00:00,78248.80952666666
2017-05-12 23:30:00,71690.80851
2017-05-13 00:00:00,66667.31460666667
2017-05-13 00:30:00,62485.71102333333
2017-05-13 01:00:00,59485.62609666667
2017-05-13 01:30:00,57590.92499333334
2017-05-13 02:00:00,56105.82448333333
2017-05-13 02:30:00,54981.88611666666
2017-05-13 03:00:00,54981.76662
2017-05-13 03:30:00,56341.1344
2017-05-13 04:00:00,54495.448926666664
2017-05-13 04:30:00,52400.352000000006
2017-05-13 05:00:00,45909.34785333333
2017-05-13 05:30:00,43500.57186333334
2017-05-13 06:00:00,45728.52846333333
2017-05-13 06:30:00,46693.02183666666
2017-05-13 07:00:00,49914.36524333333
2017-05-13 07:30:00,53819.56396666666
2017-05-13 08:00:00,58380.51832333333
2017-05-13 08:30:00,61970.85926333334
2017-05-13 09:00:00,66216.94507333334
2017-05-13 09:30:00,69749.83795666667
2017-05-13 10:00:00,71457.94643666667
2017-05-13 10:30:00,73687.07653666667
2017-05-13 11:00:00,74457.52307666668
2017-05-13 11:30:00,75925.72814
2017-05-13 12:00:00,77076.10201999999
2017-05-13 12:30:00,76379.29636666666
2017-05-13 13:00:00,76306.68254333334
2017-05-13 13:30:00,75610.61523666668
2017-05-13 14:00:00,74290.89880000001
2017-05-13 14:30:00,72770.66948666667
2017-05-13 15:00:00,68243.25698333334
2017-05-13 15:30:00,68444.06470333332
2017-05-13 16:00:00,68779.95713666668
2017-05-13 16:30:00,68051.76939333334
2017-05-13 17:00:00,67442.85757
2017-05-13 17:30:00,66518.36323
2017-05-13 18:00:00,67048.43979333334
2017-05-13 18:30:00,70491.21734666667
2017-05-13 19:00:00,80504.56822333334
2017-05-13 19:30:00,93918.38943666666
2017-05-13 20:00:00,96518.58174
2017-05-13 20:30:00,96014.89016333333
2017-05-13 21:00:00,95396.84911333333
2017-05-13 21:30:00,93299.95072666666
2017-05-13 22:00:00,91214.84862
2017-05-13 22:30:00,86653.39103666667
2017-05-13 23:00:00,81438.49975
2017-05-13 23:30:00,73920.26529333333
2017-05-14 00:00:00,67561.27677666668
2017-05-14 00:30:00,62600.891113333324
2017-05-14 01:00:00,59279.515576666665
2017-05-14 01:30:00,56784.06734
2017-05-14 02:00:00,54727.93644333334
2017-05-14 02:30:00,53441.97111333333
2017-05-14 03:00:00,53077.08755
2017-05-14 03:30:00,54131.291216666665
2017-05-14 04:00:00,52447.47397333333
2017-05-14 04:30:00,49827.30120666666
2017-05-14 05:00:00,43375.264526666666
2017-05-14 05:30:00,40731.87886
2017-05-14 06:00:00,41074.98363333333
2017-05-14 06:30:00,41730.31486333333
2017-05-14 07:00:00,43969.980983333335
2017-05-14 07:30:00,46184.74650333333
2017-05-14 08:00:00,49926.757203333334
2017-05-14 08:30:00,53618.32249
2017-05-14 09:00:00,57458.325046666665
2017-05-14 09:30:00,61072.990086666665
2017-05-14 10:00:00,63721.81548
2017-05-14 10:30:00,65996.85439333333
2017-05-14 11:00:00,68659.74765666666
2017-05-14 11:30:00,69169.04711666667
2017-05-14 12:00:00,70242.19219000002
2017-05-14 12:30:00,70519.41759666667
2017-05-14 13:00:00,70495.05795
2017-05-14 13:30:00,69553.17086333333
2017-05-14 14:00:00,68800.00262333335
2017-05-14 14:30:00,67852.89012333333
2017-05-14 15:00:00,67123.82842333334
2017-05-14 15:30:00,66272.95610333333
2017-05-14 16:00:00,65422.46146333334
2017-05-14 16:30:00,65177.76357
2017-05-14 17:00:00,64245.86406666667
2017-05-14 17:30:00,64063.01722333333
2017-05-14 18:00:00,64721.61468666667
2017-05-14 18:30:00,66821.71764999999
2017-05-14 19:00:00,76830.59681999999
2017-05-14 19:30:00,90927.93991000002
2017-05-14 20:00:00,94002.43342666666
2017-05-14 20:30:00,95159.78077666667
2017-05-14 21:00:00,95830.00604666666
2017-05-14 21:30:00,95137.62630333332
2017-05-14 22:00:00,90929.37500666665
2017-05-14 22:30:00,84989.02255666668
2017-05-14 23:00:00,78240.74928
2017-05-14 23:30:00,71870.73175333334
2017-05-15 00:00:00,66161.07029
2017-05-15 00:30:00,62704.20139
2017-05-15 01:00:00,59784.83689
2017-05-15 01:30:00,57618.42274
2017-05-15 02:00:00,55595.19297666667
2017-05-15 02:30:00,54622.64579333334
2017-05-15 03:00:00,55509.914976666674
2017-05-15 03:30:00,56780.5906
2017-05-15 04:00:00,55119.526633333335
2017-05-15 04:30:00,52750.59164666667
2017-05-15 05:00:00,46713.13123333334
2017-05-15 05:30:00,46240.38185666667
2017-05-15 06:00:00,49209.65513333334
2017-05-15 06:30:00,51347.817176666664
2017-05-15 07:00:00,54473.316320000005
2017-05-15 07:30:00,57261.50941666667
2017-05-15 08:00:00,60849.35182666666
2017-05-15 08:30:00,63877.69084999999
2017-05-15 09:00:00,66563.85116
2017-05-15 09:30:00,70036.70213666667
2017-05-15 10:00:00,72074.26929666667
2017-05-15 10:30:00,73549.88452666666
2017-05-15 11:00:00,75272.65511666668
2017-05-15 11:30:00,76629.56635
2017-05-15 12:00:00,76947.10118666667
2017-05-15 12:30:00,76637.40947
2017-05-15 13:00:00,76456.74906333332
2017-05-15 13:30:00,76490.32008333332
2017-05-15 14:00:00,76497.19654333334
2017-05-15 14:30:00,75834.60449
2017-05-15 15:00:00,74660.79383333333
2017-05-15 15:30:00,74074.55595666666
2017-05-15 16:00:00,72651.44653999999
2017-05-15 16:30:00,71823.75213
2017-05-15 17:00:00,69624.55485666667
2017-05-15 17:30:00,70689.71606666666
2017-05-15 18:00:00,72006.36498333333
2017-05-15 18:30:00,74882.71627333334
2017-05-15 19:00:00,86247.61368333334
2017-05-15 19:30:00,99451.41886333334
2017-05-15 20:00:00,100559.76325
2017-05-15 20:30:00,99917.06934
2017-05-15 21:00:00,97837.38354666666
2017-05-15 21:30:00,95797.55985666666
2017-05-15 22:00:00,91024.81768666666
2017-05-15 22:30:00,84129.03294
2017-05-15 23:00:00,77586.55005333333
2017-05-15 23:30:00,71501.43295666667
2017-05-16 00:00:00,66339.75352
2017-05-16 00:30:00,62719.01341666666
2017-05-16 01:00:00,59962.799696666676
2017-05-16 01:30:00,58158.25226
2017-05-16 02:00:00,56880.63809
2017-05-16 02:30:00,56483.63833666666
2017-05-16 03:00:00,56259.46624666667
2017-05-16 03:30:00,57574.499970000004
2017-05-16 04:00:00,55790.33172333334
2017-05-16 04:30:00,52909.23112333333
2017-05-16 05:00:00,47490.157393333335
2017-05-16 05:30:00,46981.692096666666
2017-05-16 06:00:00,50656.446820000005
2017-05-16 06:30:00,52081.71501000001
2017-05-16 07:00:00,55000.831079999996
2017-05-16 07:30:00,57476.33471
2017-05-16 08:00:00,61015.106949999994
2017-05-16 08:30:00,63603.42095666667
2017-05-16 09:00:00,66701.94942666667
2017-05-16 09:30:00,69610.96398333333
2017-05-16 10:00:00,72648.48171000001
2017-05-16 10:30:00,74581.4338
2017-05-16 11:00:00,75925.56872333333
2017-05-16 11:30:00,77582.20572333333
2017-05-16 12:00:00,77181.98834
2017-05-16 12:30:00,76978.30443666667
2017-05-16 13:00:00,77437.22482
2017-05-16 13:30:00,76927.87169333333
2017-05-16 14:00:00,76328.17300666666
2017-05-16 14:30:00,75087.97645333334
2017-05-16 15:00:00,74397.85485
2017-05-16 15:30:00,73107.83135666668
2017-05-16 16:00:00,71844.19728666668
2017-05-16 16:30:00,72108.67248666666
2017-05-16 17:00:00,71364.32934
2017-05-16 17:30:00,71783.80925666667
2017-05-16 18:00:00,73271.70400666667
2017-05-16 18:30:00,75911.91295333333
2017-05-16 19:00:00,85052.27720666667
2017-05-16 19:30:00,99052.76732333335
2017-05-16 20:00:00,101325.29178333333
2017-05-16 20:30:00,100030.46770666668
2017-05-16 21:00:00,98178.41656
2017-05-16 21:30:00,95689.12267
2017-05-16 22:00:00,91829.38282666668
2017-05-16 22:30:00,85560.61039
2017-05-16 23:00:00,77800.85394
2017-05-16 23:30:00,71459.70399000001
2017-05-17 00:00:00,66098.10173333333
2017-05-17 00:30:00,62485.47946333333
2017-05-17 01:00:00,59546.04004666666
2017-05-17 01:30:00,57496.485513333326
2017-05-17 02:00:00,56287.76925333333
2017-05-17 02:30:00,55522.40987333333
2017-05-17 03:00:00,55644.64382333334
2017-05-17 03:30:00,57121.96493333334
2017-05-17 04:00:00,55901.238563333325
2017-05-17 04:30:00,52797.63190666667
2017-05-17 05:00:00,47237.36065333333
2017-05-17 05:30:00,46184.64980666666
2017-05-17 06:00:00,50258.98818666666
2017-05-17 06:30:00,51949.74984333333
2017-05-17 07:00:00,54316.70535333333
2017-05-17 07:30:00,56710.87314666666
2017-05-17 08:00:00,60283.53037
2017-05-17 08:30:00,63739.80090333333
2017-05-17 09:00:00,66961.02893666665
2017-05-17 09:30:00,69966.03319333332
2017-05-17 10:00:00,71926.20138333332
2017-05-17 10:30:00,71068.57436333333
2017-05-17 11:00:00,75609.32087666666
2017-05-17 11:30:00,77707.26632
2017-05-17 12:00:00,78169.80536666668
2017-05-17 12:30:00,78403.60460333333
2017-05-17 13:00:00,78470.96915666666
2017-05-17 13:30:00,77560.49551333334
2017-05-17 14:00:00,76243.12030333333
2017-05-17 14:30:00,75779.33637333334
2017-05-17 15:00:00,74704.31345333334
2017-05-17 15:30:00,73704.35933666666
2017-05-17 16:00:00,72478.88004
2017-05-17 16:30:00,71763.16009666666
2017-05-17 17:00:00,71144.40793666667
2017-05-17 17:30:00,71854.88611
2017-05-17 18:00:00,73277.00181666667
2017-05-17 18:30:00,75669.54574
2017-05-17 19:00:00,85604.10246000001
2017-05-17 19:30:00,99011.05634333333
2017-05-17 20:00:00,100788.58844333334
2017-05-17 20:30:00,99368.57066000001
2017-05-17 21:00:00,98954.08571333333
2017-05-17 21:30:00,95764.39530333334
2017-05-17 22:00:00,91725.60992666667
2017-05-17 22:30:00,85363.27834666666
2017-05-17 23:00:00,78377.97333333334
2017-05-17 23:30:00,71740.95009666667
2017-05-18 00:00:00,67035.25694666666
2017-05-18 00:30:00,63036.35029666667
2017-05-18 01:00:00,59863.257183333335
2017-05-18 01:30:00,57385.02491
2017-05-18 02:00:00,56480.00437
2017-05-18 02:30:00,55844.00801
2017-05-18 03:00:00,56327.88809
2017-05-18 03:30:00,57124.36187666666
2017-05-18 04:00:00,55698.17319333334
2017-05-18 04:30:00,53059.33019
2017-05-18 05:00:00,46843.01614
2017-05-18 05:30:00,46500.568583333334
2017-05-18 06:00:00,50363.937143333336
2017-05-18 06:30:00,51979.40543333333
2017-05-18 07:00:00,53881.62108666666
2017-05-18 07:30:00,58011.62568999999
2017-05-18 08:00:00,61652.42809666666
2017-05-18 08:30:00,64780.01442
2017-05-18 09:00:00,68076.92885
2017-05-18 09:30:00,71469.64784
2017-05-18 10:00:00,74063.19306
2017-05-18 10:30:00,75742.86162333333
2017-05-18 11:00:00,77951.59896333334
2017-05-18 11:30:00,78997.05157333333
2017-05-18 12:00:00,78446.78691000001
2017-05-18 12:30:00,78265.16377
2017-05-18 13:00:00,77941.35908333333
2017-05-18 13:30:00,78016.03841666666
2017-05-18 14:00:00,77307.95169999999
2017-05-18 14:30:00,76330.70881
2017-05-18 15:00:00,75282.04683
2017-05-18 15:30:00,74072.80372000001
2017-05-18 16:00:00,72798.02800666667
2017-05-18 16:30:00,72230.26135333332
2017-05-18 17:00:00,71782.64807666666
2017-05-18 17:30:00,72058.13149666667
2017-05-18 18:00:00,73009.96649333334
2017-05-18 18:30:00,74981.71564666666
2017-05-18 19:00:00,83521.05137
2017-05-18 19:30:00,98496.57375333334
2017-05-18 20:00:00,101248.69549333333
2017-05-18 20:30:00,100528.97928000001
2017-05-18 21:00:00,99489.38231
2017-05-18 21:30:00,96433.54828333335
2017-05-18 22:00:00,91809.90227333334
2017-05-18 22:30:00,85840.46318666668
2017-05-18 23:00:00,78457.82017
2017-05-18 23:30:00,72856.41087
2017-05-19 00:00:00,66980.17860333333
2017-05-19 00:30:00,62942.83819333334
2017-05-19 01:00:00,60351.861386666664
2017-05-19 01:30:00,58220.574986666674
2017-05-19 02:00:00,56490.04517333334
2017-05-19 02:30:00,55263.57117
2017-05-19 03:00:00,55737.84596333333
2017-05-19 03:30:00,56611.25317333333
2017-05-19 04:00:00,55023.250906666675
2017-05-19 04:30:00,51733.551609999995
2017-05-19 05:00:00,46383.86551
2017-05-19 05:30:00,45957.44267
2017-05-19 06:00:00,49741.10701
2017-05-19 06:30:00,50951.85948666666
2017-05-19 07:00:00,53015.75616333333
2017-05-19 07:30:00,56562.271329999996
2017-05-19 08:00:00,59954.40194666667
2017-05-19 08:30:00,63127.29298
2017-05-19 09:00:00,66950.40707999999
2017-05-19 09:30:00,70437.41543333333
2017-05-19 10:00:00,72614.57999
2017-05-19 10:30:00,73892.29604333332
2017-05-19 11:00:00,75584.04198
2017-05-19 11:30:00,76876.90943
2017-05-19 12:00:00,75088.06446666666
2017-05-19 12:30:00,72625.08409666667
2017-05-19 13:00:00,73565.34181999999
2017-05-19 13:30:00,73386.69444
2017-05-19 14:00:00,73174.40839666668
2017-05-19 14:30:00,72601.43600666667
2017-05-19 15:00:00,71086.31091666667
2017-05-19 15:30:00,70458.35743999999
2017-05-19 16:00:00,69627.28193666665
2017-05-19 16:30:00,68990.41336666666
2017-05-19 17:00:00,68664.36302666667
2017-05-19 17:30:00,68907.36833
2017-05-19 18:00:00,70282.63947333333
2017-05-19 18:30:00,72610.55930000001
2017-05-19 19:00:00,80390.78419333334
2017-05-19 19:30:00,94450.09992333334
2017-05-19 20:00:00,97216.84073
2017-05-19 20:30:00,96895.59409666667
2017-05-19 21:00:00,96281.86258
2017-05-19 21:30:00,94516.44658333332
2017-05-19 22:00:00,90788.67989666667
2017-05-19 22:30:00,84953.19900333333
2017-05-19 23:00:00,78525.91588666667
2017-05-19 23:30:00,71365.98106666666
2017-05-20 00:00:00,66402.51332
2017-05-20 00:30:00,62549.83414
2017-05-20 01:00:00,59662.87516999999
2017-05-20 01:30:00,57738.77278
2017-05-20 02:00:00,56235.9527
2017-05-20 02:30:00,55170.50826333333
2017-05-20 03:00:00,55832.71927
2017-05-20 03:30:00,56509.420146666664
2017-05-20 04:00:00,54933.123660000005
2017-05-20 04:30:00,51541.49126666667
2017-05-20 05:00:00,45632.12162666667
2017-05-20 05:30:00,44058.962673333335
2017-05-20 06:00:00,46676.92107666667
2017-05-20 06:30:00,48034.26826666667
2017-05-20 07:00:00,50924.70197999999
2017-05-20 07:30:00,54766.71551333333
2017-05-20 08:00:00,58452.962999999996
2017-05-20 08:30:00,62805.12815333333
2017-05-20 09:00:00,66598.10730333334
2017-05-20 09:30:00,69645.27866
2017-05-20 10:00:00,71785.19594333332
2017-05-20 10:30:00,73629.41634
2017-05-20 11:00:00,74237.66551666668
2017-05-20 11:30:00,74933.12084333334
2017-05-20 12:00:00,75724.84645666667
2017-05-20 12:30:00,75934.852
2017-05-20 13:00:00,75171.66538333333
2017-05-20 13:30:00,75068.69598333334
2017-05-20 14:00:00,73322.06628333333
2017-05-20 14:30:00,72607.55074333334
2017-05-20 15:00:00,71299.00249666667
2017-05-20 15:30:00,70773.93746333334
2017-05-20 16:00:00,69951.60214999999
2017-05-20 16:30:00,69449.83491333334
2017-05-20 17:00:00,69356.40258333333
2017-05-20 17:30:00,69362.41669
2017-05-20 18:00:00,70014.47151
2017-05-20 18:30:00,73392.77433
2017-05-20 19:00:00,81691.16456
2017-05-20 19:30:00,94867.91974333335
2017-05-20 20:00:00,97723.78697000002
2017-05-20 20:30:00,97750.71960333333
2017-05-20 21:00:00,96782.52586333333
2017-05-20 21:30:00,95314.04688666668
2017-05-20 22:00:00,92927.94009666667
2017-05-20 22:30:00,88310.74371666666
2017-05-20 23:00:00,83143.88933333334
2017-05-20 23:30:00,78932.38493
2017-05-21 00:00:00,70817.91302333333
2017-05-21 00:30:00,64669.15129666667
2017-05-21 01:00:00,59493.5062
2017-05-21 01:30:00,59015.83224666666
2017-05-21 02:00:00,57265.48350666667
2017-05-21 02:30:00,55878.78388
2017-05-21 03:00:00,55901.74090999999
2017-05-21 03:30:00,56103.58057
2017-05-21 04:00:00,54476.540440000004
2017-05-21 04:30:00,50875.86825
2017-05-21 05:00:00,44224.049847999995
2017-05-21 05:30:00,41079.12750733333
2017-05-21 06:00:00,41922.48127933333
2017-05-21 06:30:00,42778.616173333336
2017-05-21 07:00:00,44132.30528666667
2017-05-21 07:30:00,46441.50596333334
2017-05-21 08:00:00,50083.88883
2017-05-21 08:30:00,53881.59991
2017-05-21 09:00:00,57155.45837333333
2017-05-21 09:30:00,61311.95209333333
2017-05-21 10:00:00,65067.66741666667
2017-05-21 10:30:00,66769.42791666667
2017-05-21 11:00:00,68428.02397
2017-05-21 11:30:00,69210.43583666667
2017-05-21 12:00:00,70298.47881
2017-05-21 12:30:00,70764.31618333333
2017-05-21 13:00:00,70914.45023333334
2017-05-21 13:30:00,70638.85468666667
2017-05-21 14:00:00,69678.58226666666
2017-05-21 14:30:00,68672.70543
2017-05-21 15:00:00,68274.45516666667
2017-05-21 15:30:00,68016.02342333332
2017-05-21 16:00:00,66913.61506666667
2017-05-21 16:30:00,66113.49762
2017-05-21 17:00:00,65688.55198333332
2017-05-21 17:30:00,65375.05288999999
2017-05-21 18:00:00,65848.16238000001
2017-05-21 18:30:00,68868.33908333334
2017-05-21 19:00:00,77462.53151666666
2017-05-21 19:30:00,91222.90831333333
2017-05-21 20:00:00,95247.44130333333
2017-05-21 20:30:00,95511.49980333335
2017-05-21 21:00:00,95835.08747999999
2017-05-21 21:30:00,94551.95149666666
2017-05-21 22:00:00,91831.07009666665
2017-05-21 22:30:00,87416.21354333335
2017-05-21 23:00:00,81176.59889333333
2017-05-21 23:30:00,74555.08104
2017-05-22 00:00:00,69452.86526666667
2017-05-22 00:30:00,64471.26380666668
2017-05-22 01:00:00,60661.532686666666
2017-05-22 01:30:00,57834.30797
2017-05-22 02:00:00,56561.70201
2017-05-22 02:30:00,55570.471346666665
2017-05-22 03:00:00,56159.93646999999
2017-05-22 03:30:00,56397.58594
2017-05-22 04:00:00,54341.93271666666
2017-05-22 04:30:00,51437.35706000001
2017-05-22 05:00:00,45098.864043333335
2017-05-22 05:30:00,42926.80536416667
2017-05-22 06:00:00,44510.64036
2017-05-22 06:30:00,47122.431366666664
2017-05-22 07:00:00,51255.77677999999
2017-05-22 07:30:00,53643.75980666667
2017-05-22 08:00:00,57403.29237
2017-05-22 08:30:00,61346.15177
2017-05-22 09:00:00,64827.27513
2017-05-22 09:30:00,68705.22527000001
2017-05-22 10:00:00,71122.27588666667
2017-05-22 10:30:00,74089.03971666667
2017-05-22 11:00:00,76191.32380666667
2017-05-22 11:30:00,77297.35733000001
2017-05-22 12:00:00,78113.18560666667
2017-05-22 12:30:00,78853.12027999999
2017-05-22 13:00:00,79027.32794333332
2017-05-22 13:30:00,78649.99082333333
2017-05-22 14:00:00,78394.80482
2017-05-22 14:30:00,77933.08401666667
2017-05-22 15:00:00,77639.87822333333
2017-05-22 15:30:00,76897.85992666667
2017-05-22 16:00:00,76294.14067
2017-05-22 16:30:00,75435.44947333333
2017-05-22 17:00:00,74069.25246333334
2017-05-22 17:30:00,74403.50516
2017-05-22 18:00:00,75100.86320333333
2017-05-22 18:30:00,77473.72737666666
2017-05-22 19:00:00,83998.73081333334
2017-05-22 19:30:00,98367.01728666667
2017-05-22 20:00:00,101818.40947666667
2017-05-22 20:30:00,101877.54849
2017-05-22 21:00:00,100688.53371333332
2017-05-22 21:30:00,98799.78018
2017-05-22 22:00:00,95124.65953
2017-05-22 22:30:00,89585.2194
2017-05-22 23:00:00,82598.19613333333
2017-05-22 23:30:00,75808.80905666667
2017-05-23 00:00:00,70311.81169333334
2017-05-23 00:30:00,66293.92547
2017-05-23 01:00:00,62649.59897666667
2017-05-23 01:30:00,60372.351259999996
2017-05-23 02:00:00,58519.24569333333
2017-05-23 02:30:00,56707.89944666667
2017-05-23 03:00:00,57624.28143999999
2017-05-23 03:30:00,57679.35516333333
2017-05-23 04:00:00,55914.81862666667
2017-05-23 04:30:00,52377.41701333333
2017-05-23 05:00:00,46272.51259666667
2017-05-23 05:30:00,44453.373766666664
2017-05-23 06:00:00,45689.17620666666
2017-05-23 06:30:00,48171.92140666667
2017-05-23 07:00:00,51879.88516
2017-05-23 07:30:00,54645.60364666666
2017-05-23 08:00:00,58282.02649
2017-05-23 08:30:00,62818.7397
2017-05-23 09:00:00,66323.44057333334
2017-05-23 09:30:00,69872.21687666666
2017-05-23 10:00:00,72477.38355333333
2017-05-23 10:30:00,75649.57451666666
2017-05-23 11:00:00,76521.79537
2017-05-23 11:30:00,77625.94128333333
2017-05-23 12:00:00,78399.41518666667
2017-05-23 12:30:00,78337.11227
2017-05-23 13:00:00,78867.79368333334
2017-05-23 13:30:00,76806.31157333333
2017-05-23 14:00:00,76668.7522
2017-05-23 14:30:00,77251.44943666666
2017-05-23 15:00:00,76423.48487666667
2017-05-23 15:30:00,76280.90879
2017-05-23 16:00:00,75916.04333999999
2017-05-23 16:30:00,76690.29044
2017-05-23 17:00:00,75052.44580666667
2017-05-23 17:30:00,76050.98563
2017-05-23 18:00:00,77436.6377
2017-05-23 18:30:00,80087.29198333334
2017-05-23 19:00:00,86926.97486333332
2017-05-23 19:30:00,98979.89469666667
2017-05-23 20:00:00,101827.80074666667
2017-05-23 20:30:00,101849.70466666667
2017-05-23 21:00:00,100903.83075000001
2017-05-23 21:30:00,98813.29684000001
2017-05-23 22:00:00,95065.93104333333
2017-05-23 22:30:00,89967.11835333332
2017-05-23 23:00:00,83433.9992
2017-05-23 23:30:00,76471.93456333333
2017-05-24 00:00:00,70595.58386666667
2017-05-24 00:30:00,65843.99245666667
2017-05-24 01:00:00,62621.05997
2017-05-24 01:30:00,60132.60856333334
2017-05-24 02:00:00,58630.3087
2017-05-24 02:30:00,57400.422366666666
2017-05-24 03:00:00,57242.31265666667
2017-05-24 03:30:00,57287.46794333333
2017-05-24 04:00:00,55760.88933333333
2017-05-24 04:30:00,52418.71571333334
2017-05-24 05:00:00,46396.18482
2017-05-24 05:30:00,44732.564053333335
2017-05-24 06:00:00,45182.326096666664
2017-05-24 06:30:00,47902.961253333335
2017-05-24 07:00:00,51814.50883666667
2017-05-24 07:30:00,54002.74213
2017-05-24 08:00:00,57189.15026
2017-05-24 08:30:00,60857.72878333333
2017-05-24 09:00:00,64368.84310333334
2017-05-24 09:30:00,67455.81022333333
2017-05-24 10:00:00,71458.05906666665
2017-05-24 10:30:00,73623.33346
2017-05-24 11:00:00,75787.96356333334
2017-05-24 11:30:00,76615.28279333333
2017-05-24 12:00:00,77882.69519333333
2017-05-24 12:30:00,77899.49519666667
2017-05-24 13:00:00,78512.69512333332
2017-05-24 13:30:00,77536.03842333333
2017-05-24 14:00:00,77137.37200333334
2017-05-24 14:30:00,76885.66673333333
2017-05-24 15:00:00,76794.69563333334
2017-05-24 15:30:00,76217.76013666666
2017-05-24 16:00:00,75672.04119666666
2017-05-24 16:30:00,75788.93728666667
2017-05-24 17:00:00,74417.47720000001
2017-05-24 17:30:00,74317.66901666667
2017-05-24 18:00:00,75244.53856666667
2017-05-24 18:30:00,77135.42981333334
2017-05-24 19:00:00,84169.08819
2017-05-24 19:30:00,97806.32578666665
2017-05-24 20:00:00,101932.57130000001
2017-05-24 20:30:00,101976.83445333334
2017-05-24 21:00:00,101040.12156
2017-05-24 21:30:00,99347.63252666667
2017-05-24 22:00:00,95538.50157666666
2017-05-24 22:30:00,90299.75830666667
2017-05-24 23:00:00,83983.10011
2017-05-24 23:30:00,77678.10321666667
2017-05-25 00:00:00,71585.67915333335
2017-05-25 00:30:00,66876.02784333333
2017-05-25 01:00:00,63308.00529666667
2017-05-25 01:30:00,60607.74395333332
2017-05-25 02:00:00,58982.423760000005
2017-05-25 02:30:00,57684.042993333336
2017-05-25 03:00:00,57694.72682
2017-05-25 03:30:00,57390.84106666667
2017-05-25 04:00:00,55864.055066666675
2017-05-25 04:30:00,52424.633440000005
2017-05-25 05:00:00,45971.009679999996
2017-05-25 05:30:00,43478.4307
2017-05-25 06:00:00,44271.47871999999
2017-05-25 06:30:00,46709.776053333335
2017-05-25 07:00:00,51237.884366666665
2017-05-25 07:30:00,53845.99130666667
2017-05-25 08:00:00,57826.30499666667
2017-05-25 08:30:00,61756.99613000001
2017-05-25 09:00:00,64617.47504
2017-05-25 09:30:00,67743.13547
2017-05-25 10:00:00,71170.62038666668
2017-05-25 10:30:00,73450.32452000001
2017-05-25 11:00:00,75651.37267333333
2017-05-25 11:30:00,76730.44107333334
2017-05-25 12:00:00,77450.40635
2017-05-25 12:30:00,78579.31788666667
2017-05-25 13:00:00,78071.38536666667
2017-05-25 13:30:00,77317.34822
2017-05-25 14:00:00,76828.9837
2017-05-25 14:30:00,76601.43219
2017-05-25 15:00:00,76573.87634
2017-05-25 15:30:00,75951.87531666667
2017-05-25 16:00:00,76908.42156333334
2017-05-25 16:30:00,76356.57508333334
2017-05-25 17:00:00,75185.68089666667
2017-05-25 17:30:00,74517.91597333334
2017-05-25 18:00:00,74627.95872666666
2017-05-25 18:30:00,75624.59327666667
2017-05-25 19:00:00,83456.35399333334
2017-05-25 19:30:00,98295.55808666667
2017-05-25 20:00:00,103444.51373333333
2017-05-25 20:30:00,104007.60355666668
2017-05-25 21:00:00,102819.26416333334
2017-05-25 21:30:00,101199.36253333332
2017-05-25 22:00:00,97984.48799
2017-05-25 22:30:00,93549.13999
2017-05-25 23:00:00,87324.68317999999
2017-05-25 23:30:00,81373.21363666667
2017-05-26 00:00:00,75449.09001
2017-05-26 00:30:00,70053.29018666667
2017-05-26 01:00:00,65173.80522333334
2017-05-26 01:30:00,62445.045663333345
2017-05-26 02:00:00,60214.050526666666
2017-05-26 02:30:00,58870.83036
2017-05-26 03:00:00,59042.56011
2017-05-26 03:30:00,58574.9818
2017-05-26 04:00:00,56874.31340666666
2017-05-26 04:30:00,52914.034270000004
2017-05-26 05:00:00,46658.13016
2017-05-26 05:30:00,44569.03046666667
2017-05-26 06:00:00,45436.44156000001
2017-05-26 06:30:00,47143.72886666667
2017-05-26 07:00:00,51238.19601000001
2017-05-26 07:30:00,53846.35130333334
2017-05-26 08:00:00,56912.52346666667
2017-05-26 08:30:00,61389.920626666666
2017-05-26 09:00:00,65263.474346666655
2017-05-26 09:30:00,68716.84571333333
2017-05-26 10:00:00,71890.75519
2017-05-26 10:30:00,74316.81166666666
2017-05-26 11:00:00,76092.03309
2017-05-26 11:30:00,77290.33363666666
2017-05-26 12:00:00,77637.80953333333
2017-05-26 12:30:00,77245.56069999999
2017-05-26 13:00:00,78178.34635
2017-05-26 13:30:00,78599.67783333334
2017-05-26 14:00:00,77542.99214333332
2017-05-26 14:30:00,77066.95474
2017-05-26 15:00:00,76851.02135666668
2017-05-26 15:30:00,76316.23310666667
2017-05-26 16:00:00,75876.55215
2017-05-26 16:30:00,75262.41036333334
2017-05-26 17:00:00,73811.15097666667
2017-05-26 17:30:00,73490.49158666667
2017-05-26 18:00:00,73415.56445666666
2017-05-26 18:30:00,75353.88557333332
2017-05-26 19:00:00,81993.62764666666
2017-05-26 19:30:00,97209.04203000001
2017-05-26 20:00:00,102755.82692
2017-05-26 20:30:00,103867.92202666665
2017-05-26 21:00:00,103025.19316000001
2017-05-26 21:30:00,101826.31468333333
2017-05-26 22:00:00,100218.66989666667
2017-05-26 22:30:00,97342.68958333333
2017-05-26 23:00:00,92414.50924666667
2017-05-26 23:30:00,87208.09828666666
2017-05-27 00:00:00,81844.26356333333
2017-05-27 00:30:00,77856.98721
2017-05-27 01:00:00,74006.647815
2017-05-27 01:30:00,74006.647815
2017-05-27 02:00:00,75955.66760875
2017-05-27 02:30:00,75955.66760875
2017-05-27 03:00:00,64649.356735
2017-05-27 03:30:00,64067.72454333332
2017-05-27 04:00:00,58966.034074999996
2017-05-27 04:30:00,53459.12405333333
2017-05-27 05:00:00,46757.12921666666
2017-05-27 05:30:00,44111.940715666664
2017-05-27 06:00:00,43691.662602
2017-05-27 06:30:00,44777.08725266667
2017-05-27 07:00:00,45976.06480666667
2017-05-27 07:30:00,47316.804266666666
2017-05-27 08:00:00,49198.89091666666
2017-05-27 08:30:00,51675.22409333333
2017-05-27 09:00:00,54830.49219333333
2017-05-27 09:30:00,58251.37738333333
2017-05-27 10:00:00,62188.035716666665
2017-05-27 10:30:00,65808.83685666666
2017-05-27 11:00:00,68793.17976666667
2017-05-27 11:30:00,71450.06028333334
2017-05-27 12:00:00,73196.05489
2017-05-27 12:30:00,73930.59281333332
2017-05-27 13:00:00,74937.57323666666
2017-05-27 13:30:00,75161.25852999999
2017-05-27 14:00:00,75630.23183666666
2017-05-27 14:30:00,75204.58482666667
2017-05-27 15:00:00,74754.14327333333
2017-05-27 15:30:00,75275.95119666668
2017-05-27 16:00:00,74484.52135333333
2017-05-27 16:30:00,75023.18907
2017-05-27 17:00:00,76370.08468333333
2017-05-27 17:30:00,78976.0392975
2017-05-27 18:00:00,82440.72856666667
2017-05-27 18:30:00,88379.83326708333
2017-05-27 19:00:00,101125.10378666666
2017-05-27 19:30:00,99385.95578333334
2017-05-27 20:00:00,99205.27695333333
2017-05-27 20:30:00,99052.99893666669
2017-05-27 21:00:00,96379.78990666667
2017-05-27 21:30:00,93882.45057333335
2017-05-27 22:00:00,94252.06157333333
2017-05-27 22:30:00,93136.10569
2017-05-27 23:00:00,88940.72227999999
2017-05-27 23:30:00,85649.85474
2017-05-28 00:00:00,81843.12162
2017-05-28 00:30:00,78880.10832
2017-05-28 01:00:00,74006.647815
2017-05-28 01:30:00,74006.647815
2017-05-28 02:00:00,75955.66760875
2017-05-28 02:30:00,75955.66760875
2017-05-28 03:00:00,64649.356735
2017-05-28 03:30:00,63931.73463
2017-05-28 04:00:00,58361.51602333333
2017-05-28 04:30:00,52961.40904333334
2017-05-28 05:00:00,45582.21491
2017-05-28 05:30:00,43009.77615666667
2017-05-28 06:00:00,42126.821136666666
2017-05-28 06:30:00,42380.874196666664
2017-05-28 07:00:00,43010.15339
2017-05-28 07:30:00,43477.433736666666
2017-05-28 08:00:00,44785.61369
2017-05-28 08:30:00,45851.847506666665
2017-05-28 09:00:00,47508.646543333336
2017-05-28 09:30:00,50142.30467333333
2017-05-28 10:00:00,53797.04076333333
2017-05-28 10:30:00,56903.30471999999
2017-05-28 11:00:00,60137.443746666664
2017-05-28 11:30:00,62979.6344
2017-05-28 12:00:00,65177.19438333334
2017-05-28 12:30:00,66993.47401333333
2017-05-28 13:00:00,68340.25806333334
2017-05-28 13:30:00,69686.74389666667
2017-05-28 14:00:00,69325.91200666667
2017-05-28 14:30:00,69407.93753666666
2017-05-28 15:00:00,69540.42485
2017-05-28 15:30:00,70262.4961
2017-05-28 16:00:00,71060.88697333333
2017-05-28 16:30:00,72293.74824666667
2017-05-28 17:00:00,75895.37405666667
2017-05-28 17:30:00,79074.17070500001
2017-05-28 18:00:00,84322.70890333333
2017-05-28 18:30:00,88133.81508666667
2017-05-28 19:00:00,96295.55452666666
2017-05-28 19:30:00,95192.58789666668
2017-05-28 20:00:00,96202.86822666666
2017-05-28 20:30:00,96803.09013666667
2017-05-28 21:00:00,94330.69556666666
2017-05-28 21:30:00,91496.44585333334
2017-05-28 22:00:00,92556.95071666666
2017-05-28 22:30:00,91277.62491666665
2017-05-28 23:00:00,88385.57102666667
2017-05-28 23:30:00,84359.96280333334
2017-05-29 00:00:00,77845.7157075
2017-05-29 00:30:00,77488.2936325
2017-05-29 01:00:00,66831.51977874998
2017-05-29 01:30:00,66831.51977874998
2017-05-29 02:00:00,61552.71815500001
2017-05-29 02:30:00,61552.71815500001
2017-05-29 03:00:00,60673.350291250004
2017-05-29 03:30:00,60673.350291250004
2017-05-29 04:00:00,59177.56144541667
2017-05-29 04:30:00,54187.18617666667
2017-05-29 05:00:00,47354.61555333334
2017-05-29 05:30:00,44813.970976666664
2017-05-29 06:00:00,45039.90605
2017-05-29 06:30:00,45739.08242333333
2017-05-29 07:00:00,46505.469236666664
2017-05-29 07:30:00,48859.769166666665
2017-05-29 08:00:00,51549.23987333333
2017-05-29 08:30:00,54763.1041
2017-05-29 09:00:00,58056.152949999996
2017-05-29 09:30:00,59813.82003
2017-05-29 10:00:00,64481.0196625
2017-05-29 10:30:00,66588.7652
2017-05-29 11:00:00,69588.17004666668
2017-05-29 11:30:00,71207.48774333333
2017-05-29 12:00:00,73006.10496333333
2017-05-29 12:30:00,74329.67318666667
2017-05-29 13:00:00,76142.32109666667
2017-05-29 13:30:00,76024.88573666668
2017-05-29 14:00:00,75969.05736333333
2017-05-29 14:30:00,75720.56616666667
2017-05-29 15:00:00,75606.36779
2017-05-29 15:30:00,75106.51175666666
2017-05-29 16:00:00,75098.06190666667
2017-05-29 16:30:00,75124.90171666666
2017-05-29 17:00:00,75658.16198333334
2017-05-29 17:30:00,77444.66122333333
2017-05-29 18:00:00,81323.65467
2017-05-29 18:30:00,84140.05239874996
2017-05-29 19:00:00,98408.67916333333
2017-05-29 19:30:00,98100.18360666667
2017-05-29 20:00:00,99038.37256666667
2017-05-29 20:30:00,98652.03934
2017-05-29 21:00:00,96487.27023333334
2017-05-29 21:30:00,94596.89172333333
2017-05-29 22:00:00,94895.70328666667
2017-05-29 22:30:00,94089.69792
2017-05-29 23:00:00,90333.28597333333
2017-05-29 23:30:00,85394.68598000001
2017-05-30 00:00:00,77845.7157075
2017-05-30 00:30:00,77845.7157075
2017-05-30 01:00:00,66831.51977874998
2017-05-30 01:30:00,66831.51977874998
2017-05-30 02:00:00,61552.71815500001
2017-05-30 02:30:00,61552.71815500001
2017-05-30 03:00:00,60673.350291250004
2017-05-30 03:30:00,60673.350291250004
2017-05-30 04:00:00,59578.6231875
2017-05-30 04:30:00,54501.80734666667
2017-05-30 05:00:00,46858.88689666666
2017-05-30 05:30:00,44661.94134
2017-05-30 06:00:00,44877.080023333336
2017-05-30 06:30:00,45334.866394000004
2017-05-30 07:00:00,46711.41897
2017-05-30 07:30:00,48496.40696666666
2017-05-30 08:00:00,51748.90595666666
2017-05-30 08:30:00,54523.17449333333
2017-05-30 09:00:00,56696.210169583326
2017-05-30 09:30:00,60229.16638
2017-05-30 10:00:00,64262.436263749994
2017-05-30 10:30:00,65448.19498333333
2017-05-30 11:00:00,68446.81302124997
2017-05-30 11:30:00,69459.52065
2017-05-30 12:00:00,71089.76847333334
2017-05-30 12:30:00,73001.14297666667
2017-05-30 13:00:00,74869.99943333335
2017-05-30 13:30:00,75473.98923666666
2017-05-30 14:00:00,75703.02349333333
2017-05-30 14:30:00,75919.4696
2017-05-30 15:00:00,74494.9199
2017-05-30 15:30:00,74364.21161666667
2017-05-30 16:00:00,73591.24399999999
2017-05-30 16:30:00,74180.0523
2017-05-30 17:00:00,75530.37999
2017-05-30 17:30:00,77140.09564666667
2017-05-30 18:00:00,79674.22957666666
2017-05-30 18:30:00,84084.96820249998
2017-05-30 19:00:00,98727.45401666667
2017-05-30 19:30:00,97758.78110333334
2017-05-30 20:00:00,98960.74578666668
2017-05-30 20:30:00,98672.97597333333
2017-05-30 21:00:00,96714.68038666667
2017-05-30 21:30:00,95188.00201666665
2017-05-30 22:00:00,94279.27105
2017-05-30 22:30:00,93351.55883
2017-05-30 23:00:00,89976.13533666666
2017-05-30 23:30:00,85860.32484
2017-05-31 00:00:00,77845.7157075
2017-05-31 00:30:00,77845.7157075
2017-05-31 01:00:00,66831.51977874998
2017-05-31 01:30:00,66831.51977874998
2017-05-31 02:00:00,61552.71815500001
2017-05-31 02:30:00,61552.71815500001
2017-05-31 03:00:00,60673.350291250004
2017-05-31 03:30:00,60673.350291250004
2017-05-31 04:00:00,59697.15714083333
2017-05-31 04:30:00,55208.982560000004
2017-05-31 05:00:00,48124.12235875
2017-05-31 05:30:00,45662.14312666666
2017-05-31 06:00:00,45494.03135333333
2017-05-31 06:30:00,46137.88276333333
2017-05-31 07:00:00,47002.13337333334
2017-05-31 07:30:00,49366.66425666667
2017-05-31 08:00:00,52420.50005666667
2017-05-31 08:30:00,54128.12255666667
2017-05-31 09:00:00,57159.07760291666
2017-05-31 09:30:00,59804.407886666675
2017-05-31 10:00:00,64262.436263749994
2017-05-31 10:30:00,65455.97037458333
2017-05-31 11:00:00,68446.81302124997
2017-05-31 11:30:00,68446.81302124997
2017-05-31 12:00:00,69439.77071833333
2017-05-31 12:30:00,71041.53222666668
2017-05-31 13:00:00,74060.72352666665
2017-05-31 13:30:00,74528.44513333333
2017-05-31 14:00:00,74598.07108000001
2017-05-31 14:30:00,74492.50171333333
2017-05-31 15:00:00,74048.14655
2017-05-31 15:30:00,74077.28309666667
2017-05-31 16:00:00,73933.55464
2017-05-31 16:30:00,74252.07269666667
2017-05-31 17:00:00,75938.99630666667
2017-05-31 17:30:00,78178.13752333334
2017-05-31 18:00:00,81740.83977666666
2017-05-31 18:30:00,84140.05239874996
2017-05-31 19:00:00,99726.82232666668
2017-05-31 19:30:00,97175.93919
2017-05-31 20:00:00,98793.07382666667
2017-05-31 20:30:00,99005.60729666667
2017-05-31 21:00:00,96768.81942999999
2017-05-31 21:30:00,95216.65070333333
2017-05-31 22:00:00,95322.59593333333
2017-05-31 22:30:00,94164.24769333335
2017-05-31 23:00:00,90587.39931
2017-05-31 23:30:00,87143.71243333333
2017-06-01 00:00:00,83483.71565333333
2017-06-01 00:30:00,79838.99917333333
2017-06-01 01:00:00,78328.35966999999
2017-06-01 01:30:00,81851.5891
2017-06-01 02:00:00,85721.11284666667
2017-06-01 02:30:00,83284.39724333333
2017-06-01 03:00:00,77594.60885
2017-06-01 03:30:00,67728.72386
2017-06-01 04:00:00,61922.89485333333
2017-06-01 04:30:00,55799.13254
2017-06-01 05:00:00,49223.21129333333
2017-06-01 05:30:00,46546.166346666665
2017-06-01 06:00:00,46076.73021333333
2017-06-01 06:30:00,46416.08582666667
2017-06-01 07:00:00,47340.69855666667
2017-06-01 07:30:00,48677.362603333335
2017-06-01 08:00:00,51709.2078
2017-06-01 08:30:00,53816.12349666667
2017-06-01 09:00:00,57422.51722
2017-06-01 09:30:00,60294.4849
2017-06-01 10:00:00,62772.29778
2017-06-01 10:30:00,65502.12897666667
2017-06-01 11:00:00,68644.56928666666
2017-06-01 11:30:00,70822.42453999999
2017-06-01 12:00:00,72042.66341333334
2017-06-01 12:30:00,73316.43594333333
2017-06-01 13:00:00,73942.04136666667
2017-06-01 13:30:00,74394.24371333333
2017-06-01 14:00:00,74714.24082666666
2017-06-01 14:30:00,75066.02402
2017-06-01 15:00:00,75140.43006666667
2017-06-01 15:30:00,74423.47235666668
2017-06-01 16:00:00,74308.20418
2017-06-01 16:30:00,74700.40760333334
2017-06-01 17:00:00,75586.94514000001
2017-06-01 17:30:00,77820.88289333334
2017-06-01 18:00:00,81394.90602
2017-06-01 18:30:00,89070.21361333334
2017-06-01 19:00:00,100733.31790333333
2017-06-01 19:30:00,98650.30909666668
2017-06-01 20:00:00,99824.32482333334
2017-06-01 20:30:00,100210.16309333332
2017-06-01 21:00:00,98273.33406333334
2017-06-01 21:30:00,96334.76017333334
2017-06-01 22:00:00,96320.46155666666
2017-06-01 22:30:00,95419.75405666667
2017-06-01 23:00:00,91748.24012666667
2017-06-01 23:30:00,89111.74938
2017-06-02 00:00:00,85866.49344
2017-06-02 00:30:00,82824.72901000001
2017-06-02 01:00:00,81317.88321666665
2017-06-02 01:30:00,82805.86584
2017-06-02 02:00:00,86884.64257666667
2017-06-02 02:30:00,84067.91018
2017-06-02 03:00:00,77763.40971333334
2017-06-02 03:30:00,67309.97054333333
2017-06-02 04:00:00,62491.92727000001
2017-06-02 04:30:00,56307.925989999996
2017-06-02 05:00:00,49150.35920333333
2017-06-02 05:30:00,46445.64832
2017-06-02 06:00:00,45741.67429333334
2017-06-02 06:30:00,46448.19964666667
2017-06-02 07:00:00,47936.62241
2017-06-02 07:30:00,49418.66780333334
2017-06-02 08:00:00,52093.450853333336
2017-06-02 08:30:00,54283.46547333334
2017-06-02 09:00:00,56926.45981333333
2017-06-02 09:30:00,60468.37322666667
2017-06-02 10:00:00,63361.773413333336
2017-06-02 10:30:00,66024.26505666667
2017-06-02 11:00:00,68520.25589666667
2017-06-02 11:30:00,70089.24879
2017-06-02 12:00:00,70641.69730333333
2017-06-02 12:30:00,69367.49665333335
2017-06-02 13:00:00,69113.22892000001
2017-06-02 13:30:00,71588.45224666667
2017-06-02 14:00:00,72870.20143333334
2017-06-02 14:30:00,72266.96297000001
2017-06-02 15:00:00,73285.19679
2017-06-02 15:30:00,74454.68531666667
2017-06-02 16:00:00,73821.44461666666
2017-06-02 16:30:00,74876.91597999999
2017-06-02 17:00:00,77133.43067000002
2017-06-02 17:30:00,79907.70402333334
2017-06-02 18:00:00,84024.61481333333
2017-06-02 18:30:00,91212.20215000001
2017-06-02 19:00:00,100588.15119666666
2017-06-02 19:30:00,97950.37548
2017-06-02 20:00:00,99537.47372666666
2017-06-02 20:30:00,99777.77157
2017-06-02 21:00:00,97143.92181666667
2017-06-02 21:30:00,95942.08414666668
2017-06-02 22:00:00,95746.82343333332
2017-06-02 22:30:00,94942.61077333333
2017-06-02 23:00:00,92072.74492000001
2017-06-02 23:30:00,88843.03738333333
2017-06-03 00:00:00,86341.78479666666
2017-06-03 00:30:00,84227.22126333334
2017-06-03 01:00:00,82391.48057666667
2017-06-03 01:30:00,84088.98646333332
2017-06-03 02:00:00,87724.63971333334
2017-06-03 02:30:00,84765.13608000001
2017-06-03 03:00:00,78820.21809666666
2017-06-03 03:30:00,68352.63516666666
2017-06-03 04:00:00,62499.685366666665
2017-06-03 04:30:00,56585.64725
2017-06-03 05:00:00,49461.771883333335
2017-06-03 05:30:00,47130.10744666667
2017-06-03 06:00:00,46600.39449666667
2017-06-03 06:30:00,46640.77086333333
2017-06-03 07:00:00,47555.86448333334
2017-06-03 07:30:00,48911.68408
2017-06-03 08:00:00,51566.283090000004
2017-06-03 08:30:00,53669.77417333333
2017-06-03 09:00:00,56865.24747
2017-06-03 09:30:00,60159.746253333324
2017-06-03 10:00:00,63078.24782
2017-06-03 10:30:00,66288.12003333333
2017-06-03 11:00:00,68328.61996333335
2017-06-03 11:30:00,71287.74809666666
2017-06-03 12:00:00,72728.43866666667
2017-06-03 12:30:00,74119.02818000001
2017-06-03 13:00:00,75616.19773333333
2017-06-03 13:30:00,76155.56412
2017-06-03 14:00:00,75899.28769666667
2017-06-03 14:30:00,76266.57481333334
2017-06-03 15:00:00,75819.17305999999
2017-06-03 15:30:00,76403.85447
2017-06-03 16:00:00,76486.03048333334
2017-06-03 16:30:00,76892.40224000001
2017-06-03 17:00:00,78536.60062333333
2017-06-03 17:30:00,80099.47908333334
2017-06-03 18:00:00,83532.14754333334
2017-06-03 18:30:00,89879.87899333333
2017-06-03 19:00:00,101210.61644666667
2017-06-03 19:30:00,99885.52006666666
2017-06-03 20:00:00,100286.87836333334
2017-06-03 20:30:00,100530.43500666668
2017-06-03 21:00:00,98787.12567666666
2017-06-03 21:30:00,96626.51720333334
2017-06-03 22:00:00,96863.33322333333
2017-06-03 22:30:00,95826.73311666667
2017-06-03 23:00:00,92682.67467333334
2017-06-03 23:30:00,89506.22984
2017-06-04 00:00:00,86436.06949000001
2017-06-04 00:30:00,83724.39840666666
2017-06-04 01:00:00,81895.04812
2017-06-04 01:30:00,84427.95399666666
2017-06-04 02:00:00,86740.7314
2017-06-04 02:30:00,82319.67412666666
2017-06-04 03:00:00,76367.08559333334
2017-06-04 03:30:00,66154.47576666666
2017-06-04 04:00:00,60013.48433666667
2017-06-04 04:30:00,54078.59244333333
2017-06-04 05:00:00,46349.702163333335
2017-06-04 05:30:00,43563.52653333333
2017-06-04 06:00:00,42500.746053999996
2017-06-04 06:30:00,42436.198100333335
2017-06-04 07:00:00,42662.40053333333
2017-06-04 07:30:00,42541.11658333333
2017-06-04 08:00:00,43484.55208666667
2017-06-04 08:30:00,45840.50715333334
2017-06-04 09:00:00,47959.96074
2017-06-04 09:30:00,50283.88642666667
2017-06-04 10:00:00,52659.29492666666
2017-06-04 10:30:00,56127.37550333334
2017-06-04 11:00:00,58960.80948333334
2017-06-04 11:30:00,61778.017766666664
2017-06-04 12:00:00,63737.277446666674
2017-06-04 12:30:00,65345.75508666667
2017-06-04 13:00:00,65609.15097333334
2017-06-04 13:30:00,65708.83804333334
2017-06-04 14:00:00,67639.09473
2017-06-04 14:30:00,68195.98518
2017-06-04 15:00:00,68745.49404
2017-06-04 15:30:00,69187.52400666667
2017-06-04 16:00:00,68517.46341000001
2017-06-04 16:30:00,70312.21452
2017-06-04 17:00:00,72077.82695333334
2017-06-04 17:30:00,74617.51695
2017-06-04 18:00:00,77791.01187666667
2017-06-04 18:30:00,84446.70792333334
2017-06-04 19:00:00,95612.73263666668
2017-06-04 19:30:00,96685.67711333332
2017-06-04 20:00:00,96402.60739
2017-06-04 20:30:00,97131.06315333334
2017-06-04 21:00:00,95218.30867333333
2017-06-04 21:30:00,94208.55214333332
2017-06-04 22:00:00,95186.19910333333
2017-06-04 22:30:00,95132.43975666666
2017-06-04 23:00:00,92112.91745000001
2017-06-04 23:30:00,89367.83967333334
2017-06-05 00:00:00,86645.86909666668
2017-06-05 00:30:00,83386.27629666666
2017-06-05 01:00:00,81952.32221666667
2017-06-05 01:30:00,83910.3479
2017-06-05 02:00:00,86614.90094666666
2017-06-05 02:30:00,83536.15037333334
2017-06-05 03:00:00,77354.56954666667
2017-06-05 03:30:00,67217.3705
2017-06-05 04:00:00,61946.801803333336
2017-06-05 04:30:00,55916.18767666666
2017-06-05 05:00:00,48388.68584333333
2017-06-05 05:30:00,46209.06511
2017-06-05 06:00:00,45640.8611
2017-06-05 06:30:00,46644.67419666667
2017-06-05 07:00:00,47938.027656666665
2017-06-05 07:30:00,49936.573613333334
2017-06-05 08:00:00,52467.734606666665
2017-06-05 08:30:00,54464.71282333333
2017-06-05 09:00:00,57938.57415
2017-06-05 09:30:00,61175.733533333325
2017-06-05 10:00:00,63592.88773333334
2017-06-05 10:30:00,66240.32775
2017-06-05 11:00:00,68782.29214333334
2017-06-05 11:30:00,70713.00889333333
2017-06-05 12:00:00,72430.36292666667
2017-06-05 12:30:00,73853.90159333334
2017-06-05 13:00:00,70699.30961666667
2017-06-05 13:30:00,70650.41880333333
2017-06-05 14:00:00,73389.37866
2017-06-05 14:30:00,75899.05745000001
2017-06-05 15:00:00,76080.18712
2017-06-05 15:30:00,75822.16792333333
2017-06-05 16:00:00,75140.43407666667
2017-06-05 16:30:00,75333.03831333334
2017-06-05 17:00:00,76521.62324333334
2017-06-05 17:30:00,78174.04603666667
2017-06-05 18:00:00,80842.08113666666
2017-06-05 18:30:00,87519.34798333333
2017-06-05 19:00:00,98186.30608333333
2017-06-05 19:30:00,98939.75196333334
2017-06-05 20:00:00,99795.81176999999
2017-06-05 20:30:00,100780.87817333335
2017-06-05 21:00:00,99004.40069333334
2017-06-05 21:30:00,97346.93232666666
2017-06-05 22:00:00,97216.54694000001
2017-06-05 22:30:00,96456.02798
2017-06-05 23:00:00,93571.65116000001
2017-06-05 23:30:00,90181.28941666667
2017-06-06 00:00:00,86808.80688666667
2017-06-06 00:30:00,84252.57262
2017-06-06 01:00:00,82800.36289
2017-06-06 01:30:00,84521.19279
2017-06-06 02:00:00,87346.42510000001
2017-06-06 02:30:00,84103.30339666667
2017-06-06 03:00:00,78041.59722
2017-06-06 03:30:00,68333.51991333334
2017-06-06 04:00:00,62553.475073333335
2017-06-06 04:30:00,56455.87236666667
2017-06-06 05:00:00,49131.35696
2017-06-06 05:30:00,46911.82801666667
2017-06-06 06:00:00,46760.156030000006
2017-06-06 06:30:00,47967.94995
2017-06-06 07:00:00,48992.468140000004
2017-06-06 07:30:00,50645.266729999996
2017-06-06 08:00:00,53208.94216666667
2017-06-06 08:30:00,54797.268760000006
2017-06-06 09:00:00,58059.9104
2017-06-06 09:30:00,60756.874970000004
2017-06-06 10:00:00,63545.892636666664
2017-06-06 10:30:00,65983.89382
2017-06-06 11:00:00,68645.29424666667
2017-06-06 11:30:00,70812.32313333334
2017-06-06 12:00:00,72908.66567999999
2017-06-06 12:30:00,74292.21155333333
2017-06-06 13:00:00,75629.5525
2017-06-06 13:30:00,75736.07562999999
2017-06-06 14:00:00,76977.63463
2017-06-06 14:30:00,77077.01725333334
2017-06-06 15:00:00,76487.11107666667
2017-06-06 15:30:00,76421.05520333332
2017-06-06 16:00:00,76013.0686
2017-06-06 16:30:00,76223.97208666668
2017-06-06 17:00:00,77490.60785999999
2017-06-06 17:30:00,79164.42312333333
2017-06-06 18:00:00,81768.21871
2017-06-06 18:30:00,88158.59301999999
2017-06-06 19:00:00,98031.56292
2017-06-06 19:30:00,99110.64476666668
2017-06-06 20:00:00,100081.93944666667
2017-06-06 20:30:00,101184.73744666665
2017-06-06 21:00:00,99601.78244
2017-06-06 21:30:00,98025.60119333334
2017-06-06 22:00:00,97852.14864333333
2017-06-06 22:30:00,97399.53888666666
2017-06-06 23:00:00,94827.06348333333
2017-06-06 23:30:00,91810.05805666668
2017-06-07 00:00:00,88286.04123666667
2017-06-07 00:30:00,85744.59878
2017-06-07 01:00:00,84842.03311
2017-06-07 01:30:00,86266.7221
2017-06-07 02:00:00,88713.70188333334
2017-06-07 02:30:00,85613.37278333334
2017-06-07 03:00:00,79337.98236000001
2017-06-07 03:30:00,69604.47758333333
2017-06-07 04:00:00,64134.91107999999
2017-06-07 04:30:00,57780.78733666667
2017-06-07 05:00:00,50499.83415333333
2017-06-07 05:30:00,48165.235250000005
2017-06-07 06:00:00,47582.37259333333
2017-06-07 06:30:00,48179.63505666666
2017-06-07 07:00:00,49092.362766666665
2017-06-07 07:30:00,50868.50450333334
2017-06-07 08:00:00,53331.85864666667
2017-06-07 08:30:00,55794.81697666666
2017-06-07 09:00:00,60045.04546666666
2017-06-07 09:30:00,62828.13986999999
2017-06-07 10:00:00,65261.76968
2017-06-07 10:30:00,67425.26049333334
2017-06-07 11:00:00,69453.19795333334
2017-06-07 11:30:00,71287.18813666668
2017-06-07 12:00:00,73266.14050666668
2017-06-07 12:30:00,68565.45920333335
2017-06-07 13:00:00,70388.92790333333
2017-06-07 13:30:00,71661.03793333333
2017-06-07 14:00:00,72521.24315333333
2017-06-07 14:30:00,73577.09775666667
2017-06-07 15:00:00,74966.22039999999
2017-06-07 15:30:00,75989.60802333332
2017-06-07 16:00:00,75588.35598000001
2017-06-07 16:30:00,76398.21962333332
2017-06-07 17:00:00,77871.82072333334
2017-06-07 17:30:00,79373.42659666667
2017-06-07 18:00:00,82223.72355333333
2017-06-07 18:30:00,88792.43593333334
2017-06-07 19:00:00,98168.01972
2017-06-07 19:30:00,99221.01082000001
2017-06-07 20:00:00,100343.60155666666
2017-06-07 20:30:00,101561.75759333333
2017-06-07 21:00:00,99553.20044
2017-06-07 21:30:00,97477.82807333332
2017-06-07 22:00:00,97182.99611333333
2017-06-07 22:30:00,96751.88450333335
2017-06-07 23:00:00,93845.07708666667
2017-06-07 23:30:00,90770.05060666666
2017-06-08 00:00:00,87627.95337
2017-06-08 00:30:00,85451.70056333333
2017-06-08 01:00:00,83919.02849333333
2017-06-08 01:30:00,85840.81040999999
2017-06-08 02:00:00,88904.69755666667
2017-06-08 02:30:00,85040.42029
2017-06-08 03:00:00,78792.33180666667
2017-06-08 03:30:00,68927.22007666666
2017-06-08 04:00:00,64313.21821
2017-06-08 04:30:00,57462.25586333333
2017-06-08 05:00:00,50474.31414666667
2017-06-08 05:30:00,48293.328896666666
2017-06-08 06:00:00,47950.524789999996
2017-06-08 06:30:00,48518.73167
2017-06-08 07:00:00,49843.51831666666
2017-06-08 07:30:00,51401.83163666667
2017-06-08 08:00:00,53849.70457
2017-06-08 08:30:00,55494.273396666664
2017-06-08 09:00:00,58894.19704333334
2017-06-08 09:30:00,61791.37260666667
2017-06-08 10:00:00,64444.59231
2017-06-08 10:30:00,66885.09506333334
2017-06-08 11:00:00,69006.78951666667
2017-06-08 11:30:00,71097.02847333334
2017-06-08 12:00:00,72370.11437333333
2017-06-08 12:30:00,73733.17769
2017-06-08 13:00:00,74815.35919333332
2017-06-08 13:30:00,76185.47476666667
2017-06-08 14:00:00,76367.93611
2017-06-08 14:30:00,76825.57810333335
2017-06-08 15:00:00,76831.62933666667
2017-06-08 15:30:00,76546.77222
2017-06-08 16:00:00,76309.55930333334
2017-06-08 16:30:00,75884.4763
2017-06-08 17:00:00,77362.97853666666
2017-06-08 17:30:00,79102.96876999999
2017-06-08 18:00:00,83413.72758
2017-06-08 18:30:00,90250.87496
2017-06-08 19:00:00,100811.12937666666
2017-06-08 19:30:00,100073.29619333334
2017-06-08 20:00:00,100093.68363666667
2017-06-08 20:30:00,100597.98498999998
2017-06-08 21:00:00,99358.79914333334
2017-06-08 21:30:00,97449.21863
2017-06-08 22:00:00,97695.35742999999
2017-06-08 22:30:00,97428.27352333332
2017-06-08 23:00:00,95244.23171000001
2017-06-08 23:30:00,92369.80531000001
2017-06-09 00:00:00,89012.80365666666
2017-06-09 00:30:00,86724.14251666666
2017-06-09 01:00:00,84974.53789666666
2017-06-09 01:30:00,86480.10845
2017-06-09 02:00:00,89901.27849666665
2017-06-09 02:30:00,86189.55857666666
2017-06-09 03:00:00,80008.41042333333
2017-06-09 03:30:00,69981.70614666666
2017-06-09 04:00:00,65051.58200666667
2017-06-09 04:30:00,58030.52442333333
2017-06-09 05:00:00,50424.789703333336
2017-06-09 05:30:00,47871.69683333333
2017-06-09 06:00:00,47279.00335333333
2017-06-09 06:30:00,47593.863119999995
2017-06-09 07:00:00,48263.99248666666
2017-06-09 07:30:00,50325.83318666666
2017-06-09 08:00:00,52608.12921666666
2017-06-09 08:30:00,55025.13002666667
2017-06-09 09:00:00,57856.32262
2017-06-09 09:30:00,59736.14779333334
2017-06-09 10:00:00,62179.12552
2017-06-09 10:30:00,64842.33932333334
2017-06-09 11:00:00,67894.1151
2017-06-09 11:30:00,69513.42418666667
2017-06-09 12:00:00,69708.01578333334
2017-06-09 12:30:00,68881.97416666667
2017-06-09 13:00:00,70677.24712333333
2017-06-09 13:30:00,73056.55652
2017-06-09 14:00:00,74241.86547333334
2017-06-09 14:30:00,74517.37088666666
2017-06-09 15:00:00,74058.11372333334
2017-06-09 15:30:00,74628.91347666667
2017-06-09 16:00:00,74846.69691
2017-06-09 16:30:00,74754.92379000002
2017-06-09 17:00:00,75504.96587
2017-06-09 17:30:00,77425.20948666667
2017-06-09 18:00:00,80055.49317333334
2017-06-09 18:30:00,86389.99717333332
2017-06-09 19:00:00,96548.00955
2017-06-09 19:30:00,98497.55671333334
2017-06-09 20:00:00,98623.60072
2017-06-09 20:30:00,99116.22651333333
2017-06-09 21:00:00,97716.27229
2017-06-09 21:30:00,95072.60047
2017-06-09 22:00:00,95012.54122333333
2017-06-09 22:30:00,94615.70864666667
2017-06-09 23:00:00,92302.23191666667
2017-06-09 23:30:00,89703.20589
2017-06-10 00:00:00,87327.62547999999
2017-06-10 00:30:00,85597.19233333333
2017-06-10 01:00:00,84512.28301
2017-06-10 01:30:00,86156.18721333334
2017-06-10 02:00:00,88892.97938333334
2017-06-10 02:30:00,83950.48032333334
2017-06-10 03:00:00,77591.87269333332
2017-06-10 03:30:00,68214.68699333334
2017-06-10 04:00:00,63152.10924
2017-06-10 04:30:00,56552.664053333334
2017-06-10 05:00:00,48347.740106666664
2017-06-10 05:30:00,46087.99748666666
2017-06-10 06:00:00,44947.77615
2017-06-10 06:30:00,45425.20821333333
2017-06-10 07:00:00,45931.297586666675
2017-06-10 07:30:00,46849.93909666666
2017-06-10 08:00:00,49256.57304000001
2017-06-10 08:30:00,51473.70393333334
2017-06-10 09:00:00,54442.16194
2017-06-10 09:30:00,56828.03798666666
2017-06-10 10:00:00,60466.686389999995
2017-06-10 10:30:00,62402.910383333336
2017-06-10 11:00:00,65088.67021333333
2017-06-10 11:30:00,67828.60843000001
2017-06-10 12:00:00,69750.42356666666
2017-06-10 12:30:00,71301.60671000001
2017-06-10 13:00:00,72256.54693666667
2017-06-10 13:30:00,72633.57433666667
2017-06-10 14:00:00,72092.79107333334
2017-06-10 14:30:00,72841.99441333333
2017-06-10 15:00:00,73013.50145666668
2017-06-10 15:30:00,73284.94202333334
2017-06-10 16:00:00,73841.17212333334
2017-06-10 16:30:00,74260.04609666666
2017-06-10 17:00:00,76104.24419333333
2017-06-10 17:30:00,77705.57312666667
2017-06-10 18:00:00,80480.99228333334
2017-06-10 18:30:00,86819.07740666666
2017-06-10 19:00:00,95676.51276000001
2017-06-10 19:30:00,97737.998
2017-06-10 20:00:00,98058.06351666666
2017-06-10 20:30:00,99211.74929333333
2017-06-10 21:00:00,97995.40884
2017-06-10 21:30:00,95906.83870333334
2017-06-10 22:00:00,95355.48630666667
2017-06-10 22:30:00,94564.35895000001
2017-06-10 23:00:00,91266.56052
2017-06-10 23:30:00,89124.36626666668
2017-06-11 00:00:00,87261.77525333334
2017-06-11 00:30:00,84500.61367666668
2017-06-11 01:00:00,83276.97934
2017-06-11 01:30:00,85733.65801333333
2017-06-11 02:00:00,88625.97128
2017-06-11 02:30:00,84189.93542666668
2017-06-11 03:00:00,77098.87236333334
2017-06-11 03:30:00,67457.80707666666
2017-06-11 04:00:00,61383.263876666664
2017-06-11 04:30:00,54520.68010666667
2017-06-11 05:00:00,46213.46519333334
2017-06-11 05:30:00,43866.19080333333
2017-06-11 06:00:00,42920.002929999995
2017-06-11 06:30:00,42900.45900666667
2017-06-11 07:00:00,43434.53848333334
2017-06-11 07:30:00,43737.97472
2017-06-11 08:00:00,44478.02735333333
2017-06-11 08:30:00,46117.09250666667
2017-06-11 09:00:00,48270.27252
2017-06-11 09:30:00,51082.17428000001
2017-06-11 10:00:00,53865.424009999995
2017-06-11 10:30:00,56183.20682
2017-06-11 11:00:00,58398.775133333336
2017-06-11 11:30:00,61058.5078
2017-06-11 12:00:00,62991.424770000005
2017-06-11 12:30:00,64751.86504666667
2017-06-11 13:00:00,66411.56683000001
2017-06-11 13:30:00,67102.47518666666
2017-06-11 14:00:00,68031.84363999999
2017-06-11 14:30:00,68571.45089333334
2017-06-11 15:00:00,68778.45310333333
2017-06-11 15:30:00,69926.72046
2017-06-11 16:00:00,70419.78388333332
2017-06-11 16:30:00,71070.02079
2017-06-11 17:00:00,72325.15561666666
2017-06-11 17:30:00,74594.38534
2017-06-11 18:00:00,77736.54377
2017-06-11 18:30:00,83964.66970000001
2017-06-11 19:00:00,95137.08720666666
2017-06-11 19:30:00,97704.70550333332
2017-06-11 20:00:00,97560.34422666667
2017-06-11 20:30:00,98580.55805333333
2017-06-11 21:00:00,97163.9519
2017-06-11 21:30:00,95566.77668000001
2017-06-11 22:00:00,95230.77394333335
2017-06-11 22:30:00,95338.29282333334
2017-06-11 23:00:00,93767.82793333333
2017-06-11 23:30:00,91081.68972666666
2017-06-12 00:00:00,88486.08141666667
2017-06-12 00:30:00,85839.2422
2017-06-12 01:00:00,85263.73181666667
2017-06-12 01:30:00,87104.80459333333
2017-06-12 02:00:00,89232.91375
2017-06-12 02:30:00,85314.10904666666
2017-06-12 03:00:00,78730.57615666668
2017-06-12 03:30:00,68162.36637
2017-06-12 04:00:00,63398.343409999994
2017-06-12 04:30:00,56927.22532666667
2017-06-12 05:00:00,49352.84228333333
2017-06-12 05:30:00,47621.655836666665
2017-06-12 06:00:00,47196.747390000004
2017-06-12 06:30:00,47757.70498333334
2017-06-12 07:00:00,48627.3448
2017-06-12 07:30:00,49982.972100000006
2017-06-12 08:00:00,52814.528029999994
2017-06-12 08:30:00,55531.13554333334
2017-06-12 09:00:00,58414.32155666667
2017-06-12 09:30:00,61383.037593333334
2017-06-12 10:00:00,64558.27285
2017-06-12 10:30:00,66661.12323333333
2017-06-12 11:00:00,68565.45503333333
2017-06-12 11:30:00,70472.68482000001
2017-06-12 12:00:00,72227.11163666668
2017-06-12 12:30:00,73551.80418333334
2017-06-12 13:00:00,75048.81977
2017-06-12 13:30:00,75716.26562
2017-06-12 14:00:00,76294.38380666666
2017-06-12 14:30:00,76898.73242999999
2017-06-12 15:00:00,76242.59878333333
2017-06-12 15:30:00,76358.48364
2017-06-12 16:00:00,76582.38017333334
2017-06-12 16:30:00,76575.83345666666
2017-06-12 17:00:00,77691.63159666666
2017-06-12 17:30:00,79115.53453666667
2017-06-12 18:00:00,81995.22066666668
2017-06-12 18:30:00,87874.27275
2017-06-12 19:00:00,97749.97534333332
2017-06-12 19:30:00,100418.90968
2017-06-12 20:00:00,100261.95536333334
2017-06-12 20:30:00,101211.28847333333
2017-06-12 21:00:00,99709.44111333333
2017-06-12 21:30:00,97701.00857333334
2017-06-12 22:00:00,96923.89010666667
2017-06-12 22:30:00,97101.62091666665
2017-06-12 23:00:00,94663.54851
2017-06-12 23:30:00,91562.75249666667
2017-06-13 00:00:00,89243.93624
2017-06-13 00:30:00,87327.26802
2017-06-13 01:00:00,85787.18156333333
2017-06-13 01:30:00,87868.49665666667
2017-06-13 02:00:00,90234.07750666667
2017-06-13 02:30:00,86089.69647000001
2017-06-13 03:00:00,79678.80020333333
2017-06-13 03:30:00,69995.91650666668
2017-06-13 04:00:00,64262.89376
2017-06-13 04:30:00,58003.565986666676
2017-06-13 05:00:00,50644.39657333334
2017-06-13 05:30:00,48659.17702333333
2017-06-13 06:00:00,46086.85545
2017-06-13 06:30:00,48325.53403333334
2017-06-13 07:00:00,49307.001209999995
2017-06-13 07:30:00,50749.891963333335
2017-06-13 08:00:00,53552.49217333333
2017-06-13 08:30:00,55835.83739
2017-06-13 09:00:00,58616.87328
2017-06-13 09:30:00,61917.429463333334
2017-06-13 10:00:00,64986.100750000005
2017-06-13 10:30:00,67236.50275666667
2017-06-13 11:00:00,70054.14029666666
2017-06-13 11:30:00,71919.45237333333
2017-06-13 12:00:00,73359.82294666667
2017-06-13 12:30:00,74846.13186000001
2017-06-13 13:00:00,75939.59641666667
2017-06-13 13:30:00,76206.30664333333
2017-06-13 14:00:00,76744.72441000001
2017-06-13 14:30:00,76801.13901666667
2017-06-13 15:00:00,75959.69278
2017-06-13 15:30:00,76505.83745333333
2017-06-13 16:00:00,76045.55447666667
2017-06-13 16:30:00,76096.63728333333
2017-06-13 17:00:00,77308.29566
2017-06-13 17:30:00,77570.58633666667
2017-06-13 18:00:00,81282.17322
2017-06-13 18:30:00,87052.76944333334
2017-06-13 19:00:00,98214.56821333333
2017-06-13 19:30:00,101295.41291666667
2017-06-13 20:00:00,100269.12666999998
2017-06-13 20:30:00,101506.78210666667
2017-06-13 21:00:00,100945.34931333332
2017-06-13 21:30:00,99029.17412
2017-06-13 22:00:00,98105.74418666668
2017-06-13 22:30:00,98086.27127999999
2017-06-13 23:00:00,95024.88327666667
2017-06-13 23:30:00,92577.48166
2017-06-14 00:00:00,90081.20373999998
2017-06-14 00:30:00,87444.19661666667
2017-06-14 01:00:00,86505.65183666667
2017-06-14 01:30:00,88552.78016000001
2017-06-14 02:00:00,90848.79838333333
2017-06-14 02:30:00,87119.45607666667
2017-06-14 03:00:00,80580.57724
2017-06-14 03:30:00,70652.79449666667
2017-06-14 04:00:00,65571.55803999999
2017-06-14 04:30:00,59005.053973333335
2017-06-14 05:00:00,50968.555576666666
2017-06-14 05:30:00,48815.35314
2017-06-14 06:00:00,47888.14023333333
2017-06-14 06:30:00,48743.44698666667
2017-06-14 07:00:00,49828.40122666667
2017-06-14 07:30:00,51183.71033666667
2017-06-14 08:00:00,53958.999566666665
2017-06-14 08:30:00,56261.03499000001
2017-06-14 09:00:00,59514.74672333334
2017-06-14 09:30:00,62409.68677
2017-06-14 10:00:00,65605.25481666667
2017-06-14 10:30:00,66995.92414
2017-06-14 11:00:00,70255.50632
2017-06-14 11:30:00,72169.60678333334
2017-06-14 12:00:00,74185.36959666667
2017-06-14 12:30:00,75736.59287333333
2017-06-14 13:00:00,76632.45653333333
2017-06-14 13:30:00,77227.00529
2017-06-14 14:00:00,77867.02145666667
2017-06-14 14:30:00,77810.14649999999
2017-06-14 15:00:00,77267.54363666667
2017-06-14 15:30:00,77429.41342333333
2017-06-14 16:00:00,77635.04154666666
2017-06-14 16:30:00,77428.10535333333
2017-06-14 17:00:00,78377.80971666666
2017-06-14 17:30:00,80253.49828
2017-06-14 18:00:00,82435.69519666665
2017-06-14 18:30:00,87222.67096
2017-06-14 19:00:00,97039.56230666667
2017-06-14 19:30:00,101513.45711666667
2017-06-14 20:00:00,101292.36853333334
2017-06-14 20:30:00,102349.42919666665
2017-06-14 21:00:00,101586.55105000001
2017-06-14 21:30:00,99324.09110333334
2017-06-14 22:00:00,98899.97079666668
2017-06-14 22:30:00,98616.18387666666
2017-06-14 23:00:00,96303.30822
2017-06-14 23:30:00,92655.20904666667
2017-06-15 00:00:00,90064.97776666668
2017-06-15 00:30:00,88014.91696333334
2017-06-15 01:00:00,86861.57001000001
2017-06-15 01:30:00,88735.19159666666
2017-06-15 02:00:00,90909.84107333333
2017-06-15 02:30:00,86724.04653333333
2017-06-15 03:00:00,79941.39293666667
2017-06-15 03:30:00,70037.61231
2017-06-15 04:00:00,65234.56635
2017-06-15 04:30:00,58889.549243333335
2017-06-15 05:00:00,51476.82103333333
2017-06-15 05:30:00,49421.89756333333
2017-06-15 06:00:00,49057.48099666667
2017-06-15 06:30:00,49690.92459
2017-06-15 07:00:00,50046.15484
2017-06-15 07:30:00,49866.90879666666
2017-06-15 08:00:00,52308.393780000006
2017-06-15 08:30:00,55092.26118666666
2017-06-15 09:00:00,57914.72736
2017-06-15 09:30:00,61370.383513333334
2017-06-15 10:00:00,64164.632756666666
2017-06-15 10:30:00,66847.99321333334
2017-06-15 11:00:00,69378.11535333334
2017-06-15 11:30:00,71677.94004666667
2017-06-15 12:00:00,74001.68902333334
2017-06-15 12:30:00,74639.41194666667
2017-06-15 13:00:00,76434.20502666668
2017-06-15 13:30:00,78042.77382666666
2017-06-15 14:00:00,79506.32828666667
2017-06-15 14:30:00,79365.36615
2017-06-15 15:00:00,78871.42990333332
2017-06-15 15:30:00,79055.85291333334
2017-06-15 16:00:00,78592.97507333333
2017-06-15 16:30:00,78378.22684333334
2017-06-15 17:00:00,79257.56391666667
2017-06-15 17:30:00,80550.63479
2017-06-15 18:00:00,82859.25756
2017-06-15 18:30:00,87714.99046
2017-06-15 19:00:00,97786.33837666667
2017-06-15 19:30:00,102590.86159999999
2017-06-15 20:00:00,102708.76321333332
2017-06-15 20:30:00,103595.82955333334
2017-06-15 21:00:00,102287.55485333333
2017-06-15 21:30:00,99056.50431666667
2017-06-15 22:00:00,99351.41953333333
2017-06-15 22:30:00,99772.82013666666
2017-06-15 23:00:00,97578.20520666667
2017-06-15 23:30:00,94574.65298333333
2017-06-16 00:00:00,91770.45990999999
2017-06-16 00:30:00,89364.58080666668
2017-06-16 01:00:00,88651.62646333333
2017-06-16 01:30:00,90777.58772666666
2017-06-16 02:00:00,92873.70488333334
2017-06-16 02:30:00,88548.32322666666
2017-06-16 03:00:00,81303.82622999999
2017-06-16 03:30:00,71481.89261333334
2017-06-16 04:00:00,65964.34564333333
2017-06-16 04:30:00,59511.169610000004
2017-06-16 05:00:00,52355.992276666664
2017-06-16 05:30:00,49922.841983333325
2017-06-16 06:00:00,49465.55766333333
2017-06-16 06:30:00,49337.236913333334
2017-06-16 07:00:00,50521.03676000001
2017-06-16 07:30:00,51561.60128
2017-06-16 08:00:00,53922.50174
2017-06-16 08:30:00,56525.012603333336
2017-06-16 09:00:00,59645.97402
2017-06-16 09:30:00,62795.12221666667
2017-06-16 10:00:00,66296.17233333334
2017-06-16 10:30:00,68688.64507666667
2017-06-16 11:00:00,71214.53076666668
2017-06-16 11:30:00,73285.06862333334
2017-06-16 12:00:00,73576.07487666667
2017-06-16 12:30:00,72500.05361
2017-06-16 13:00:00,74811.10585333333
2017-06-16 13:30:00,78062.05548666666
2017-06-16 14:00:00,78194.6287
2017-06-16 14:30:00,78436.30996666667
2017-06-16 15:00:00,78199.53363666667
2017-06-16 15:30:00,78285.59941666666
2017-06-16 16:00:00,77725.60267333333
2017-06-16 16:30:00,77841.44412333333
2017-06-16 17:00:00,78876.05625333333
2017-06-16 17:30:00,80685.92337666667
2017-06-16 18:00:00,83046.74727
2017-06-16 18:30:00,87900.69053666666
2017-06-16 19:00:00,97595.76211333333
2017-06-16 19:30:00,101600.69096666668
2017-06-16 20:00:00,101585.23288333333
2017-06-16 20:30:00,101692.30967333332
2017-06-16 21:00:00,101131.11387
2017-06-16 21:30:00,98851.50129666667
2017-06-16 22:00:00,98855.28314666667
2017-06-16 22:30:00,98952.15717666666
2017-06-16 23:00:00,96662.49461
2017-06-16 23:30:00,94814.82620000001
2017-06-17 00:00:00,92304.90134333335
2017-06-17 00:30:00,90534.71369666666
2017-06-17 01:00:00,89605.69306
2017-06-17 01:30:00,91610.99902666667
2017-06-17 02:00:00,93267.06705666667
2017-06-17 02:30:00,88891.12799
2017-06-17 03:00:00,81870.73153666667
2017-06-17 03:30:00,72124.46229333333
2017-06-17 04:00:00,66864.06670333333
2017-06-17 04:30:00,60317.59294333333
2017-06-17 05:00:00,51007.25079
2017-06-17 05:30:00,48852.42522
2017-06-17 06:00:00,48129.13122
2017-06-17 06:30:00,48799.32227333333
2017-06-17 07:00:00,49467.98433000001
2017-06-17 07:30:00,50167.243076666666
2017-06-17 08:00:00,53133.37622333333
2017-06-17 08:30:00,55080.39428
2017-06-17 09:00:00,57964.71534333334
2017-06-17 09:30:00,60924.82553333333
2017-06-17 10:00:00,65296.06501
2017-06-17 10:30:00,68169.25524333333
2017-06-17 11:00:00,70647.39911
2017-06-17 11:30:00,72906.0386
2017-06-17 12:00:00,74605.14257666667
2017-06-17 12:30:00,76763.29799
2017-06-17 13:00:00,77429.33823333333
2017-06-17 13:30:00,77515.42853666667
2017-06-17 14:00:00,77999.07611666666
2017-06-17 14:30:00,78290.00297666667
2017-06-17 15:00:00,78422.28736
2017-06-17 15:30:00,78794.43476999999
2017-06-17 16:00:00,78966.39559333333
2017-06-17 16:30:00,79550.332
2017-06-17 17:00:00,80495.22593999999
2017-06-17 17:30:00,81471.22615666666
2017-06-17 18:00:00,83110.9719
2017-06-17 18:30:00,88172.54512333334
2017-06-17 19:00:00,97423.15178999999
2017-06-17 19:30:00,103035.66538666666
2017-06-17 20:00:00,102485.90652666667
2017-06-17 20:30:00,103352.46565666667
2017-06-17 21:00:00,102286.70490333333
2017-06-17 21:30:00,99564.89323
2017-06-17 22:00:00,98551.97671
2017-06-17 22:30:00,98086.96594666666
2017-06-17 23:00:00,96032.02084333333
2017-06-17 23:30:00,93215.52373
2017-06-18 00:00:00,91081.96813
2017-06-18 00:30:00,89386.69751666667
2017-06-18 01:00:00,88512.27453
2017-06-18 01:30:00,91078.66259
2017-06-18 02:00:00,92901.38687666667
2017-06-18 02:30:00,88302.25965333334
2017-06-18 03:00:00,81179.19160666667
2017-06-18 03:30:00,71259.38956333334
2017-06-18 04:00:00,65280.77097333333
2017-06-18 04:30:00,58134.12646666667
2017-06-18 05:00:00,49855.6428
2017-06-18 05:30:00,47192.83323000001
2017-06-18 06:00:00,46007.104186666664
2017-06-18 06:30:00,45946.98596333334
2017-06-18 07:00:00,45976.84422666667
2017-06-18 07:30:00,46639.35121666667
2017-06-18 08:00:00,47818.50893
2017-06-18 08:30:00,49127.143313333334
2017-06-18 09:00:00,51047.54360333333
2017-06-18 09:30:00,53458.85515333333
2017-06-18 10:00:00,56017.0507
2017-06-18 10:30:00,58549.047920000005
2017-06-18 11:00:00,61492.91195
2017-06-18 11:30:00,64062.10571
2017-06-18 12:00:00,66022.44683333334
2017-06-18 12:30:00,68258.53998666666
2017-06-18 13:00:00,69818.56837666668
2017-06-18 13:30:00,70381.57906
2017-06-18 14:00:00,70950.90543999999
2017-06-18 14:30:00,71218.33476
2017-06-18 15:00:00,72168.90127666667
2017-06-18 15:30:00,73167.38816333334
2017-06-18 16:00:00,73395.80377
2017-06-18 16:30:00,74213.53665666666
2017-06-18 17:00:00,75492.50042666667
2017-06-18 17:30:00,77431.32192
2017-06-18 18:00:00,80201.63837666667
2017-06-18 18:30:00,85287.76316333334
2017-06-18 19:00:00,94116.83806666666
2017-06-18 19:30:00,99975.01653000001
2017-06-18 20:00:00,99503.33494333334
2017-06-18 20:30:00,100566.34334
2017-06-18 21:00:00,99670.06557666666
2017-06-18 21:30:00,98295.24358666665
2017-06-18 22:00:00,98221.39641333332
2017-06-18 22:30:00,98809.86805
2017-06-18 23:00:00,96893.21743
2017-06-18 23:30:00,94821.02478333334
2017-06-19 00:00:00,92293.91513666666
2017-06-19 00:30:00,90016.24577666666
2017-06-19 01:00:00,89008.86083666666
2017-06-19 01:30:00,91598.04297
2017-06-19 02:00:00,93272.85887
2017-06-19 02:30:00,89401.54226
2017-06-19 03:00:00,82230.53878666666
2017-06-19 03:30:00,72608.26334
2017-06-19 04:00:00,66182.71897999999
2017-06-19 04:30:00,60097.00279333334
2017-06-19 05:00:00,52624.78208333333
2017-06-19 05:30:00,50694.99224666667
2017-06-19 06:00:00,50476.331946666665
2017-06-19 06:30:00,50985.65260666667
2017-06-19 07:00:00,51255.067286666665
2017-06-19 07:30:00,52407.4704
2017-06-19 08:00:00,54952.24201666666
2017-06-19 08:30:00,57691.26170666667
2017-06-19 09:00:00,61991.44160333333
2017-06-19 09:30:00,64931.08851333333
2017-06-19 10:00:00,67577.61964666667
2017-06-19 10:30:00,70631.46259333333
2017-06-19 11:00:00,73093.71647666667
2017-06-19 11:30:00,74693.11939666666
2017-06-19 12:00:00,76807.17022666667
2017-06-19 12:30:00,78267.10240999999
2017-06-19 13:00:00,79156.00188666665
2017-06-19 13:30:00,79820.11916333334
2017-06-19 14:00:00,80542.37788
2017-06-19 14:30:00,80966.78084333334
2017-06-19 15:00:00,80444.08863666667
2017-06-19 15:30:00,80836.10784333333
2017-06-19 16:00:00,80594.48288333333
2017-06-19 16:30:00,80055.67535666667
2017-06-19 17:00:00,80976.27426333334
2017-06-19 17:30:00,82080.28484333334
2017-06-19 18:00:00,83976.97437333333
2017-06-19 18:30:00,89422.93022
2017-06-19 19:00:00,99284.40567666666
2017-06-19 19:30:00,103763.05991666667
2017-06-19 20:00:00,103249.99278333333
2017-06-19 20:30:00,103819.19903333334
2017-06-19 21:00:00,102902.24255333333
2017-06-19 21:30:00,101148.32128333334
2017-06-19 22:00:00,100976.72751333333
2017-06-19 22:30:00,101262.18907333334
2017-06-19 23:00:00,99274.43175333335
2017-06-19 23:30:00,96910.78714000001
2017-06-20 00:00:00,94074.68810333333
2017-06-20 00:30:00,91876.08456
2017-06-20 01:00:00,90599.03155666667
2017-06-20 01:30:00,92846.50301
2017-06-20 02:00:00,94568.75053333334
2017-06-20 02:30:00,89807.55481
2017-06-20 03:00:00,83021.92824666666
2017-06-20 03:30:00,73120.21582333335
2017-06-20 04:00:00,67268.26169333333
2017-06-20 04:30:00,60369.60317333334
2017-06-20 05:00:00,52860.09945
2017-06-20 05:30:00,50128.31063
2017-06-20 06:00:00,49810.11248666667
2017-06-20 06:30:00,49954.69505
2017-06-20 07:00:00,51680.0684
2017-06-20 07:30:00,52958.87493
2017-06-20 08:00:00,55345.62047
2017-06-20 08:30:00,57718.06075333333
2017-06-20 09:00:00,61297.396160000004
2017-06-20 09:30:00,64782.46932333333
2017-06-20 10:00:00,67590.27564333333
2017-06-20 10:30:00,70548.24006666667
2017-06-20 11:00:00,73201.20274666666
2017-06-20 11:30:00,74999.45211333333
2017-06-20 12:00:00,76970.44735666667
2017-06-20 12:30:00,78433.82397000001
2017-06-20 13:00:00,79828.82126
2017-06-20 13:30:00,80592.36884666666
2017-06-20 14:00:00,80298.18186
2017-06-20 14:30:00,80271.55591
2017-06-20 15:00:00,80266.77259000001
2017-06-20 15:30:00,79539.82913333333
2017-06-20 16:00:00,79476.71054333333
2017-06-20 16:30:00,79517.65983666667
2017-06-20 17:00:00,80879.12392
2017-06-20 17:30:00,82414.22759666666
2017-06-20 18:00:00,83994.19738666667
2017-06-20 18:30:00,87799.02397
2017-06-20 19:00:00,96810.11815333333
2017-06-20 19:30:00,103183.60786
2017-06-20 20:00:00,102827.33461666666
2017-06-20 20:30:00,103680.68530666667
2017-06-20 21:00:00,103461.66165000001
2017-06-20 21:30:00,101321.30284666666
2017-06-20 22:00:00,100805.85079
2017-06-20 22:30:00,101448.01079333333
2017-06-20 23:00:00,99806.33274666667
2017-06-20 23:30:00,97320.79472333334
2017-06-21 00:00:00,95337.61341333333
2017-06-21 00:30:00,92548.57406999999
2017-06-21 01:00:00,91654.84269333332
2017-06-21 01:30:00,93228.39704
2017-06-21 02:00:00,94883.79915000002
2017-06-21 02:30:00,90628.11586
2017-06-21 03:00:00,83247.35152333333
2017-06-21 03:30:00,74511.85346
2017-06-21 04:00:00,68356.12218666666
2017-06-21 04:30:00,61802.641780000005
2017-06-21 05:00:00,53126.40777333334
2017-06-21 05:30:00,50160.13522
2017-06-21 06:00:00,49929.20847333333
2017-06-21 06:30:00,50353.060926666665
2017-06-21 07:00:00,51741.125343333326
2017-06-21 07:30:00,52777.79727333334
2017-06-21 08:00:00,55204.936793333334
2017-06-21 08:30:00,57461.483739999996
2017-06-21 09:00:00,61037.18859333333
2017-06-21 09:30:00,64576.63536666666
2017-06-21 10:00:00,67915.33165000001
2017-06-21 10:30:00,70972.80383
2017-06-21 11:00:00,73929.72054666666
2017-06-21 11:30:00,75726.11428
2017-06-21 12:00:00,77973.57908333333
2017-06-21 12:30:00,79493.54174333334
2017-06-21 13:00:00,80571.49743666667
2017-06-21 13:30:00,81899.37953333334
2017-06-21 14:00:00,81998.66040666668
2017-06-21 14:30:00,82471.45746666666
2017-06-21 15:00:00,81988.73904333333
2017-06-21 15:30:00,81769.37444
2017-06-21 16:00:00,81550.18365
2017-06-21 16:30:00,81335.22427
2017-06-21 17:00:00,81785.09403333333
2017-06-21 17:30:00,82628.31046666666
2017-06-21 18:00:00,84295.54968000001
2017-06-21 18:30:00,87786.54817666666
2017-06-21 19:00:00,96045.99983999999
2017-06-21 19:30:00,102717.43375333333
2017-06-21 20:00:00,102907.69851666666
2017-06-21 20:30:00,104699.48387
2017-06-21 21:00:00,102806.77682666667
2017-06-21 21:30:00,99938.20968000001
2017-06-21 22:00:00,99132.66410666665
2017-06-21 22:30:00,99282.57323
2017-06-21 23:00:00,98670.98681333334
2017-06-21 23:30:00,97550.88105333333
2017-06-22 00:00:00,96169.72639666667
2017-06-22 00:30:00,93757.25560333334
2017-06-22 01:00:00,91935.34901333333
2017-06-22 01:30:00,93409.18518999999
2017-06-22 02:00:00,94819.5726
2017-06-22 02:30:00,90569.59407333333
2017-06-22 03:00:00,83782.01572
2017-06-22 03:30:00,74168.5504
2017-06-22 04:00:00,68404.05224666667
2017-06-22 04:30:00,62148.15732333334
2017-06-22 05:00:00,53920.564496666666
2017-06-22 05:30:00,51199.338266666666
2017-06-22 06:00:00,50432.334070000004
2017-06-22 06:30:00,50479.64193333333
2017-06-22 07:00:00,51184.540596666666
2017-06-22 07:30:00,52292.13679
2017-06-22 08:00:00,54766.147326666665
2017-06-22 08:30:00,57315.164840000005
2017-06-22 09:00:00,61179.50124666666
2017-06-22 09:30:00,63875.25724
2017-06-22 10:00:00,67684.81632666667
2017-06-22 10:30:00,70493.94651
2017-06-22 11:00:00,72942.36764
2017-06-22 11:30:00,75459.36458
2017-06-22 12:00:00,77500.35020666667
2017-06-22 12:30:00,79167.10018
2017-06-22 13:00:00,80158.80121333334
2017-06-22 13:30:00,81504.02780666667
2017-06-22 14:00:00,81501.64147
2017-06-22 14:30:00,81718.81745333334
2017-06-22 15:00:00,81617.08804
2017-06-22 15:30:00,81301.95688666667
2017-06-22 16:00:00,80728.10119666666
2017-06-22 16:30:00,80415.68478333333
2017-06-22 17:00:00,80776.68495000001
2017-06-22 17:30:00,82196.26676333333
2017-06-22 18:00:00,83865.47753666667
2017-06-22 18:30:00,87818.71576
2017-06-22 19:00:00,96638.83468000001
2017-06-22 19:30:00,103774.68966333334
2017-06-22 20:00:00,103370.57298333332
2017-06-22 20:30:00,104587.72222666665
2017-06-22 21:00:00,103985.38601333334
2017-06-22 21:30:00,102355.78744999999
2017-06-22 22:00:00,102180.31359333334
2017-06-22 22:30:00,102336.40344666666
2017-06-22 23:00:00,101135.36412333335
2017-06-22 23:30:00,98731.65425666666
2017-06-23 00:00:00,96977.41180333332
2017-06-23 00:30:00,94174.27617000001
2017-06-23 01:00:00,93154.66271
2017-06-23 01:30:00,94130.78608666667
2017-06-23 02:00:00,95020.33582
2017-06-23 02:30:00,90788.10008666669
2017-06-23 03:00:00,83099.77483000001
2017-06-23 03:30:00,73575.15478333333
2017-06-23 04:00:00,67596.31399666666
2017-06-23 04:30:00,60900.27301333333
2017-06-23 05:00:00,52824.913486666665
2017-06-23 05:30:00,50370.721346666665
2017-06-23 06:00:00,49667.50882333334
2017-06-23 06:30:00,50049.06819333334
2017-06-23 07:00:00,50618.16579333334
2017-06-23 07:30:00,51409.751566666666
2017-06-23 08:00:00,53491.90253
2017-06-23 08:30:00,55911.466276666666
2017-06-23 09:00:00,59022.57388
2017-06-23 09:30:00,61414.59443
2017-06-23 10:00:00,64989.644713333335
2017-06-23 10:30:00,68730.35577666666
2017-06-23 11:00:00,72924.60143
2017-06-23 11:30:00,75124.59706666665
2017-06-23 12:00:00,75763.98750333332
2017-06-23 12:30:00,74593.43394
2017-06-23 13:00:00,76350.70887
2017-06-23 13:30:00,79558.66511666666
2017-06-23 14:00:00,80908.00009666667
2017-06-23 14:30:00,81678.98187666667
2017-06-23 15:00:00,81637.74734
2017-06-23 15:30:00,81570.93898
2017-06-23 16:00:00,81569.85875333333
2017-06-23 16:30:00,81160.07893
2017-06-23 17:00:00,81728.47380333334
2017-06-23 17:30:00,82080.87167333333
2017-06-23 18:00:00,84552.23271333333
2017-06-23 18:30:00,87941.13228666666
2017-06-23 19:00:00,96697.69468
2017-06-23 19:30:00,104203.92057333334
2017-06-23 20:00:00,103923.0302
2017-06-23 20:30:00,105534.84152999999
2017-06-23 21:00:00,104797.49001666666
2017-06-23 21:30:00,103312.83784000001
2017-06-23 22:00:00,102717.61754666666
2017-06-23 22:30:00,102266.37051666668
2017-06-23 23:00:00,101005.29874333333
2017-06-23 23:30:00,98421.31535
2017-06-24 00:00:00,96752.96527333332
2017-06-24 00:30:00,94838.34125
2017-06-24 01:00:00,94273.34822666668
2017-06-24 01:30:00,94891.57834666666
2017-06-24 02:00:00,95585.32648666667
2017-06-24 02:30:00,90367.08414
2017-06-24 03:00:00,83118.28379666667
2017-06-24 03:30:00,72905.20363333334
2017-06-24 04:00:00,66999.88183666667
2017-06-24 04:30:00,60083.71087666667
2017-06-24 05:00:00,51802.21776333333
2017-06-24 05:30:00,49414.87131333334
2017-06-24 06:00:00,48686.723873333336
2017-06-24 06:30:00,48287.85736666666
2017-06-24 07:00:00,48508.389923333336
2017-06-24 07:30:00,49793.33981333333
2017-06-24 08:00:00,51537.57973
2017-06-24 08:30:00,54135.31011333333
2017-06-24 09:00:00,57258.41371666666
2017-06-24 09:30:00,59743.79317
2017-06-24 10:00:00,63412.72686333334
2017-06-24 10:30:00,65629.70460333333
2017-06-24 11:00:00,69039.39450666668
2017-06-24 11:30:00,72065.24914333333
2017-06-24 12:00:00,73910.57674333332
2017-06-24 12:30:00,74938.62433666667
2017-06-24 13:00:00,76382.41416
2017-06-24 13:30:00,76848.46042999999
2017-06-24 14:00:00,77586.05501333333
2017-06-24 14:30:00,78563.43796
2017-06-24 15:00:00,79330.57155333333
2017-06-24 15:30:00,79814.04270666666
2017-06-24 16:00:00,79997.28723666667
2017-06-24 16:30:00,80185.01396
2017-06-24 17:00:00,81243.43214666667
2017-06-24 17:30:00,82553.48148666667
2017-06-24 18:00:00,84454.89479666666
2017-06-24 18:30:00,88590.52129333334
2017-06-24 19:00:00,98593.65031666668
2017-06-24 19:30:00,103533.65035
2017-06-24 20:00:00,103196.01096333335
2017-06-24 20:30:00,104459.48333666666
2017-06-24 21:00:00,104527.41757333332
2017-06-24 21:30:00,103355.96978666667
2017-06-24 22:00:00,103773.66502
2017-06-24 22:30:00,103421.25889333333
2017-06-24 23:00:00,101968.63483666668
2017-06-24 23:30:00,99332.17873333332
2017-06-25 00:00:00,97157.79785666667
2017-06-25 00:30:00,94526.60824000002
2017-06-25 01:00:00,92983.75151333334
2017-06-25 01:30:00,93277.90230333334
2017-06-25 02:00:00,93198.27721333333
2017-06-25 02:30:00,88958.66605333333
2017-06-25 03:00:00,81932.58896000001
2017-06-25 03:30:00,72934.93008333334
2017-06-25 04:00:00,67087.70472666666
2017-06-25 04:30:00,59756.12694333334
2017-06-25 05:00:00,51435.534863333334
2017-06-25 05:30:00,48495.68409999999
2017-06-25 06:00:00,47629.73366333334
2017-06-25 06:30:00,47809.64108
2017-06-25 07:00:00,48201.86025333334
2017-06-25 07:30:00,48647.94838666666
2017-06-25 08:00:00,49423.22510333333
2017-06-25 08:30:00,51082.50711666667
2017-06-25 09:00:00,53408.89807999999
2017-06-25 09:30:00,56529.487850000005
2017-06-25 10:00:00,59473.28595333333
2017-06-25 10:30:00,62676.901933333334
2017-06-25 11:00:00,65303.54245333333
2017-06-25 11:30:00,68272.14484000001
2017-06-25 12:00:00,70341.52905333333
2017-06-25 12:30:00,72204.32511666666
2017-06-25 13:00:00,74108.07436000001
2017-06-25 13:30:00,75698.70500333334
2017-06-25 14:00:00,76775.58792
2017-06-25 14:30:00,77611.45677
2017-06-25 15:00:00,79722.71514333333
2017-06-25 15:30:00,80416.41610999999
2017-06-25 16:00:00,80463.92745999999
2017-06-25 16:30:00,80762.93659666667
2017-06-25 17:00:00,81435.30800666666
2017-06-25 17:30:00,82969.52338333333
2017-06-25 18:00:00,84470.72085666667
2017-06-25 18:30:00,88513.17603333334
2017-06-25 19:00:00,96905.29727
2017-06-25 19:30:00,103195.52173333334
2017-06-25 20:00:00,104275.84246
2017-06-25 20:30:00,106554.46693333333
2017-06-25 21:00:00,107953.35021333334
2017-06-25 21:30:00,108012.57096
2017-06-25 22:00:00,106824.47568375
2017-06-25 22:30:00,106824.47568375
2017-06-25 23:00:00,106158.68930333333
2017-06-25 23:30:00,103218.44931000001
2017-06-26 00:00:00,100736.41664166666
2017-06-26 00:30:00,97626.24448333333
2017-06-26 01:00:00,93807.1339
2017-06-26 01:30:00,90223.83678666667
2017-06-26 02:00:00,87044.86080333333
2017-06-26 02:30:00,83416.62540666666
2017-06-26 03:00:00,80478.23852333333
2017-06-26 03:30:00,75908.66881666666
2017-06-26 04:00:00,71176.44455
2017-06-26 04:30:00,63557.470896666666
2017-06-26 05:00:00,54203.436352916666
2017-06-26 05:30:00,51192.66836666667
2017-06-26 06:00:00,51923.474923333335
2017-06-26 06:30:00,53800.61208625
2017-06-26 07:00:00,55616.491906250005
2017-06-26 07:30:00,55616.491906250005
2017-06-26 08:00:00,60728.18768666667
2017-06-26 08:30:00,60768.410435000005
2017-06-26 09:00:00,61646.68049
2017-06-26 09:30:00,62301.7777
2017-06-26 10:00:00,63464.9189
2017-06-26 10:30:00,64475.902246666665
2017-06-26 11:00:00,65495.91999
2017-06-26 11:30:00,66023.92853666666
2017-06-26 12:00:00,67695.18653
2017-06-26 12:30:00,69390.38600666667
2017-06-26 13:00:00,70091.39802000001
2017-06-26 13:30:00,69478.96086333333
2017-06-26 14:00:00,69544.17436333334
2017-06-26 14:30:00,66925.14345500001
2017-06-26 15:00:00,69439.68479499998
2017-06-26 15:30:00,69439.68479499998
2017-06-26 16:00:00,70217.98135500001
2017-06-26 16:30:00,70217.98135500001
2017-06-26 17:00:00,70489.65299000002
2017-06-26 17:30:00,70489.65299000002
2017-06-26 18:00:00,68583.324685
2017-06-26 18:30:00,68583.324685
2017-06-26 19:00:00,80012.20188875002
2017-06-26 19:30:00,81430.96236250001
2017-06-26 20:00:00,94989.84592874996
2017-06-26 20:30:00,94989.84592874996
2017-06-26 21:00:00,90490.36266999999
2017-06-26 21:30:00,90490.36266999999
2017-06-26 22:00:00,91012.39620749997
2017-06-26 22:30:00,91012.39620749997
2017-06-26 23:00:00,88610.78190666666
2017-06-26 23:30:00,84912.48988333333
2017-06-27 00:00:00,81102.58835
2017-06-27 00:30:00,76493.41477500001
2017-06-27 01:00:00,72071.03532000001
2017-06-27 01:30:00,69279.90424375
2017-06-27 02:00:00,73943.45035374997
2017-06-27 02:30:00,73943.45035374997
2017-06-27 03:00:00,62827.19
2017-06-27 03:30:00,60905.64600000001
2017-06-27 04:00:00,58626.311806666665
2017-06-27 04:30:00,53656.08908666667
2017-06-27 05:00:00,45654.16453
2017-06-27 05:30:00,43933.136073333335
2017-06-27 06:00:00,43784.133323333335
2017-06-27 06:30:00,43956.56951
2017-06-27 07:00:00,45352.27279625
2017-06-27 07:30:00,45927.399176666666
2017-06-27 08:00:00,49220.79591499999
2017-06-27 08:30:00,51021.29376666667
2017-06-27 09:00:00,54235.92094916666
2017-06-27 09:30:00,56791.519236666674
2017-06-27 10:00:00,60230.26079333333
2017-06-27 10:30:00,63151.000380000005
2017-06-27 11:00:00,65233.676020000006
2017-06-27 11:30:00,67422.41039666667
2017-06-27 12:00:00,68899.92980333332
2017-06-27 12:30:00,70614.57178000001
2017-06-27 13:00:00,71934.96449666667
2017-06-27 13:30:00,72502.77736000001
2017-06-27 14:00:00,72751.47343333333
2017-06-27 14:30:00,72664.32263999998
2017-06-27 15:00:00,71961.24934
2017-06-27 15:30:00,71009.07960333333
2017-06-27 16:00:00,70365.36500833333
2017-06-27 16:30:00,70217.98135500001
2017-06-27 17:00:00,70489.65299000002
2017-06-27 17:30:00,70489.65299000002
2017-06-27 18:00:00,68583.324685
2017-06-27 18:30:00,68874.52328166667
2017-06-27 19:00:00,80012.20188875002
2017-06-27 19:30:00,84713.26944958334
2017-06-27 20:00:00,94989.84592874996
2017-06-27 20:30:00,94989.84592874996
2017-06-27 21:00:00,94723.46322666667
2017-06-27 21:30:00,94808.05879666668
2017-06-27 22:00:00,96119.17097333334
2017-06-27 22:30:00,95269.46572
2017-06-27 23:00:00,92369.90202
2017-06-27 23:30:00,88701.39104333334
2017-06-28 00:00:00,84459.48378333334
2017-06-28 00:30:00,79407.08555333334
2017-06-28 01:00:00,74297.13826666666
2017-06-28 01:30:00,71359.10123333333
2017-06-28 02:00:00,73943.45035374997
2017-06-28 02:30:00,73943.45035374997
2017-06-28 03:00:00,65720.09105
2017-06-28 03:30:00,63698.60984
2017-06-28 04:00:00,61214.30602333334
2017-06-28 04:30:00,55928.67389
2017-06-28 05:00:00,48349.01410333333
2017-06-28 05:30:00,46274.07759
2017-06-28 06:00:00,46190.29219333333
2017-06-28 06:30:00,47538.38152999999
2017-06-28 07:00:00,49717.09854
2017-06-28 07:30:00,52028.45143666666
2017-06-28 08:00:00,55800.92738666667
2017-06-28 08:30:00,59771.93585166667
2017-06-28 09:00:00,62953.680473333334
2017-06-28 09:30:00,66459.78549333334
2017-06-28 10:00:00,69104.56117333334
2017-06-28 10:30:00,71964.96631666667
2017-06-28 11:00:00,74353.21147
2017-06-28 11:30:00,76453.95644
2017-06-28 12:00:00,78070.74971333334
2017-06-28 12:30:00,79079.73675
2017-06-28 13:00:00,80461.96279
2017-06-28 13:30:00,80745.01984000001
2017-06-28 14:00:00,80763.74998333333
2017-06-28 14:30:00,79953.02003333333
2017-06-28 15:00:00,78750.78610666667
2017-06-28 15:30:00,78204.30872666667
2017-06-28 16:00:00,77776.22361666667
2017-06-28 16:30:00,76972.91845
2017-06-28 17:00:00,75821.87070333333
2017-06-28 17:30:00,75391.79691666666
2017-06-28 18:00:00,74949.69139
2017-06-28 18:30:00,76697.87998666667
2017-06-28 19:00:00,80832.44005583334
2017-06-28 19:30:00,92296.45869
2017-06-28 20:00:00,102087.73320333334
2017-06-28 20:30:00,102918.02808
2017-06-28 21:00:00,102672.09814
2017-06-28 21:30:00,101258.98151666667
2017-06-28 22:00:00,99584.13423999998
2017-06-28 22:30:00,97592.63171
2017-06-28 23:00:00,94310.51336
2017-06-28 23:30:00,89691.25128333333
2017-06-29 00:00:00,85257.93860666668
2017-06-29 00:30:00,80426.94280666667
2017-06-29 01:00:00,75339.32261333334
2017-06-29 01:30:00,72518.00735666667
2017-06-29 02:00:00,73943.45035374997
2017-06-29 02:30:00,73943.45035374997
2017-06-29 03:00:00,67668.62326000001
2017-06-29 03:30:00,65326.46981
2017-06-29 04:00:00,63165.75133
2017-06-29 04:30:00,57729.17393
2017-06-29 05:00:00,49682.84946666667
2017-06-29 05:30:00,47934.629316666666
2017-06-29 06:00:00,47911.716459999996
2017-06-29 06:30:00,48847.765810000004
2017-06-29 07:00:00,50880.71319333334
2017-06-29 07:30:00,52924.677449999996
2017-06-29 08:00:00,54833.920146666664
2017-06-29 08:30:00,56781.69900666666
2017-06-29 09:00:00,60169.95162333333
2017-06-29 09:30:00,62187.70636333333
2017-06-29 10:00:00,65771.63543000001
2017-06-29 10:30:00,69379.43670333334
2017-06-29 11:00:00,72110.43331
2017-06-29 11:30:00,74376.82426000001
2017-06-29 12:00:00,75569.17159666667
2017-06-29 12:30:00,77266.29442333333
2017-06-29 13:00:00,78144.15079
2017-06-29 13:30:00,78153.86333000001
2017-06-29 14:00:00,78909.44137999999
2017-06-29 14:30:00,78718.99143333333
2017-06-29 15:00:00,78484.00532333333
2017-06-29 15:30:00,77877.88121666666
2017-06-29 16:00:00,76933.25204
2017-06-29 16:30:00,76734.98742666666
2017-06-29 17:00:00,76365.2499
2017-06-29 17:30:00,76808.62644333334
2017-06-29 18:00:00,77030.95237999999
2017-06-29 18:30:00,78280.69883333334
2017-06-29 19:00:00,82268.53012291668
2017-06-29 19:30:00,96047.53542666667
2017-06-29 20:00:00,104493.27188999999
2017-06-29 20:30:00,105471.30888333333
2017-06-29 21:00:00,105128.64545999999
2017-06-29 21:30:00,103424.21793666667
2017-06-29 22:00:00,102181.92271333333
2017-06-29 22:30:00,100252.80825666666
2017-06-29 23:00:00,96270.59842
2017-06-29 23:30:00,91133.09763666667
2017-06-30 00:00:00,85390.40401333333
2017-06-30 00:30:00,80891.46827
2017-06-30 01:00:00,76885.93064666667
2017-06-30 01:30:00,72961.67106333333
2017-06-30 02:00:00,73943.45035374997
2017-06-30 02:30:00,73943.45035374997
2017-06-30 03:00:00,66891.48294333334
2017-06-30 03:30:00,64636.44583666667
2017-06-30 04:00:00,62340.94830000001
2017-06-30 04:30:00,57603.12931
2017-06-30 05:00:00,49651.58877333333
2017-06-30 05:30:00,47836.52007666667
2017-06-30 06:00:00,47811.04698333333
2017-06-30 06:30:00,49216.04932333333
2017-06-30 07:00:00,51756.38147
2017-06-30 07:30:00,54105.217639999995
2017-06-30 08:00:00,57683.412366666664
2017-06-30 08:30:00,60348.99012166667
2017-06-30 09:00:00,63815.33150666667
2017-06-30 09:30:00,66939.81013125001
2017-06-30 10:00:00,70965.16731666667
2017-06-30 10:30:00,73709.22554208332
2017-06-30 11:00:00,76396.49300333334
2017-06-30 11:30:00,78159.65652
2017-06-30 12:00:00,78457.75720333333
2017-06-30 12:30:00,78417.68209999999
2017-06-30 13:00:00,79244.63354666666
2017-06-30 13:30:00,80367.30061666666
2017-06-30 14:00:00,79907.22952333333
2017-06-30 14:30:00,79558.32915
2017-06-30 15:00:00,78988.80931666667
2017-06-30 15:30:00,78277.18989
2017-06-30 16:00:00,78066.20762666666
2017-06-30 16:30:00,77487.82517666667
2017-06-30 17:00:00,76844.95345666667
2017-06-30 17:30:00,76469.45358333334
2017-06-30 18:00:00,76655.24069666666
2017-06-30 18:30:00,78113.54446666666
2017-06-30 19:00:00,81716.77832958334
2017-06-30 19:30:00,95454.14740999999
2017-06-30 20:00:00,104679.82189333334
2017-06-30 20:30:00,105175.94666666666
2017-06-30 21:00:00,104777.76863333333
2017-06-30 21:30:00,103940.65421
2017-06-30 22:00:00,102178.10869666666
2017-06-30 22:30:00,99706.27103
2017-06-30 23:00:00,95785.18933333333
2017-06-30 23:30:00,91502.33633666667
2017-07-01 00:00:00,87021.16331
2017-07-01 00:30:00,81733.65622
2017-07-01 01:00:00,76560.71993
2017-07-01 01:30:00,72991.15119
2017-07-01 02:00:00,70670.75047666667
2017-07-01 02:30:00,68989.47761333334
2017-07-01 03:00:00,67886.56882
2017-07-01 03:30:00,65524.255803333326
2017-07-01 04:00:00,63064.291789999996
2017-07-01 04:30:00,57392.93320666667
2017-07-01 05:00:00,49936.97709
2017-07-01 05:30:00,47218.72507000001
2017-07-01 06:00:00,47431.565969999996
2017-07-01 06:30:00,48660.2149
2017-07-01 07:00:00,50523.24495666667
2017-07-01 07:30:00,52593.44636666666
2017-07-01 08:00:00,56524.01395
2017-07-01 08:30:00,60457.7946
2017-07-01 09:00:00,64165.07823000001
2017-07-01 09:30:00,67217.12399000001
2017-07-01 10:00:00,71546.18703666667
2017-07-01 10:30:00,74879.46027666666
2017-07-01 11:00:00,76899.90569
2017-07-01 11:30:00,78844.1106
2017-07-01 12:00:00,80643.21441999999
2017-07-01 12:30:00,82267.18797000001
2017-07-01 13:00:00,83523.43376666667
2017-07-01 13:30:00,83970.42346666667
2017-07-01 14:00:00,83875.79405
2017-07-01 14:30:00,83095.17495
2017-07-01 15:00:00,82738.79685666667
2017-07-01 15:30:00,80917.49415
2017-07-01 16:00:00,79948.97833333333
2017-07-01 16:30:00,79772.76653000001
2017-07-01 17:00:00,79181.49904333333
2017-07-01 17:30:00,79733.64567
2017-07-01 18:00:00,80654.18691
2017-07-01 18:30:00,81823.66826
2017-07-01 19:00:00,86472.35770666668
2017-07-01 19:30:00,100082.50686666666
2017-07-01 20:00:00,110641.65269000002
2017-07-01 20:30:00,110779.44108000002
2017-07-01 21:00:00,108901.22778999999
2017-07-01 21:30:00,107158.48831666668
2017-07-01 22:00:00,104099.99273333333
2017-07-01 22:30:00,100332.49155666668
2017-07-01 23:00:00,97215.44437666667
2017-07-01 23:30:00,93027.90914
2017-07-02 00:00:00,87389.39028333333
2017-07-02 00:30:00,82901.68760666666
2017-07-02 01:00:00,77868.18127
2017-07-02 01:30:00,74098.95729333333
2017-07-02 02:00:00,71180.58806666666
2017-07-02 02:30:00,69201.74892666667
2017-07-02 03:00:00,68120.34826666667
2017-07-02 03:30:00,65861.34207
2017-07-02 04:00:00,63695.24162666666
2017-07-02 04:30:00,58846.38259999999
2017-07-02 05:00:00,50642.092346666665
2017-07-02 05:30:00,48212.338103333335
2017-07-02 06:00:00,48681.445426666665
2017-07-02 06:30:00,49440.01151333333
2017-07-02 07:00:00,51108.60980666667
2017-07-02 07:30:00,53131.80085666666
2017-07-02 08:00:00,55556.17827999999
2017-07-02 08:30:00,58089.10036666667
2017-07-02 09:00:00,61464.54832666666
2017-07-02 09:30:00,64456.69912333333
2017-07-02 10:00:00,68075.07440666667
2017-07-02 10:30:00,71155.76839
2017-07-02 11:00:00,73848.51930666667
2017-07-02 11:30:00,75606.56979666666
2017-07-02 12:00:00,76931.63359333333
2017-07-02 12:30:00,78511.42318666667
2017-07-02 13:00:00,79514.35472333334
2017-07-02 13:30:00,77620.32421666666
2017-07-02 14:00:00,78596.62468333333
2017-07-02 14:30:00,78171.49256
2017-07-02 15:00:00,77521.91877333332
2017-07-02 15:30:00,76619.25726333333
2017-07-02 16:00:00,76128.40473333333
2017-07-02 16:30:00,75619.56346333334
2017-07-02 17:00:00,75476.87847
2017-07-02 17:30:00,75768.54822666667
2017-07-02 18:00:00,76153.02942333334
2017-07-02 18:30:00,77363.70048666665
2017-07-02 19:00:00,81489.5061
2017-07-02 19:30:00,95713.21293333334
2017-07-02 20:00:00,105480.06700666666
2017-07-02 20:30:00,106220.16625333333
2017-07-02 21:00:00,106489.77269333333
2017-07-02 21:30:00,106418.83031666667
2017-07-02 22:00:00,104706.21015666665
2017-07-02 22:30:00,101363.29042000002
2017-07-02 23:00:00,96706.05388333333
2017-07-02 23:30:00,91357.61614666665
2017-07-03 00:00:00,85638.80129666666
2017-07-03 00:30:00,80205.18332
2017-07-03 01:00:00,75518.11853333334
2017-07-03 01:30:00,72553.45477
2017-07-03 02:00:00,70520.81094
2017-07-03 02:30:00,69507.19986
2017-07-03 03:00:00,69301.10223
2017-07-03 03:30:00,67040.53955333334
2017-07-03 04:00:00,64910.57923
2017-07-03 04:30:00,59798.938343333335
2017-07-03 05:00:00,52300.52499333333
2017-07-03 05:30:00,51523.35126333332
2017-07-03 06:00:00,52833.220089999995
2017-07-03 06:30:00,55128.15976666667
2017-07-03 07:00:00,57551.66359333333
2017-07-03 07:30:00,57271.17769666666
2017-07-03 08:00:00,60662.827970000006
2017-07-03 08:30:00,66133.34557
2017-07-03 09:00:00,71988.43556333333
2017-07-03 09:30:00,75389.44383333334
2017-07-03 10:00:00,78341.58753666667
2017-07-03 10:30:00,81254.93027000001
2017-07-03 11:00:00,83277.81007666666
2017-07-03 11:30:00,85300.84107000001
2017-07-03 12:00:00,86965.71574999999
2017-07-03 12:30:00,87674.75548
2017-07-03 13:00:00,88049.85034333332
2017-07-03 13:30:00,88077.92266333332
2017-07-03 14:00:00,87602.95822000001
2017-07-03 14:30:00,86915.30900666666
2017-07-03 15:00:00,85727.88271333334
2017-07-03 15:30:00,84868.32939666667
2017-07-03 16:00:00,83832.49795666667
2017-07-03 16:30:00,83516.70565666666
2017-07-03 17:00:00,83241.06674
2017-07-03 17:30:00,83654.32650666666
2017-07-03 18:00:00,83240.19009333332
2017-07-03 18:30:00,84828.97681000001
2017-07-03 19:00:00,89293.63875666667
2017-07-03 19:30:00,103038.10409
2017-07-03 20:00:00,110382.85158333334
2017-07-03 20:30:00,110687.12928
2017-07-03 21:00:00,109879.77444999998
2017-07-03 21:30:00,108749.53707666667
2017-07-03 22:00:00,106946.50535333333
2017-07-03 22:30:00,103107.57934
2017-07-03 23:00:00,98181.38181333333
2017-07-03 23:30:00,92003.89695333333
2017-07-04 00:00:00,85964.42093000001
2017-07-04 00:30:00,80444.58375666667
2017-07-04 01:00:00,75952.95684333333
2017-07-04 01:30:00,72805.31508333333
2017-07-04 02:00:00,71086.23702
2017-07-04 02:30:00,69349.51078
2017-07-04 03:00:00,69167.10386666667
2017-07-04 03:30:00,68015.29754333333
2017-07-04 04:00:00,65555.65041
2017-07-04 04:30:00,61073.27364000001
2017-07-04 05:00:00,53281.84738
2017-07-04 05:30:00,51759.239616666666
2017-07-04 06:00:00,51531.60303
2017-07-04 06:30:00,53122.87476333333
2017-07-04 07:00:00,58048.76089
2017-07-04 07:30:00,61938.69001666667
2017-07-04 08:00:00,64821.470376666664
2017-07-04 08:30:00,68423.52552333333
2017-07-04 09:00:00,72468.99334333332
2017-07-04 09:30:00,76813.10728
2017-07-04 10:00:00,80035.55339
2017-07-04 10:30:00,83437.65602333333
2017-07-04 11:00:00,85354.44853666668
2017-07-04 11:30:00,87524.38460333335
2017-07-04 12:00:00,87105.46128666667
2017-07-04 12:30:00,87703.79188333334
2017-07-04 13:00:00,89237.73849
2017-07-04 13:30:00,89233.54361000001
2017-07-04 14:00:00,89479.22366999999
2017-07-04 14:30:00,88836.63944666665
2017-07-04 15:00:00,88172.03454333334
2017-07-04 15:30:00,87105.67434666667
2017-07-04 16:00:00,85527.73614666668
2017-07-04 16:30:00,85078.08497000001
2017-07-04 17:00:00,84119.76796000001
2017-07-04 17:30:00,84170.96171666666
2017-07-04 18:00:00,84990.03949333333
2017-07-04 18:30:00,86448.85219333334
2017-07-04 19:00:00,92096.94378333334
2017-07-04 19:30:00,104680.68134666666
2017-07-04 20:00:00,111901.52542666666
2017-07-04 20:30:00,112228.62636333333
2017-07-04 21:00:00,110563.75231333333
2017-07-04 21:30:00,108937.58857
2017-07-04 22:00:00,106739.04763333332
2017-07-04 22:30:00,102573.9828
2017-07-04 23:00:00,97787.50685333333
2017-07-04 23:30:00,92180.16993666667
2017-07-05 00:00:00,86576.41933333332
2017-07-05 00:30:00,81413.61585
2017-07-05 01:00:00,76522.35213
2017-07-05 01:30:00,73321.73001
2017-07-05 02:00:00,70915.43732666667
2017-07-05 02:30:00,69243.18350333333
2017-07-05 03:00:00,68421.51278
2017-07-05 03:30:00,67181.96029
2017-07-05 04:00:00,64867.20697666667
2017-07-05 04:30:00,60984.90859666667
2017-07-05 05:00:00,54303.26734666667
2017-07-05 05:30:00,53162.25993
2017-07-05 06:00:00,55027.578279999994
2017-07-05 06:30:00,55968.46856
2017-07-05 07:00:00,59198.96572666667
2017-07-05 07:30:00,61649.45293
2017-07-05 08:00:00,66163.02819
2017-07-05 08:30:00,70224.65048333333
2017-07-05 09:00:00,74064.11263333334
2017-07-05 09:30:00,77967.31024666668
2017-07-05 10:00:00,81270.91362333334
2017-07-05 10:30:00,85104.83772
2017-07-05 11:00:00,87440.67033
2017-07-05 11:30:00,89560.93041333335
2017-07-05 12:00:00,91239.23719333333
2017-07-05 12:30:00,91974.19001666666
2017-07-05 13:00:00,92063.72233666666
2017-07-05 13:30:00,91915.59636000001
2017-07-05 14:00:00,91892.61277666666
2017-07-05 14:30:00,91899.39112666667
2017-07-05 15:00:00,91134.88629666665
2017-07-05 15:30:00,90156.12454666667
2017-07-05 16:00:00,88572.86468666665
2017-07-05 16:30:00,88693.21901666666
2017-07-05 17:00:00,88410.10632
2017-07-05 17:30:00,87781.50645666667
2017-07-05 18:00:00,86449.72677
2017-07-05 18:30:00,87814.97889666667
2017-07-05 19:00:00,92619.74042666667
2017-07-05 19:30:00,105489.29739666666
2017-07-05 20:00:00,112653.38766333333
2017-07-05 20:30:00,113356.57508666666
2017-07-05 21:00:00,112487.73501666666
2017-07-05 21:30:00,111005.82249333333
2017-07-05 22:00:00,108735.95528666668
2017-07-05 22:30:00,103978.39758
2017-07-05 23:00:00,98924.85316
2017-07-05 23:30:00,93501.31410666667
2017-07-06 00:00:00,87258.64338333333
2017-07-06 00:30:00,81793.00427666666
2017-07-06 01:00:00,77205.59556
2017-07-06 01:30:00,73767.02629666666
2017-07-06 02:00:00,71187.00794
2017-07-06 02:30:00,69670.99450666667
2017-07-06 03:00:00,69774.09164333333
2017-07-06 03:30:00,67848.72372000001
2017-07-06 04:00:00,65906.0176
2017-07-06 04:30:00,61983.51409333333
2017-07-06 05:00:00,55414.69347666667
2017-07-06 05:30:00,53564.86314666667
2017-07-06 06:00:00,54642.900793333334
2017-07-06 06:30:00,55564.50728
2017-07-06 07:00:00,58960.32177
2017-07-06 07:30:00,62241.74935
2017-07-06 08:00:00,65629.44932
2017-07-06 08:30:00,69594.77331333334
2017-07-06 09:00:00,73449.08256999998
2017-07-06 09:30:00,77280.21711
2017-07-06 10:00:00,81687.69779666666
2017-07-06 10:30:00,84860.39484666666
2017-07-06 11:00:00,87918.20057666667
2017-07-06 11:30:00,89713.62301333334
2017-07-06 12:00:00,89488.75641666667
2017-07-06 12:30:00,90382.38848333333
2017-07-06 13:00:00,90932.44569666668
2017-07-06 13:30:00,90619.46630333335
2017-07-06 14:00:00,90669.51446333334
2017-07-06 14:30:00,90609.26488666667
2017-07-06 15:00:00,89407.85439333333
2017-07-06 15:30:00,88557.76573333332
2017-07-06 16:00:00,87229.29106
2017-07-06 16:30:00,85956.12809666667
2017-07-06 17:00:00,84323.23628333333
2017-07-06 17:30:00,84258.00721
2017-07-06 18:00:00,84169.66900000001
2017-07-06 18:30:00,85437.77307
2017-07-06 19:00:00,90044.23914
2017-07-06 19:30:00,105195.02690333333
2017-07-06 20:00:00,113220.12706666667
2017-07-06 20:30:00,113083.33283999999
2017-07-06 21:00:00,110917.14318666665
2017-07-06 21:30:00,109907.87511333334
2017-07-06 22:00:00,108281.62979666666
2017-07-06 22:30:00,104033.36012333333
2017-07-06 23:00:00,99077.87113
2017-07-06 23:30:00,93347.76593333333
2017-07-07 00:00:00,87373.74683666667
2017-07-07 00:30:00,81439.00898
2017-07-07 01:00:00,76661.73393999999
2017-07-07 01:30:00,73423.67703666668
2017-07-07 02:00:00,70730.24258666666
2017-07-07 02:30:00,69481.77028333333
2017-07-07 03:00:00,69349.84398333333
2017-07-07 03:30:00,68186.41016
2017-07-07 04:00:00,65935.30720666666
2017-07-07 04:30:00,61356.296440000006
2017-07-07 05:00:00,53165.93029333333
2017-07-07 05:30:00,51902.53641333333
2017-07-07 06:00:00,52718.18428666666
2017-07-07 06:30:00,55151.46497
2017-07-07 07:00:00,58297.195999999996
2017-07-07 07:30:00,62199.95972333333
2017-07-07 08:00:00,65636.7884
2017-07-07 08:30:00,69092.88549666667
2017-07-07 09:00:00,72842.97359333333
2017-07-07 09:30:00,78434.75166
2017-07-07 10:00:00,82067.83710333334
2017-07-07 10:30:00,84525.70188666666
2017-07-07 11:00:00,86370.42082666665
2017-07-07 11:30:00,88014.80438333332
2017-07-07 12:00:00,87050.96131333332
2017-07-07 12:30:00,86129.33630333333
2017-07-07 13:00:00,87423.78476999998
2017-07-07 13:30:00,88449.08226000001
2017-07-07 14:00:00,87876.97395666667
2017-07-07 14:30:00,87559.29682333332
2017-07-07 15:00:00,86921.92919333333
2017-07-07 15:30:00,85381.54989333333
2017-07-07 16:00:00,84167.89045333333
2017-07-07 16:30:00,83550.24660666667
2017-07-07 17:00:00,82904.21587999999
2017-07-07 17:30:00,83028.49266
2017-07-07 18:00:00,83118.48440333334
2017-07-07 18:30:00,84023.36838666667
2017-07-07 19:00:00,87692.53200333334
2017-07-07 19:30:00,101585.11835
2017-07-07 20:00:00,111102.44407000001
2017-07-07 20:30:00,111536.12204666669
2017-07-07 21:00:00,110413.33467666667
2017-07-07 21:30:00,109344.49681666668
2017-07-07 22:00:00,107004.99235999999
2017-07-07 22:30:00,103701.07392666668
2017-07-07 23:00:00,98693.01966333333
2017-07-07 23:30:00,93199.60170333333
2017-07-08 00:00:00,87007.76116333333
2017-07-08 00:30:00,81644.30305333334
2017-07-08 01:00:00,77097.75678
2017-07-08 01:30:00,74035.93676
2017-07-08 02:00:00,71382.25373
2017-07-08 02:30:00,69599.93826000001
2017-07-08 03:00:00,69129.42695
2017-07-08 03:30:00,67984.97141333333
2017-07-08 04:00:00,66006.36245
2017-07-08 04:30:00,61420.32699
2017-07-08 05:00:00,53979.52171333334
2017-07-08 05:30:00,51529.454033333335
2017-07-08 06:00:00,52954.66606333334
2017-07-08 06:30:00,54421.427156666665
2017-07-08 07:00:00,57572.11512333333
2017-07-08 07:30:00,61122.31422333333
2017-07-08 08:00:00,65208.65548666666
2017-07-08 08:30:00,70394.33061333334
2017-07-08 09:00:00,74390.12978333334
2017-07-08 09:30:00,78963.70419
2017-07-08 10:00:00,81880.27555333334
2017-07-08 10:30:00,84872.01932333334
2017-07-08 11:00:00,87106.24961
2017-07-08 11:30:00,88997.81817333332
2017-07-08 12:00:00,89746.09459333333
2017-07-08 12:30:00,89870.82445666667
2017-07-08 13:00:00,89896.29935333332
2017-07-08 13:30:00,89620.76941666666
2017-07-08 14:00:00,89040.76692000001
2017-07-08 14:30:00,88283.08269666666
2017-07-08 15:00:00,86906.07841333334
2017-07-08 15:30:00,85993.07285
2017-07-08 16:00:00,85591.33469333332
2017-07-08 16:30:00,85297.26120333333
2017-07-08 17:00:00,84708.15509
2017-07-08 17:30:00,84525.53600000001
2017-07-08 18:00:00,85053.88277000001
2017-07-08 18:30:00,86628.05116999999
2017-07-08 19:00:00,91354.83995666665
2017-07-08 19:30:00,106280.73758999999
2017-07-08 20:00:00,115277.29533666668
2017-07-08 20:30:00,114593.17076
2017-07-08 21:00:00,112670.64260666666
2017-07-08 21:30:00,111621.14519666666
2017-07-08 22:00:00,109171.58736
2017-07-08 22:30:00,104647.77692333334
2017-07-08 23:00:00,99971.41850000001
2017-07-08 23:30:00,94282.09560333334
2017-07-09 00:00:00,89218.39610666667
2017-07-09 00:30:00,83786.82885333333
2017-07-09 01:00:00,79023.51878333335
2017-07-09 01:30:00,74918.95483
2017-07-09 02:00:00,71523.41000666666
2017-07-09 02:30:00,69408.38383
2017-07-09 03:00:00,69322.53589666667
2017-07-09 03:30:00,68435.64938
2017-07-09 04:00:00,66154.84542666667
2017-07-09 04:30:00,61077.292859999994
2017-07-09 05:00:00,52281.621666666666
2017-07-09 05:30:00,50023.82528333333
2017-07-09 06:00:00,50424.68175333333
2017-07-09 06:30:00,51249.73508333333
2017-07-09 07:00:00,53373.15082
2017-07-09 07:30:00,55349.25020333333
2017-07-09 08:00:00,58774.65429333333
2017-07-09 08:30:00,62597.81916666666
2017-07-09 09:00:00,66990.75939
2017-07-09 09:30:00,71201.94181333332
2017-07-09 10:00:00,74940.39320666667
2017-07-09 10:30:00,78311.04316666666
2017-07-09 11:00:00,80553.70309333333
2017-07-09 11:30:00,82351.78312
2017-07-09 12:00:00,83074.5021
2017-07-09 12:30:00,83949.11347
2017-07-09 13:00:00,84230.45564
2017-07-09 13:30:00,84600.00465
2017-07-09 14:00:00,84475.75502
2017-07-09 14:30:00,83759.24216333333
2017-07-09 15:00:00,83076.03505666666
2017-07-09 15:30:00,82085.99766000001
2017-07-09 16:00:00,81545.14630333333
2017-07-09 16:30:00,81492.63478000001
2017-07-09 17:00:00,80877.96828666667
2017-07-09 17:30:00,80312.40916333334
2017-07-09 18:00:00,81112.88558666667
2017-07-09 18:30:00,82351.95649999999
2017-07-09 19:00:00,86467.28750666666
2017-07-09 19:30:00,103013.29296333333
2017-07-09 20:00:00,113184.12964333333
2017-07-09 20:30:00,114181.28786666667
2017-07-09 21:00:00,113974.53037333333
2017-07-09 21:30:00,111728.18490333333
2017-07-09 22:00:00,108703.1898
2017-07-09 22:30:00,104885.55248666667
2017-07-09 23:00:00,99806.67993333332
2017-07-09 23:30:00,95678.87677666667
2017-07-10 00:00:00,89661.92505333334
2017-07-10 00:30:00,84780.62602333333
2017-07-10 01:00:00,79644.34847666667
2017-07-10 01:30:00,76227.97478333334
2017-07-10 02:00:00,74182.48542
2017-07-10 02:30:00,72467.68126666667
2017-07-10 03:00:00,72062.98203666667
2017-07-10 03:30:00,70635.45372333332
2017-07-10 04:00:00,68839.27132333333
2017-07-10 04:30:00,64384.60182666667
2017-07-10 05:00:00,56605.366173333336
2017-07-10 05:30:00,54333.04781333334
2017-07-10 06:00:00,56263.60600666667
2017-07-10 06:30:00,58454.09902
2017-07-10 07:00:00,62324.88020666666
2017-07-10 07:30:00,66209.39627666667
2017-07-10 08:00:00,70437.18969333333
2017-07-10 08:30:00,75612.22320666666
2017-07-10 09:00:00,76363.40407333334
2017-07-10 09:30:00,82004.37818666667
2017-07-10 10:00:00,87003.00686333333
2017-07-10 10:30:00,89596.69783666667
2017-07-10 11:00:00,92824.06120666668
2017-07-10 11:30:00,94672.13548000001
2017-07-10 12:00:00,95962.86045666668
2017-07-10 12:30:00,96745.70566333334
2017-07-10 13:00:00,96995.91341
2017-07-10 13:30:00,97160.71914333334
2017-07-10 14:00:00,96181.6851
2017-07-10 14:30:00,95678.03538666667
2017-07-10 15:00:00,94682.16855666666
2017-07-10 15:30:00,93013.16647
2017-07-10 16:00:00,91841.39641666667
2017-07-10 16:30:00,90656.78137333335
2017-07-10 17:00:00,89291.79612000001
2017-07-10 17:30:00,89367.45712666668
2017-07-10 18:00:00,89368.03775333334
2017-07-10 18:30:00,90940.02697
2017-07-10 19:00:00,94947.87991333334
2017-07-10 19:30:00,110010.06483
2017-07-10 20:00:00,118839.84420333333
2017-07-10 20:30:00,119002.58964
2017-07-10 21:00:00,117087.60895666666
2017-07-10 21:30:00,115942.1156
2017-07-10 22:00:00,113209.75588333333
2017-07-10 22:30:00,109608.60982333333
2017-07-10 23:00:00,104443.85523
2017-07-10 23:30:00,98004.18718000001
2017-07-11 00:00:00,92619.18911666668
2017-07-11 00:30:00,85855.51826999999
2017-07-11 01:00:00,81365.40873333333
2017-07-11 01:30:00,77981.68874
2017-07-11 02:00:00,75450.03281333332
2017-07-11 02:30:00,74089.35155666666
2017-07-11 03:00:00,74066.40651333334
2017-07-11 03:30:00,72914.63927666667
2017-07-11 04:00:00,70680.80578000001
2017-07-11 04:30:00,65954.33011
2017-07-11 05:00:00,58471.26383
2017-07-11 05:30:00,57030.558183333334
2017-07-11 06:00:00,58487.97715666666
2017-07-11 06:30:00,60345.82029333333
2017-07-11 07:00:00,64337.67187666667
2017-07-11 07:30:00,68217.85754
2017-07-11 08:00:00,73184.57869000001
2017-07-11 08:30:00,77626.87135000002
2017-07-11 09:00:00,82336.86832
2017-07-11 09:30:00,86230.11713666667
2017-07-11 10:00:00,89079.90860000001
2017-07-11 10:30:00,92251.04716333334
2017-07-11 11:00:00,94520.50024666666
2017-07-11 11:30:00,96174.35017333333
2017-07-11 12:00:00,97495.71921666666
2017-07-11 12:30:00,98128.54047333333
2017-07-11 13:00:00,97768.01545666666
2017-07-11 13:30:00,97360.74685666668
2017-07-11 14:00:00,97590.03488
2017-07-11 14:30:00,96416.5102
2017-07-11 15:00:00,94978.13349666668
2017-07-11 15:30:00,93833.21462666667
2017-07-11 16:00:00,92790.37547666667
2017-07-11 16:30:00,92115.46475
2017-07-11 17:00:00,90452.40083333333
2017-07-11 17:30:00,90485.41380666666
2017-07-11 18:00:00,90615.31343333334
2017-07-11 18:30:00,91478.41871
2017-07-11 19:00:00,96002.76423666667
2017-07-11 19:30:00,111542.19562666667
2017-07-11 20:00:00,119983.81674
2017-07-11 20:30:00,119704.42191666667
2017-07-11 21:00:00,118257.31356333334
2017-07-11 21:30:00,117024.49969000001
2017-07-11 22:00:00,113880.81122999999
2017-07-11 22:30:00,109853.05422333333
2017-07-11 23:00:00,104136.40473000001
2017-07-11 23:30:00,97562.51675333333
2017-07-12 00:00:00,92378.74014000001
2017-07-12 00:30:00,86303.82208666667
2017-07-12 01:00:00,81358.13561
2017-07-12 01:30:00,77649.14025
2017-07-12 02:00:00,75673.58355666666
2017-07-12 02:30:00,73973.36028333333
2017-07-12 03:00:00,73856.54139666667
2017-07-12 03:30:00,72433.92089
2017-07-12 04:00:00,70784.23872333333
2017-07-12 04:30:00,67014.79691
2017-07-12 05:00:00,59432.714393333335
2017-07-12 05:30:00,56953.84831333333
2017-07-12 06:00:00,58812.52038666666
2017-07-12 06:30:00,60445.03271666667
2017-07-12 07:00:00,64177.31198
2017-07-12 07:30:00,68327.1103
2017-07-12 08:00:00,72647.22157666668
2017-07-12 08:30:00,77236.89797666667
2017-07-12 09:00:00,81762.89600666666
2017-07-12 09:30:00,86940.05701
2017-07-12 10:00:00,89693.82900333333
2017-07-12 10:30:00,93017.10225333333
2017-07-12 11:00:00,96639.01362
2017-07-12 11:30:00,98464.64860666667
2017-07-12 12:00:00,100072.74374
2017-07-12 12:30:00,100001.17857666667
2017-07-12 13:00:00,99232.07706333334
2017-07-12 13:30:00,99490.76931333332
2017-07-12 14:00:00,99766.47718666667
2017-07-12 14:30:00,99146.73513333332
2017-07-12 15:00:00,97577.52546666667
2017-07-12 15:30:00,95853.33608666668
2017-07-12 16:00:00,93712.2466
2017-07-12 16:30:00,92270.39239666665
2017-07-12 17:00:00,91779.92312333333
2017-07-12 17:30:00,91798.68788666667
2017-07-12 18:00:00,91511.32798333334
2017-07-12 18:30:00,93161.88673999999
2017-07-12 19:00:00,97575.73950333335
2017-07-12 19:30:00,112976.69139333333
2017-07-12 20:00:00,122180.43370333333
2017-07-12 20:30:00,121463.02977000001
2017-07-12 21:00:00,119386.47239333334
2017-07-12 21:30:00,117517.6687
2017-07-12 22:00:00,114858.09276666667
2017-07-12 22:30:00,111155.98937000001
2017-07-12 23:00:00,105494.47466333334
2017-07-12 23:30:00,98010.97836000001
2017-07-13 00:00:00,92453.51221666667
2017-07-13 00:30:00,86502.60720333333
2017-07-13 01:00:00,81817.76839
2017-07-13 01:30:00,78225.91226333333
2017-07-13 02:00:00,75569.94228333334
2017-07-13 02:30:00,73974.95652666666
2017-07-13 03:00:00,73727.68073333334
2017-07-13 03:30:00,72716.69461666666
2017-07-13 04:00:00,70138.27112
2017-07-13 04:30:00,66743.02436
2017-07-13 05:00:00,59845.86884666667
2017-07-13 05:30:00,56723.16674666666
2017-07-13 06:00:00,58448.68840000001
2017-07-13 06:30:00,60332.85760000001
2017-07-13 07:00:00,63792.35406333333
2017-07-13 07:30:00,67706.91937333334
2017-07-13 08:00:00,71366.39433666666
2017-07-13 08:30:00,76403.47048999999
2017-07-13 09:00:00,80840.92983333334
2017-07-13 09:30:00,84941.79727666666
2017-07-13 10:00:00,88651.94324000001
2017-07-13 10:30:00,91281.71849666668
2017-07-13 11:00:00,94928.54339
2017-07-13 11:30:00,97155.85550666666
2017-07-13 12:00:00,98126.89311
2017-07-13 12:30:00,98816.98456666667
2017-07-13 13:00:00,98916.82517000001
2017-07-13 13:30:00,98261.37864666666
2017-07-13 14:00:00,99274.19950666667
2017-07-13 14:30:00,98413.15061
2017-07-13 15:00:00,96966.54589333334
2017-07-13 15:30:00,95800.97772666666
2017-07-13 16:00:00,94316.32790999999
2017-07-13 16:30:00,92793.47820666667
2017-07-13 17:00:00,91868.15483333333
2017-07-13 17:30:00,91887.20808666667
2017-07-13 18:00:00,91733.65705
2017-07-13 18:30:00,93201.17499333333
2017-07-13 19:00:00,98072.43920999998
2017-07-13 19:30:00,113433.03251333332
2017-07-13 20:00:00,121046.59286666667
2017-07-13 20:30:00,120468.48469
2017-07-13 21:00:00,118622.98444999999
2017-07-13 21:30:00,117061.58903999999
2017-07-13 22:00:00,114313.12838666666
2017-07-13 22:30:00,108586.76470666665
2017-07-13 23:00:00,105982.17146333332
2017-07-13 23:30:00,100802.70588333333
2017-07-14 00:00:00,94810.98359333334
2017-07-14 00:30:00,88226.21134
2017-07-14 01:00:00,83062.75358333334
2017-07-14 01:30:00,78902.07203
2017-07-14 02:00:00,75914.43092
2017-07-14 02:30:00,74296.96424333334
2017-07-14 03:00:00,73563.45546333333
2017-07-14 03:30:00,72861.84942666667
2017-07-14 04:00:00,71161.58364000001
2017-07-14 04:30:00,67785.68639666667
2017-07-14 05:00:00,60422.42436333333
2017-07-14 05:30:00,54719.22342999999
2017-07-14 06:00:00,56418.00188999999
2017-07-14 06:30:00,58442.267556666666
2017-07-14 07:00:00,62324.01430333334
2017-07-14 07:30:00,66001.54928333334
2017-07-14 08:00:00,70318.59695666668
2017-07-14 08:30:00,74607.81115000001
2017-07-14 09:00:00,78799.39606666667
2017-07-14 09:30:00,83437.91861
2017-07-14 10:00:00,87473.00230333333
2017-07-14 10:30:00,90104.36164666666
2017-07-14 11:00:00,92425.06322
2017-07-14 11:30:00,94338.95530333334
2017-07-14 12:00:00,93639.37769
2017-07-14 12:30:00,91566.57020333334
2017-07-14 13:00:00,91998.32752333333
2017-07-14 13:30:00,92714.69336333334
2017-07-14 14:00:00,92406.67830999999
2017-07-14 14:30:00,92147.14619666668
2017-07-14 15:00:00,93540.73837333334
2017-07-14 15:30:00,92231.82063333334
2017-07-14 16:00:00,92003.11456999999
2017-07-14 16:30:00,90967.37267666667
2017-07-14 17:00:00,86813.9963
2017-07-14 17:30:00,87112.55935
2017-07-14 18:00:00,87115.89733333333
2017-07-14 18:30:00,87705.58059333333
2017-07-14 19:00:00,92560.82513666667
2017-07-14 19:30:00,108881.34512666667
2017-07-14 20:00:00,117893.07455666666
2017-07-14 20:30:00,117005.80606666667
2017-07-14 21:00:00,114833.32557999999
2017-07-14 21:30:00,113324.63508
2017-07-14 22:00:00,110734.22738333333
2017-07-14 22:30:00,106729.64937666668
2017-07-14 23:00:00,100937.33424333333
2017-07-14 23:30:00,96399.14504999999
2017-07-15 00:00:00,90518.03452666667
2017-07-15 00:30:00,85276.67540000001
2017-07-15 01:00:00,79934.10585
2017-07-15 01:30:00,75997.70112666667
2017-07-15 02:00:00,74150.56348333333
2017-07-15 02:30:00,74245.62139333332
2017-07-15 03:00:00,73298.9997
2017-07-15 03:30:00,73140.40061666667
2017-07-15 04:00:00,70977.25454333333
2017-07-15 04:30:00,67443.46725666667
2017-07-15 05:00:00,60124.66150000001
2017-07-15 05:30:00,57519.106146666665
2017-07-15 06:00:00,58384.71343
2017-07-15 06:30:00,60453.91676666666
2017-07-15 07:00:00,62545.85516333333
2017-07-15 07:30:00,65780.79340333334
2017-07-15 08:00:00,70193.46897333332
2017-07-15 08:30:00,74921.85273
2017-07-15 09:00:00,79406.99986666667
2017-07-15 09:30:00,83855.7745
2017-07-15 10:00:00,87339.17676666666
2017-07-15 10:30:00,90045.32085999999
2017-07-15 11:00:00,93050.65121
2017-07-15 11:30:00,94982.5652
2017-07-15 12:00:00,96545.36474666667
2017-07-15 12:30:00,97111.72985333334
2017-07-15 13:00:00,97143.61628
2017-07-15 13:30:00,97342.96868333333
2017-07-15 14:00:00,96517.3308
2017-07-15 14:30:00,94912.53702
2017-07-15 15:00:00,94490.35264666668
2017-07-15 15:30:00,93638.26568
2017-07-15 16:00:00,92698.91438666667
2017-07-15 16:30:00,91855.57624000001
2017-07-15 17:00:00,91393.51598666667
2017-07-15 17:30:00,91808.60095333333
2017-07-15 18:00:00,92025.37708666666
2017-07-15 18:30:00,93634.01891666667
2017-07-15 19:00:00,98868.20559333333
2017-07-15 19:30:00,115329.75240333333
2017-07-15 20:00:00,124448.98065666667
2017-07-15 20:30:00,123638.24723
2017-07-15 21:00:00,121606.32731000001
2017-07-15 21:30:00,119948.02034
2017-07-15 22:00:00,117188.67161333332
2017-07-15 22:30:00,113111.59834000001
2017-07-15 23:00:00,107116.30739666667
2017-07-15 23:30:00,102301.90376333334
2017-07-16 00:00:00,96559.88010999998
2017-07-16 00:30:00,91265.24547666668
2017-07-16 01:00:00,86429.60265
2017-07-16 01:30:00,82671.34341
2017-07-16 02:00:00,79378.29412666666
2017-07-16 02:30:00,77216.89674666665
2017-07-16 03:00:00,75523.66136333333
2017-07-16 03:30:00,74750.722
2017-07-16 04:00:00,72789.28933666667
2017-07-16 04:30:00,68577.85661333334
2017-07-16 05:00:00,60655.58647666667
2017-07-16 05:30:00,57750.16532666667
2017-07-16 06:00:00,58111.13796
2017-07-16 06:30:00,59448.468259999994
2017-07-16 07:00:00,61264.465163333334
2017-07-16 07:30:00,63767.98781
2017-07-16 08:00:00,67160.50884666668
2017-07-16 08:30:00,70719.35207000001
2017-07-16 09:00:00,74223.01163000001
2017-07-16 09:30:00,78132.02219333332
2017-07-16 10:00:00,81537.81890666667
2017-07-16 10:30:00,83860.77500333334
2017-07-16 11:00:00,86309.64319333334
2017-07-16 11:30:00,87805.5899
2017-07-16 12:00:00,88862.86539333333
2017-07-16 12:30:00,89890.07028666667
2017-07-16 13:00:00,90626.75203333334
2017-07-16 13:30:00,90590.80402666668
2017-07-16 14:00:00,89794.27400000002
2017-07-16 14:30:00,88770.63145666667
2017-07-16 15:00:00,88192.50672333332
2017-07-16 15:30:00,87366.87908
2017-07-16 16:00:00,86650.04767
2017-07-16 16:30:00,86317.95634666667
2017-07-16 17:00:00,86272.46651333333
2017-07-16 17:30:00,86300.93266333333
2017-07-16 18:00:00,86767.35233666666
2017-07-16 18:30:00,89149.98162666666
2017-07-16 19:00:00,95132.81174666667
2017-07-16 19:30:00,112175.25582666666
2017-07-16 20:00:00,119266.81108333333
2017-07-16 20:30:00,119381.41804
2017-07-16 21:00:00,118958.05202
2017-07-16 21:30:00,118052.14984666667
2017-07-16 22:00:00,114866.49916333334
2017-07-16 22:30:00,110877.98992666666
2017-07-16 23:00:00,105420.67693999999
2017-07-16 23:30:00,99198.04930999999
2017-07-17 00:00:00,93092.87452666667
2017-07-17 00:30:00,87795.95604666667
2017-07-17 01:00:00,82951.62786000001
2017-07-17 01:30:00,78874.72654666666
2017-07-17 02:00:00,76361.35677666667
2017-07-17 02:30:00,74167.33588666667
2017-07-17 03:00:00,73358.45869333333
2017-07-17 03:30:00,72596.18864000001
2017-07-17 04:00:00,70952.09717666666
2017-07-17 04:30:00,67359.10047333332
2017-07-17 05:00:00,59358.149993333325
2017-07-17 05:30:00,56774.80131
2017-07-17 06:00:00,58248.67002666667
2017-07-17 06:30:00,60085.70125666666
2017-07-17 07:00:00,64632.53954
2017-07-17 07:30:00,68909.16096333334
2017-07-17 08:00:00,73927.28198333333
2017-07-17 08:30:00,78325.36485666667
2017-07-17 09:00:00,83480.20732666667
2017-07-17 09:30:00,87595.48203
2017-07-17 10:00:00,90864.53646333334
2017-07-17 10:30:00,93740.50771333334
2017-07-17 11:00:00,96240.57396000001
2017-07-17 11:30:00,97752.23299666664
2017-07-17 12:00:00,99442.37932000001
2017-07-17 12:30:00,100116.29932333333
2017-07-17 13:00:00,100203.65920333333
2017-07-17 13:30:00,100555.97982333333
2017-07-17 14:00:00,100474.17849333333
2017-07-17 14:30:00,100350.20352666666
2017-07-17 15:00:00,98263.90792666667
2017-07-17 15:30:00,96702.90880333334
2017-07-17 16:00:00,96265.14349
2017-07-17 16:30:00,95015.94012666667
2017-07-17 17:00:00,94190.95670333334
2017-07-17 17:30:00,93838.87777666666
2017-07-17 18:00:00,94069.25383
2017-07-17 18:30:00,95100.50035333332
2017-07-17 19:00:00,100329.68160000001
2017-07-17 19:30:00,118541.91778
2017-07-17 20:00:00,124323.15590333333
2017-07-17 20:30:00,123160.97338333334
2017-07-17 21:00:00,121532.8974
2017-07-17 21:30:00,119809.21850666667
2017-07-17 22:00:00,116787.55859999999
2017-07-17 22:30:00,112555.35194000001
2017-07-17 23:00:00,106913.44285333333
2017-07-17 23:30:00,100818.31631000001
2017-07-18 00:00:00,94735.28876666666
2017-07-18 00:30:00,88511.52903666666
2017-07-18 01:00:00,83465.50228666667
2017-07-18 01:30:00,79469.93856666666
2017-07-18 02:00:00,77017.49909333333
2017-07-18 02:30:00,75088.56749
2017-07-18 03:00:00,74127.95546666667
2017-07-18 03:30:00,74098.19103333334
2017-07-18 04:00:00,71386.24621
2017-07-18 04:30:00,67931.32493
2017-07-18 05:00:00,60100.40717666666
2017-07-18 05:30:00,57310.03363333334
2017-07-18 06:00:00,59192.816616666656
2017-07-18 06:30:00,61081.73389333333
2017-07-18 07:00:00,65057.25839333333
2017-07-18 07:30:00,69108.21781666666
2017-07-18 08:00:00,74341.83764333335
2017-07-18 08:30:00,79215.09184
2017-07-18 09:00:00,84482.71933333333
2017-07-18 09:30:00,88834.96484999999
2017-07-18 10:00:00,92766.14409
2017-07-18 10:30:00,97125.96476333332
2017-07-18 11:00:00,99075.68814
2017-07-18 11:30:00,100215.36229333332
2017-07-18 12:00:00,101563.01801
2017-07-18 12:30:00,102028.77345666666
2017-07-18 13:00:00,102841.52808999999
2017-07-18 13:30:00,102465.05087666666
2017-07-18 14:00:00,101831.77335666667
2017-07-18 14:30:00,100931.89772000001
2017-07-18 15:00:00,99703.32841333334
2017-07-18 15:30:00,98319.21145666666
2017-07-18 16:00:00,96842.20766333333
2017-07-18 16:30:00,96304.29247666667
2017-07-18 17:00:00,95123.57029666666
2017-07-18 17:30:00,95722.78861333332
2017-07-18 18:00:00,96772.24476999999
2017-07-18 18:30:00,97983.50862
2017-07-18 19:00:00,104004.67841666668
2017-07-18 19:30:00,119875.98354666667
2017-07-18 20:00:00,125049.96707000001
2017-07-18 20:30:00,124730.52313
2017-07-18 21:00:00,122306.73084999999
2017-07-18 21:30:00,120505.17038333334
2017-07-18 22:00:00,117671.30281000001
2017-07-18 22:30:00,114220.07495333334
2017-07-18 23:00:00,107947.24656666665
2017-07-18 23:30:00,102002.19912
2017-07-19 00:00:00,94988.26134666667
2017-07-19 00:30:00,90113.30810666666
2017-07-19 01:00:00,85030.34928333334
2017-07-19 01:30:00,81234.05008333334
2017-07-19 02:00:00,78245.79665333334
2017-07-19 02:30:00,76089.62481
2017-07-19 03:00:00,75747.23379666667
2017-07-19 03:30:00,75954.34304666666
2017-07-19 04:00:00,73528.50977
2017-07-19 04:30:00,69712.24735333334
2017-07-19 05:00:00,61614.22435333333
2017-07-19 05:30:00,58656.12814666666
2017-07-19 06:00:00,59811.01780666667
2017-07-19 06:30:00,61597.80273
2017-07-19 07:00:00,66142.86367333333
2017-07-19 07:30:00,70265.92637333334
2017-07-19 08:00:00,75868.40358
2017-07-19 08:30:00,80426.79711333333
2017-07-19 09:00:00,85734.32279
2017-07-19 09:30:00,89981.64764666666
2017-07-19 10:00:00,93958.18794333334
2017-07-19 10:30:00,96030.84709666665
2017-07-19 11:00:00,98102.81451333333
2017-07-19 11:30:00,101518.84850000001
2017-07-19 12:00:00,102999.12984333334
2017-07-19 12:30:00,103420.75064333335
2017-07-19 13:00:00,102807.67667333334
2017-07-19 13:30:00,102184.26692333333
2017-07-19 14:00:00,103163.90145333332
2017-07-19 14:30:00,101582.75305
2017-07-19 15:00:00,100614.48242666667
2017-07-19 15:30:00,99298.60265999999
2017-07-19 16:00:00,98386.67444333334
2017-07-19 16:30:00,97885.67059
2017-07-19 17:00:00,97427.75183000001
2017-07-19 17:30:00,97128.30656666668
2017-07-19 18:00:00,96959.57358666667
2017-07-19 18:30:00,98357.33480666667
2017-07-19 19:00:00,103106.68450333334
2017-07-19 19:30:00,120029.20771333335
2017-07-19 20:00:00,127454.46336333333
2017-07-19 20:30:00,126325.06907000001
2017-07-19 21:00:00,124125.45452999999
2017-07-19 21:30:00,120397.21332
2017-07-19 22:00:00,116426.66997
2017-07-19 22:30:00,111807.94045
2017-07-19 23:00:00,105928.30296666666
2017-07-19 23:30:00,100973.62764333333
2017-07-20 00:00:00,95086.66579333333
2017-07-20 00:30:00,89318.55408666667
2017-07-20 01:00:00,84150.12998333333
2017-07-20 01:30:00,79624.75503
2017-07-20 02:00:00,77716.84074666667
2017-07-20 02:30:00,75719.15950333333
2017-07-20 03:00:00,75621.35089333334
2017-07-20 03:30:00,75773.64481000001
2017-07-20 04:00:00,73741.90062000001
2017-07-20 04:30:00,70011.70195666667
2017-07-20 05:00:00,61747.52019333333
2017-07-20 05:30:00,58271.88403666666
2017-07-20 06:00:00,59048.17509333333
2017-07-20 06:30:00,60168.06351666667
2017-07-20 07:00:00,64959.309036666666
2017-07-20 07:30:00,69939.48968666667
2017-07-20 08:00:00,74969.07762666667
2017-07-20 08:30:00,79439.36262666667
2017-07-20 09:00:00,83924.15829
2017-07-20 09:30:00,88223.03132666666
2017-07-20 10:00:00,92184.58636999999
2017-07-20 10:30:00,95509.93147666666
2017-07-20 11:00:00,98015.73252666667
2017-07-20 11:30:00,99785.63009666667
2017-07-20 12:00:00,101143.77866999999
2017-07-20 12:30:00,101714.73176666668
2017-07-20 13:00:00,102181.80391
2017-07-20 13:30:00,102156.93853
2017-07-20 14:00:00,101356.01615666666
2017-07-20 14:30:00,99817.80678333335
2017-07-20 15:00:00,98595.61175
2017-07-20 15:30:00,97691.77428333333
2017-07-20 16:00:00,96500.02229666668
2017-07-20 16:30:00,95255.22970333335
2017-07-20 17:00:00,94756.20782666666
2017-07-20 17:30:00,94685.65556333332
2017-07-20 18:00:00,94896.18947333335
2017-07-20 18:30:00,95933.80712999999
2017-07-20 19:00:00,101252.26826
2017-07-20 19:30:00,117726.95324666666
2017-07-20 20:00:00,124716.98581333335
2017-07-20 20:30:00,123898.19669000001
2017-07-20 21:00:00,121546.52285000001
2017-07-20 21:30:00,119735.64628999999
2017-07-20 22:00:00,116800.03464000001
2017-07-20 22:30:00,112713.43550333333
2017-07-20 23:00:00,106999.28038666667
2017-07-20 23:30:00,100119.70417
2017-07-21 00:00:00,93559.41205333332
2017-07-21 00:30:00,87555.91635333333
2017-07-21 01:00:00,81993.23956666667
2017-07-21 01:30:00,78349.59960666667
2017-07-21 02:00:00,75651.71534000001
2017-07-21 02:30:00,74048.4866
2017-07-21 03:00:00,72824.03127666666
2017-07-21 03:30:00,73144.9401
2017-07-21 04:00:00,71157.88088333333
2017-07-21 04:30:00,67297.10827666667
2017-07-21 05:00:00,59236.90150666667
2017-07-21 05:30:00,56197.016763333326
2017-07-21 06:00:00,58224.920653333334
2017-07-21 06:30:00,60210.196083333336
2017-07-21 07:00:00,63547.04658
2017-07-21 07:30:00,67926.69509000001
2017-07-21 08:00:00,73271.19637
2017-07-21 08:30:00,78233.65131333334
2017-07-21 09:00:00,82594.45125333333
2017-07-21 09:30:00,86361.05955666666
2017-07-21 10:00:00,89470.55729666667
2017-07-21 10:30:00,92605.54808666668
2017-07-21 11:00:00,95314.91507999999
2017-07-21 11:30:00,97083.13104333333
2017-07-21 12:00:00,96527.79772999999
2017-07-21 12:30:00,94896.02890666667
2017-07-21 13:00:00,95690.42877666668
2017-07-21 13:30:00,96080.33683666667
2017-07-21 14:00:00,95678.80185333332
2017-07-21 14:30:00,94599.17247333332
2017-07-21 15:00:00,93727.38266333334
2017-07-21 15:30:00,93112.21985000001
2017-07-21 16:00:00,92496.82719333335
2017-07-21 16:30:00,92172.67562
2017-07-21 17:00:00,91576.92928
2017-07-21 17:30:00,91733.10848333333
2017-07-21 18:00:00,92417.43198
2017-07-21 18:30:00,94223.07959333334
2017-07-21 19:00:00,99378.08405333334
2017-07-21 19:30:00,116245.82378666666
2017-07-21 20:00:00,122737.14244666666
2017-07-21 20:30:00,122449.55618999999
2017-07-21 21:00:00,120449.96437666666
2017-07-21 21:30:00,119019.41974
2017-07-21 22:00:00,116111.35863333334
2017-07-21 22:30:00,111232.86628333334
2017-07-21 23:00:00,105931.53866666666
2017-07-21 23:30:00,99904.60298666666
2017-07-22 00:00:00,93543.25636666668
2017-07-22 00:30:00,88403.78308333333
2017-07-22 01:00:00,83228.76537666666
2017-07-22 01:30:00,79079.33200000001
2017-07-22 02:00:00,75819.24673
2017-07-22 02:30:00,74034.22621666668
2017-07-22 03:00:00,73412.99693666666
2017-07-22 03:30:00,73557.21582666667
2017-07-22 04:00:00,70601.60423333333
2017-07-22 04:30:00,67076.86781000001
2017-07-22 05:00:00,59174.29965333333
2017-07-22 05:30:00,55939.74453
2017-07-22 06:00:00,56712.19396333333
2017-07-22 06:30:00,58420.99442333333
2017-07-22 07:00:00,61863.78289
2017-07-22 07:30:00,65782.44419
2017-07-22 08:00:00,70225.77634
2017-07-22 08:30:00,75115.06334333333
2017-07-22 09:00:00,80624.02303666667
2017-07-22 09:30:00,85071.96688
2017-07-22 10:00:00,88602.9595
2017-07-22 10:30:00,91914.08463666665
2017-07-22 11:00:00,94784.37455666666
2017-07-22 11:30:00,95945.24094666667
2017-07-22 12:00:00,97010.16989666667
2017-07-22 12:30:00,97389.77734333335
2017-07-22 13:00:00,98130.86323333334
2017-07-22 13:30:00,97939.14187333333
2017-07-22 14:00:00,97233.80875666667
2017-07-22 14:30:00,95954.28970666668
2017-07-22 15:00:00,95314.21567
2017-07-22 15:30:00,94498.36455
2017-07-22 16:00:00,93733.43832
2017-07-22 16:30:00,93456.33882
2017-07-22 17:00:00,92925.64997000001
2017-07-22 17:30:00,93326.95581
2017-07-22 18:00:00,94019.35732333333
2017-07-22 18:30:00,95941.45203666667
2017-07-22 19:00:00,101624.88389333333
2017-07-22 19:30:00,119514.71342
2017-07-22 20:00:00,126760.09545333334
2017-07-22 20:30:00,125823.25148666666
2017-07-22 21:00:00,122873.93029333332
2017-07-22 21:30:00,120552.70942666667
2017-07-22 22:00:00,117518.94803000001
2017-07-22 22:30:00,112894.75612333334
2017-07-22 23:00:00,107074.50187
2017-07-22 23:30:00,101475.98533333333
2017-07-23 00:00:00,95748.54124333333
2017-07-23 00:30:00,89991.15033666667
2017-07-23 01:00:00,85297.97964666667
2017-07-23 01:30:00,81356.40677666666
2017-07-23 02:00:00,78049.34937333333
2017-07-23 02:30:00,74120.95371666667
2017-07-23 03:00:00,73382.36712000001
2017-07-23 03:30:00,73518.23452
2017-07-23 04:00:00,70316.89390333333
2017-07-23 04:30:00,66804.03097666666
2017-07-23 05:00:00,58832.66736666666
2017-07-23 05:30:00,55328.08655666667
2017-07-23 06:00:00,54102.796436666664
2017-07-23 06:30:00,56927.539939999995
2017-07-23 07:00:00,59143.39269000001
2017-07-23 07:30:00,62058.14662666666
2017-07-23 08:00:00,66358.71593333334
2017-07-23 08:30:00,70079.76296666666
2017-07-23 09:00:00,74556.87713333334
2017-07-23 09:30:00,78675.33695000001
2017-07-23 10:00:00,82075.48805333335
2017-07-23 10:30:00,85486.15583666666
2017-07-23 11:00:00,88341.84792333333
2017-07-23 11:30:00,88940.18092999999
2017-07-23 12:00:00,90432.58572666667
2017-07-23 12:30:00,92028.13214
2017-07-23 13:00:00,92815.03302333334
2017-07-23 13:30:00,93335.10097666667
2017-07-23 14:00:00,92287.60151333334
2017-07-23 14:30:00,91260.06789333333
2017-07-23 15:00:00,90324.93403
2017-07-23 15:30:00,89558.97594333334
2017-07-23 16:00:00,89002.83707000001
2017-07-23 16:30:00,89350.56225666667
2017-07-23 17:00:00,88800.17056
2017-07-23 17:30:00,89316.07771666667
2017-07-23 18:00:00,90437.42662333332
2017-07-23 18:30:00,92354.63660333333
2017-07-23 19:00:00,98574.80285
2017-07-23 19:30:00,117365.54667
2017-07-23 20:00:00,125839.73143666667
2017-07-23 20:30:00,124865.74458
2017-07-23 21:00:00,123839.96087666666
2017-07-23 21:30:00,122289.84728999999
2017-07-23 22:00:00,119252.00457333332
2017-07-23 22:30:00,114766.86787666667
2017-07-23 23:00:00,108988.25916666667
2017-07-23 23:30:00,103576.99276333333
2017-07-24 00:00:00,97112.92112
2017-07-24 00:30:00,90893.35604666667
2017-07-24 01:00:00,86047.89080333333
2017-07-24 01:30:00,82097.44727666666
2017-07-24 02:00:00,79365.06169
2017-07-24 02:30:00,77439.17626333334
2017-07-24 03:00:00,76423.48230333334
2017-07-24 03:30:00,76883.10751666667
2017-07-24 04:00:00,74916.03933333332
2017-07-24 04:30:00,71623.82474666667
2017-07-24 05:00:00,63359.86982666666
2017-07-24 05:30:00,60133.70891666666
2017-07-24 06:00:00,61772.512933333324
2017-07-24 06:30:00,64363.709193333336
2017-07-24 07:00:00,69291.26028333332
2017-07-24 07:30:00,72788.77673666667
2017-07-24 08:00:00,77429.03397333332
2017-07-24 08:30:00,83396.95363666666
2017-07-24 09:00:00,87214.44254333334
2017-07-24 09:30:00,93241.89188333333
2017-07-24 10:00:00,97195.22352
2017-07-24 10:30:00,100099.55217
2017-07-24 11:00:00,102755.03985
2017-07-24 11:30:00,105247.35059
2017-07-24 12:00:00,106549.29190999999
2017-07-24 12:30:00,107478.51603666665
2017-07-24 13:00:00,108233.99270666666
2017-07-24 13:30:00,108417.32301333333
2017-07-24 14:00:00,108446.86164666666
2017-07-24 14:30:00,107497.53997666668
2017-07-24 15:00:00,105797.01943333332
2017-07-24 15:30:00,104893.72632333334
2017-07-24 16:00:00,103079.11485
2017-07-24 16:30:00,102734.11680999999
2017-07-24 17:00:00,102237.97725666668
2017-07-24 17:30:00,102353.87123
2017-07-24 18:00:00,102814.57196666667
2017-07-24 18:30:00,104253.79059666667
2017-07-24 19:00:00,109367.85501
2017-07-24 19:30:00,128118.98033
2017-07-24 20:00:00,133772.09063666666
2017-07-24 20:30:00,132487.56152333334
2017-07-24 21:00:00,130471.28814
2017-07-24 21:30:00,128559.22770333332
2017-07-24 22:00:00,124520.53779666666
2017-07-24 22:30:00,120473.88397666666
2017-07-24 23:00:00,114796.71813
2017-07-24 23:30:00,108889.69981
2017-07-25 00:00:00,102359.39551
2017-07-25 00:30:00,96562.33409333334
2017-07-25 01:00:00,90539.04294
2017-07-25 01:30:00,86162.81794333334
2017-07-25 02:00:00,83228.49059
2017-07-25 02:30:00,80406.22647333333
2017-07-25 03:00:00,79593.86705333334
2017-07-25 03:30:00,80307.14957
2017-07-25 04:00:00,78016.36446
2017-07-25 04:30:00,74374.35083666666
2017-07-25 05:00:00,66878.8205
2017-07-25 05:30:00,63360.57222666666
2017-07-25 06:00:00,64401.12696666667
2017-07-25 06:30:00,66794.60049666667
2017-07-25 07:00:00,71081.11359333333
2017-07-25 07:30:00,74889.76853666667
2017-07-25 08:00:00,80644.03913666667
2017-07-25 08:30:00,86055.53903666667
2017-07-25 09:00:00,91678.22161333333
2017-07-25 09:30:00,96445.47644666668
2017-07-25 10:00:00,99622.33680333332
2017-07-25 10:30:00,102809.21510666667
2017-07-25 11:00:00,105540.76650999999
2017-07-25 11:30:00,107121.63960333333
2017-07-25 12:00:00,108238.00964333334
2017-07-25 12:30:00,108253.24382000002
2017-07-25 13:00:00,107554.73221333332
2017-07-25 13:30:00,107975.41436000001
2017-07-25 14:00:00,107113.37775333335
2017-07-25 14:30:00,105999.91308666667
2017-07-25 15:00:00,104406.60383333334
2017-07-25 15:30:00,103291.95361333333
2017-07-25 16:00:00,101569.67565
2017-07-25 16:30:00,100525.75072333333
2017-07-25 17:00:00,99911.21603000001
2017-07-25 17:30:00,100449.44783
2017-07-25 18:00:00,101685.13558666666
2017-07-25 18:30:00,103140.64636666667
2017-07-25 19:00:00,108524.55931666667
2017-07-25 19:30:00,125975.07518333332
2017-07-25 20:00:00,132755.09804666668
2017-07-25 20:30:00,131905.42914333334
2017-07-25 21:00:00,128795.92428333334
2017-07-25 21:30:00,127135.29829666666
2017-07-25 22:00:00,123630.59237666667
2017-07-25 22:30:00,119216.59843666667
2017-07-25 23:00:00,113214.57731333333
2017-07-25 23:30:00,106226.79729333334
2017-07-26 00:00:00,100359.91779666666
2017-07-26 00:30:00,93672.98622333334
2017-07-26 01:00:00,88401.49498333334
2017-07-26 01:30:00,84142.07267666666
2017-07-26 02:00:00,81461.97273666666
2017-07-26 02:30:00,79248.26153
2017-07-26 03:00:00,78187.97460333334
2017-07-26 03:30:00,79180.35453666667
2017-07-26 04:00:00,77010.95371333334
2017-07-26 04:30:00,73607.77599333333
2017-07-26 05:00:00,65995.28448666666
2017-07-26 05:30:00,62491.998563333334
2017-07-26 06:00:00,64000.53611666666
2017-07-26 06:30:00,65567.95356666666
2017-07-26 07:00:00,68873.02576666667
2017-07-26 07:30:00,72412.51928666666
2017-07-26 08:00:00,77021.27589
2017-07-26 08:30:00,81967.12183
2017-07-26 09:00:00,86805.95019666666
2017-07-26 09:30:00,91511.24548333332
2017-07-26 10:00:00,96194.31007666666
2017-07-26 10:30:00,99876.44374666666
2017-07-26 11:00:00,101742.16813666666
2017-07-26 11:30:00,103308.21846333332
2017-07-26 12:00:00,104939.46641666665
2017-07-26 12:30:00,106045.26670333334
2017-07-26 13:00:00,107210.16102666668
2017-07-26 13:30:00,106267.90394333335
2017-07-26 14:00:00,106373.19906666667
2017-07-26 14:30:00,105243.59871
2017-07-26 15:00:00,104161.01792666667
2017-07-26 15:30:00,102079.01783666667
2017-07-26 16:00:00,100908.43860666668
2017-07-26 16:30:00,100324.00336999999
2017-07-26 17:00:00,98712.18536666666
2017-07-26 17:30:00,98907.79334333334
2017-07-26 18:00:00,100118.60709666666
2017-07-26 18:30:00,101693.72327999999
2017-07-26 19:00:00,107991.64512
2017-07-26 19:30:00,126549.95418666668
2017-07-26 20:00:00,132841.99398666667
2017-07-26 20:30:00,131300.38334666667
2017-07-26 21:00:00,128848.80447333334
2017-07-26 21:30:00,126276.52849000001
2017-07-26 22:00:00,122539.78413666667
2017-07-26 22:30:00,117616.15609333332
2017-07-26 23:00:00,111784.83884666667
2017-07-26 23:30:00,105686.80872666667
2017-07-27 00:00:00,99348.83414666668
2017-07-27 00:30:00,93683.09863333333
2017-07-27 01:00:00,88573.98074666667
2017-07-27 01:30:00,83563.31392666667
2017-07-27 02:00:00,81025.49342
2017-07-27 02:30:00,79515.08025
2017-07-27 03:00:00,78071.00175333333
2017-07-27 03:30:00,78430.35742333333
2017-07-27 04:00:00,75609.01362
2017-07-27 04:30:00,73375.67217666666
2017-07-27 05:00:00,65210.08939
2017-07-27 05:30:00,60627.81719
2017-07-27 06:00:00,62273.49671666667
2017-07-27 06:30:00,64354.139466666675
2017-07-27 07:00:00,68799.35934666666
2017-07-27 07:30:00,73521.21188
2017-07-27 08:00:00,78532.37494333334
2017-07-27 08:30:00,84307.23225333334
2017-07-27 09:00:00,89370.66864333332
2017-07-27 09:30:00,94379.97820333333
2017-07-27 10:00:00,97650.47761666666
2017-07-27 10:30:00,100888.28560333332
2017-07-27 11:00:00,103499.85551000001
2017-07-27 11:30:00,105282.99375999998
2017-07-27 12:00:00,106543.53749666667
2017-07-27 12:30:00,107562.55195666668
2017-07-27 13:00:00,107366.03536666666
2017-07-27 13:30:00,107044.42556666666
2017-07-27 14:00:00,106554.23502666666
2017-07-27 14:30:00,105370.81546666667
2017-07-27 15:00:00,103991.61141000001
2017-07-27 15:30:00,102617.49522333335
2017-07-27 16:00:00,101697.99795333332
2017-07-27 16:30:00,100664.86868333333
2017-07-27 17:00:00,100221.21685333333
2017-07-27 17:30:00,100704.63134333333
2017-07-27 18:00:00,101032.54037666666
2017-07-27 18:30:00,103122.67373333334
2017-07-27 19:00:00,109623.97211666667
2017-07-27 19:30:00,127796.49659
2017-07-27 20:00:00,133277.42069666667
2017-07-27 20:30:00,132110.69736000002
2017-07-27 21:00:00,129283.76575333334
2017-07-27 21:30:00,126721.80525333334
2017-07-27 22:00:00,123301.89723333332
2017-07-27 22:30:00,119145.58888666665
2017-07-27 23:00:00,113548.09092666667
2017-07-27 23:30:00,107558.77302000001
2017-07-28 00:00:00,100975.17656666665
2017-07-28 00:30:00,94680.23504
2017-07-28 01:00:00,89466.14320333333
2017-07-28 01:30:00,84398.55890666666
2017-07-28 02:00:00,80678.78198000001
2017-07-28 02:30:00,78186.26200333332
2017-07-28 03:00:00,77198.17020333333
2017-07-28 03:30:00,77237.39158666668
2017-07-28 04:00:00,75128.33515333333
2017-07-28 04:30:00,72036.06697333332
2017-07-28 05:00:00,63804.65923333333
2017-07-28 05:30:00,59976.774520000006
2017-07-28 06:00:00,61596.15843333333
2017-07-28 06:30:00,64466.204816666665
2017-07-28 07:00:00,68635.94536333333
2017-07-28 07:30:00,72646.86534666666
2017-07-28 08:00:00,78675.92896333332
2017-07-28 08:30:00,83973.76483
2017-07-28 09:00:00,89275.668
2017-07-28 09:30:00,95105.24777
2017-07-28 10:00:00,99180.00922666666
2017-07-28 10:30:00,101217.38483
2017-07-28 11:00:00,103849.02311333333
2017-07-28 11:30:00,105783.54835666668
2017-07-28 12:00:00,105213.49593333334
2017-07-28 12:30:00,102876.31928333333
2017-07-28 13:00:00,103869.67024
2017-07-28 13:30:00,105178.84665666668
2017-07-28 14:00:00,104595.00372666666
2017-07-28 14:30:00,103974.58707666666
2017-07-28 15:00:00,103123.54241333333
2017-07-28 15:30:00,101806.05292333335
2017-07-28 16:00:00,101629.82226333332
2017-07-28 16:30:00,100043.56723333332
2017-07-28 17:00:00,95244.83529333334
2017-07-28 17:30:00,95126.34084
2017-07-28 18:00:00,95718.65959333333
2017-07-28 18:30:00,97611.27880000001
2017-07-28 19:00:00,102918.64147666667
2017-07-28 19:30:00,120182.29971333333
2017-07-28 20:00:00,125792.50208
2017-07-28 20:30:00,123778.12462000002
2017-07-28 21:00:00,121584.99534666666
2017-07-28 21:30:00,119976.81329
2017-07-28 22:00:00,116877.93092666667
2017-07-28 22:30:00,113388.36486333334
2017-07-28 23:00:00,108854.21677
2017-07-28 23:30:00,102460.65003666666
2017-07-29 00:00:00,97033.87060333334
2017-07-29 00:30:00,91732.24918333335
2017-07-29 01:00:00,86259.14653
2017-07-29 01:30:00,81753.97030333334
2017-07-29 02:00:00,78600.29458666667
2017-07-29 02:30:00,75564.68554666667
2017-07-29 03:00:00,73956.49537666666
2017-07-29 03:30:00,74309.17952666666
2017-07-29 04:00:00,72292.94393000001
2017-07-29 04:30:00,68908.02160666668
2017-07-29 05:00:00,61530.20349666666
2017-07-29 05:30:00,58299.52526666667
2017-07-29 06:00:00,59313.27351666667
2017-07-29 06:30:00,61399.619543333334
2017-07-29 07:00:00,64413.22127666667
2017-07-29 07:30:00,68375.83921
2017-07-29 08:00:00,73687.35491666668
2017-07-29 08:30:00,79364.13237666666
2017-07-29 09:00:00,84388.26067333334
2017-07-29 09:30:00,88555.09468
2017-07-29 10:00:00,91253.35918666667
2017-07-29 10:30:00,93925.7142
2017-07-29 11:00:00,96351.41183666668
2017-07-29 11:30:00,97162.48089666666
2017-07-29 12:00:00,97997.33116666666
2017-07-29 12:30:00,97977.12774666667
2017-07-29 13:00:00,97798.87160333333
2017-07-29 13:30:00,97808.82588333334
2017-07-29 14:00:00,97587.76604999999
2017-07-29 14:30:00,96682.12793333334
2017-07-29 15:00:00,95288.78074333334
2017-07-29 15:30:00,94987.93879
2017-07-29 16:00:00,94545.89115333334
2017-07-29 16:30:00,94435.07078666666
2017-07-29 17:00:00,94542.42284333333
2017-07-29 17:30:00,95010.39096333332
2017-07-29 18:00:00,95689.08177
2017-07-29 18:30:00,97261.68145666667
2017-07-29 19:00:00,104107.70305333333
2017-07-29 19:30:00,122288.22216333332
2017-07-29 20:00:00,127681.43981
2017-07-29 20:30:00,125734.77197666666
2017-07-29 21:00:00,122963.65399
2017-07-29 21:30:00,120694.47953999999
2017-07-29 22:00:00,116572.84776333334
2017-07-29 22:30:00,113470.15229
2017-07-29 23:00:00,108601.42594
2017-07-29 23:30:00,103548.35187000001
2017-07-30 00:00:00,97333.77106666665
2017-07-30 00:30:00,92680.22992999999
2017-07-30 01:00:00,87895.54258666666
2017-07-30 01:30:00,83861.98225
2017-07-30 02:00:00,79841.82173000001
2017-07-30 02:30:00,76240.09013666667
2017-07-30 03:00:00,74504.01925
2017-07-30 03:30:00,74078.71979333334
2017-07-30 04:00:00,72105.37739666668
2017-07-30 04:30:00,68737.13234333333
2017-07-30 05:00:00,60420.41929
2017-07-30 05:30:00,56105.48315000001
2017-07-30 06:00:00,56703.68341
2017-07-30 06:30:00,57736.27669
2017-07-30 07:00:00,59620.30604666667
2017-07-30 07:30:00,63069.60959000001
2017-07-30 08:00:00,67131.44488333334
2017-07-30 08:30:00,72207.85900666667
2017-07-30 09:00:00,76277.41025
2017-07-30 09:30:00,80134.74975
2017-07-30 10:00:00,83110.58173666667
2017-07-30 10:30:00,86250.81307999999
2017-07-30 11:00:00,88520.89217
2017-07-30 11:30:00,90602.44310333334
2017-07-30 12:00:00,91346.59269666667
2017-07-30 12:30:00,92499.75666333333
2017-07-30 13:00:00,92727.27635333333
2017-07-30 13:30:00,92905.59396333333
2017-07-30 14:00:00,92721.87227333333
2017-07-30 14:30:00,91789.73775666667
2017-07-30 15:00:00,90762.43342666666
2017-07-30 15:30:00,90129.51909333334
2017-07-30 16:00:00,89714.62762666667
2017-07-30 16:30:00,89986.50780333334
2017-07-30 17:00:00,90172.47410333333
2017-07-30 17:30:00,90685.96074333333
2017-07-30 18:00:00,91997.50105666666
2017-07-30 18:30:00,93984.05215666666
2017-07-30 19:00:00,100527.31051
2017-07-30 19:30:00,119757.49832333333
2017-07-30 20:00:00,124998.48440666667
2017-07-30 20:30:00,123819.43143666665
2017-07-30 21:00:00,121003.55615
2017-07-30 21:30:00,119199.81789333334
2017-07-30 22:00:00,115526.91054333333
2017-07-30 22:30:00,112330.71749999998
2017-07-30 23:00:00,107850.23878666667
2017-07-30 23:30:00,102762.89846333333
2017-07-31 00:00:00,97293.70061333333
2017-07-31 00:30:00,92178.13748333334
2017-07-31 01:00:00,87058.62872333334
2017-07-31 01:30:00,83026.33486666666
2017-07-31 02:00:00,79031.74471
2017-07-31 02:30:00,76144.17992
2017-07-31 03:00:00,74796.02401
2017-07-31 03:30:00,74948.17383666667
2017-07-31 04:00:00,73319.84627666666
2017-07-31 04:30:00,70430.18209333334
2017-07-31 05:00:00,63483.996459999995
2017-07-31 05:30:00,59269.97101666667
2017-07-31 06:00:00,61235.42017
2017-07-31 06:30:00,62909.536036666665
2017-07-31 07:00:00,67026.68740333333
2017-07-31 07:30:00,72288.55885333334
2017-07-31 08:00:00,77312.75230666666
2017-07-31 08:30:00,82604.353
2017-07-31 09:00:00,87307.82454333334
2017-07-31 09:30:00,91352.07339666667
2017-07-31 10:00:00,93670.88678
2017-07-31 10:30:00,96369.35754
2017-07-31 11:00:00,98691.49691333335
2017-07-31 11:30:00,100913.44718666666
2017-07-31 12:00:00,102730.01842333334
2017-07-31 12:30:00,103547.17749333334
2017-07-31 13:00:00,103610.45773333333
2017-07-31 13:30:00,103499.57412666666
2017-07-31 14:00:00,103209.97291333333
2017-07-31 14:30:00,102527.39623999999
2017-07-31 15:00:00,101598.45680333332
2017-07-31 15:30:00,100640.40474666667
2017-07-31 16:00:00,98901.24709666667
2017-07-31 16:30:00,97861.38438333334
2017-07-31 17:00:00,98018.45923666668
2017-07-31 17:30:00,98093.30500666668
2017-07-31 18:00:00,98160.88615666667
2017-07-31 18:30:00,99235.34438333333
2017-07-31 19:00:00,106572.65142333333
2017-07-31 19:30:00,123368.12675
2017-07-31 20:00:00,127500.82405000001
2017-07-31 20:30:00,125219.19776999998
2017-07-31 21:00:00,123099.48879999999
2017-07-31 21:30:00,120581.05922333333
2017-07-31 22:00:00,116713.90657666668
2017-07-31 22:30:00,112511.60819666665
2017-07-31 23:00:00,107244.37813333333
2017-07-31 23:30:00,101502.54960999999
2017-08-01 00:00:00,95096.29920666666
2017-08-01 00:30:00,90188.29295333334
2017-08-01 01:00:00,85353.50552666666
2017-08-01 01:30:00,81584.62538333335
2017-08-01 02:00:00,78374.26785
2017-08-01 02:30:00,76125.24681
2017-08-01 03:00:00,74949.05418333334
2017-08-01 03:30:00,74882.69236666667
2017-08-01 04:00:00,73284.98812333333
2017-08-01 04:30:00,70202.98778666666
2017-08-01 05:00:00,62715.17652
2017-08-01 05:30:00,58927.25319333333
2017-08-01 06:00:00,60140.19504
2017-08-01 06:30:00,62157.958913333336
2017-08-01 07:00:00,65806.62001
2017-08-01 07:30:00,69876.05918
2017-08-01 08:00:00,75052.32628333334
2017-08-01 08:30:00,78899.05935
2017-08-01 09:00:00,82041.33905333333
2017-08-01 09:30:00,86442.11776
2017-08-01 10:00:00,89737.15852
2017-08-01 10:30:00,93465.84662666667
2017-08-01 11:00:00,95541.58412000001
2017-08-01 11:30:00,97526.00485666667
2017-08-01 12:00:00,98337.95030666667
2017-08-01 12:30:00,98531.43094666667
2017-08-01 13:00:00,98530.12608999999
2017-08-01 13:30:00,98770.25113333332
2017-08-01 14:00:00,99136.8219
2017-08-01 14:30:00,98119.7692
2017-08-01 15:00:00,97007.60462333333
2017-08-01 15:30:00,95713.93961
2017-08-01 16:00:00,94499.00453666667
2017-08-01 16:30:00,93380.07266
2017-08-01 17:00:00,92151.63749
2017-08-01 17:30:00,91698.51147666667
2017-08-01 18:00:00,91659.25848666666
2017-08-01 18:30:00,93412.52178666666
2017-08-01 19:00:00,101762.90493
2017-08-01 19:30:00,118106.26206666668
2017-08-01 20:00:00,121875.06427999999
2017-08-01 20:30:00,120296.30253333332
2017-08-01 21:00:00,118400.23400333333
2017-08-01 21:30:00,116627.98605333334
2017-08-01 22:00:00,112595.19908
2017-08-01 22:30:00,108698.81186
2017-08-01 23:00:00,102855.71919000002
2017-08-01 23:30:00,97248.12034000001
2017-08-02 00:00:00,90813.97103000002
2017-08-02 00:30:00,84469.54574666667
2017-08-02 01:00:00,80152.59025666666
2017-08-02 01:30:00,76751.27447333332
2017-08-02 02:00:00,74207.96038333334
2017-08-02 02:30:00,71860.25185
2017-08-02 03:00:00,70425.01552333334
2017-08-02 03:30:00,70374.43872666667
2017-08-02 04:00:00,69105.36362999999
2017-08-02 04:30:00,66319.84076333333
2017-08-02 05:00:00,59167.20121333333
2017-08-02 05:30:00,55998.22652333334
2017-08-02 06:00:00,56782.39927666667
2017-08-02 06:30:00,58360.73334
2017-08-02 07:00:00,62754.756193333335
2017-08-02 07:30:00,67954.13277
2017-08-02 08:00:00,72900.88577
2017-08-02 08:30:00,77826.04455666667
2017-08-02 09:00:00,82715.72732666666
2017-08-02 09:30:00,86880.50852
2017-08-02 10:00:00,91107.04573333333
2017-08-02 10:30:00,94060.39782333333
2017-08-02 11:00:00,96181.68751666667
2017-08-02 11:30:00,98320.09872666666
2017-08-02 12:00:00,99869.52303333335
2017-08-02 12:30:00,100738.38123666665
2017-08-02 13:00:00,101373.84222666667
2017-08-02 13:30:00,100634.52154333332
2017-08-02 14:00:00,97362.36438666667
2017-08-02 14:30:00,96368.46616666667
2017-08-02 15:00:00,94871.33688666666
2017-08-02 15:30:00,93506.59754333335
2017-08-02 16:00:00,92796.16372
2017-08-02 16:30:00,91232.14425666665
2017-08-02 17:00:00,91089.96633333333
2017-08-02 17:30:00,91963.06243666667
2017-08-02 18:00:00,92459.95914333333
2017-08-02 18:30:00,94124.78689666667
2017-08-02 19:00:00,101167.81326666666
2017-08-02 19:30:00,117668.33174333333
2017-08-02 20:00:00,121732.55039
2017-08-02 20:30:00,120137.98852333333
2017-08-02 21:00:00,117569.03827
2017-08-02 21:30:00,115321.24049333333
2017-08-02 22:00:00,112361.34171666666
2017-08-02 22:30:00,108512.82519666666
2017-08-02 23:00:00,103340.77547666668
2017-08-02 23:30:00,97485.48918333334
2017-08-03 00:00:00,91671.76084666666
2017-08-03 00:30:00,86696.4838
2017-08-03 01:00:00,81470.63189666667
2017-08-03 01:30:00,77013.41664
2017-08-03 02:00:00,73567.22397333333
2017-08-03 02:30:00,71147.17855666667
2017-08-03 03:00:00,70449.44129333332
2017-08-03 03:30:00,70794.89980333333
2017-08-03 04:00:00,69456.19026333332
2017-08-03 04:30:00,66939.20197666668
2017-08-03 05:00:00,59930.14240333333
2017-08-03 05:30:00,55369.86986333333
2017-08-03 06:00:00,56272.59907333334
2017-08-03 06:30:00,58441.317310000006
2017-08-03 07:00:00,62438.31557333333
2017-08-03 07:30:00,67376.31932000001
2017-08-03 08:00:00,72922.19984666667
2017-08-03 08:30:00,77764.91596999999
2017-08-03 09:00:00,82703.70876333333
2017-08-03 09:30:00,87282.51454666666
2017-08-03 10:00:00,91016.50605333333
2017-08-03 10:30:00,94143.09809333335
2017-08-03 11:00:00,96933.30500333333
2017-08-03 11:30:00,98587.14233666666
2017-08-03 12:00:00,96095.88845666667
2017-08-03 12:30:00,95066.25282666668
2017-08-03 13:00:00,98748.37352333334
2017-08-03 13:30:00,98960.82450333332
2017-08-03 14:00:00,99383.37744333333
2017-08-03 14:30:00,98165.16356333334
2017-08-03 15:00:00,97058.32799333334
2017-08-03 15:30:00,95745.93679333334
2017-08-03 16:00:00,94632.72663333332
2017-08-03 16:30:00,93950.09380999999
2017-08-03 17:00:00,94490.2831
2017-08-03 17:30:00,94568.83585333335
2017-08-03 18:00:00,94529.14291333333
2017-08-03 18:30:00,96816.25317666667
2017-08-03 19:00:00,104303.41854
2017-08-03 19:30:00,120873.3203
2017-08-03 20:00:00,124177.30974333333
2017-08-03 20:30:00,123409.46931999999
2017-08-03 21:00:00,120847.55183333333
2017-08-03 21:30:00,118498.37366333332
2017-08-03 22:00:00,114635.08560333333
2017-08-03 22:30:00,110967.15976
2017-08-03 23:00:00,105728.49803666666
2017-08-03 23:30:00,100388.6417
2017-08-04 00:00:00,94693.72336666666
2017-08-04 00:30:00,89439.21300999999
2017-08-04 01:00:00,84654.86829333333
2017-08-04 01:30:00,80047.15068666668
2017-08-04 02:00:00,76954.94913333333
2017-08-04 02:30:00,74424.65846666666
2017-08-04 03:00:00,72516.83208666666
2017-08-04 03:30:00,72658.71274999999
2017-08-04 04:00:00,71799.18433
2017-08-04 04:30:00,69488.63917666666
2017-08-04 05:00:00,62531.502596666665
2017-08-04 05:30:00,58455.09555666667
2017-08-04 06:00:00,59075.94548333334
2017-08-04 06:30:00,60762.17864666667
2017-08-04 07:00:00,64690.6011
2017-08-04 07:30:00,69256.29121
2017-08-04 08:00:00,74746.45663666665
2017-08-04 08:30:00,79730.20201666666
2017-08-04 09:00:00,84574.39636
2017-08-04 09:30:00,90124.78137333335
2017-08-04 10:00:00,93745.20169333334
2017-08-04 10:30:00,96452.25149333333
2017-08-04 11:00:00,99225.46906666667
2017-08-04 11:30:00,100644.41238
2017-08-04 12:00:00,100550.36042666667
2017-08-04 12:30:00,99167.99998000001
2017-08-04 13:00:00,98810.48874333334
2017-08-04 13:30:00,99681.40569
2017-08-04 14:00:00,98878.32113666665
2017-08-04 14:30:00,98437.16738666668
2017-08-04 15:00:00,97946.91442333332
2017-08-04 15:30:00,96643.87892666667
2017-08-04 16:00:00,96112.77847
2017-08-04 16:30:00,95438.38545333334
2017-08-04 17:00:00,94781.14146999999
2017-08-04 17:30:00,94832.52194333333
2017-08-04 18:00:00,95283.15373333334
2017-08-04 18:30:00,96628.16869666666
2017-08-04 19:00:00,104705.08459333332
2017-08-04 19:30:00,121189.08021
2017-08-04 20:00:00,124114.62014666667
2017-08-04 20:30:00,122694.42511666667
2017-08-04 21:00:00,120259.26668666668
2017-08-04 21:30:00,118387.48254333332
2017-08-04 22:00:00,115058.83128333332
2017-08-04 22:30:00,110965.53508333334
2017-08-04 23:00:00,104713.10092333333
2017-08-04 23:30:00,99976.38721999999
2017-08-05 00:00:00,94867.63773
2017-08-05 00:30:00,89738.54864666668
2017-08-05 01:00:00,85197.07769666666
2017-08-05 01:30:00,80360.75715666667
2017-08-05 02:00:00,77672.60786333332
2017-08-05 02:30:00,74648.57542333333
2017-08-05 03:00:00,73212.96883
2017-08-05 03:30:00,72771.94023666666
2017-08-05 04:00:00,71396.48180333333
2017-08-05 04:30:00,68726.06287333333
2017-08-05 05:00:00,61668.60931666667
2017-08-05 05:30:00,57216.14840333333
2017-08-05 06:00:00,57941.948006666666
2017-08-05 06:30:00,59572.942253333335
2017-08-05 07:00:00,63742.51645333334
2017-08-05 07:30:00,66650.08870666666
2017-08-05 08:00:00,72832.95601000001
2017-08-05 08:30:00,78787.35939666667
2017-08-05 09:00:00,83365.20387333333
2017-08-05 09:30:00,87486.81067666668
2017-08-05 10:00:00,90171.52430333332
2017-08-05 10:30:00,92670.69807
2017-08-05 11:00:00,94853.96233
2017-08-05 11:30:00,96788.46093
2017-08-05 12:00:00,97273.00985999999
2017-08-05 12:30:00,97358.82966
2017-08-05 13:00:00,97273.43692000001
2017-08-05 13:30:00,97264.33077666668
2017-08-05 14:00:00,96386.7399
2017-08-05 14:30:00,95730.40917666668
2017-08-05 15:00:00,94267.34354333335
2017-08-05 15:30:00,93397.57479333332
2017-08-05 16:00:00,93365.26913666667
2017-08-05 16:30:00,93359.19402000001
2017-08-05 17:00:00,94119.27229666668
2017-08-05 17:30:00,93767.72643666666
2017-08-05 18:00:00,94381.27545333334
2017-08-05 18:30:00,96906.64764333334
2017-08-05 19:00:00,106030.44897666667
2017-08-05 19:30:00,123326.53238333335
2017-08-05 20:00:00,126633.01351
2017-08-05 20:30:00,124933.32050333334
2017-08-05 21:00:00,123043.22910666668
2017-08-05 21:30:00,120100.67022000001
2017-08-05 22:00:00,116713.21302666666
2017-08-05 22:30:00,112988.82979333335
2017-08-05 23:00:00,107948.07288333333
2017-08-05 23:30:00,102349.84547333333
2017-08-06 00:00:00,95722.78350666666
2017-08-06 00:30:00,91541.64740999999
2017-08-06 01:00:00,87220.33171
2017-08-06 01:30:00,82081.10724333335
2017-08-06 02:00:00,78572.46558333334
2017-08-06 02:30:00,75538.99792333333
2017-08-06 03:00:00,74090.34707333334
2017-08-06 03:30:00,74422.80905
2017-08-06 04:00:00,73436.83761333332
2017-08-06 04:30:00,70855.26173
2017-08-06 05:00:00,62551.10582666667
2017-08-06 05:30:00,57329.514586666664
2017-08-06 06:00:00,57271.753143333335
2017-08-06 06:30:00,57945.104393333335
2017-08-06 07:00:00,59350.93600333333
2017-08-06 07:30:00,62501.67214333334
2017-08-06 08:00:00,66339.03011
2017-08-06 08:30:00,70627.03384333332
2017-08-06 09:00:00,74025.52344333334
2017-08-06 09:30:00,78112.86300333333
2017-08-06 10:00:00,80973.74393
2017-08-06 10:30:00,83913.76405
2017-08-06 11:00:00,88803.89489333333
2017-08-06 11:30:00,89949.59363666666
2017-08-06 12:00:00,91065.91023666666
2017-08-06 12:30:00,91942.92870666667
2017-08-06 13:00:00,92621.35543666668
2017-08-06 13:30:00,92750.98233333335
2017-08-06 14:00:00,91912.79028333334
2017-08-06 14:30:00,91154.01560333332
2017-08-06 15:00:00,90166.52204333333
2017-08-06 15:30:00,89701.85528999999
2017-08-06 16:00:00,89931.44067
2017-08-06 16:30:00,90531.41356666667
2017-08-06 17:00:00,91613.47806666668
2017-08-06 17:30:00,91022.47213666666
2017-08-06 18:00:00,90881.37893333333
2017-08-06 18:30:00,88027.37915
2017-08-06 19:00:00,98198.55433666667
2017-08-06 19:30:00,115837.64254999999
2017-08-06 20:00:00,119250.65142666666
2017-08-06 20:30:00,117800.20472
2017-08-06 21:00:00,116056.04215333333
2017-08-06 21:30:00,114539.32747333334
2017-08-06 22:00:00,111113.66623666667
2017-08-06 22:30:00,106219.39786000001
2017-08-06 23:00:00,101689.21348666666
2017-08-06 23:30:00,97504.92739000001
2017-08-07 00:00:00,92176.60066666665
2017-08-07 00:30:00,87821.02776333333
2017-08-07 01:00:00,83888.89257666667
2017-08-07 01:30:00,80242.96523666667
2017-08-07 02:00:00,77231.93409666666
2017-08-07 02:30:00,73853.88970666667
2017-08-07 03:00:00,72197.37490666666
2017-08-07 03:30:00,72322.50305
2017-08-07 04:00:00,73178.03627333335
2017-08-07 04:30:00,67747.76926333334
2017-08-07 05:00:00,62989.40555333334
2017-08-07 05:30:00,59339.86361666666
2017-08-07 06:00:00,59808.46481333333
2017-08-07 06:30:00,61407.68385333333
2017-08-07 07:00:00,65643.22318333334
2017-08-07 07:30:00,69896.34003
2017-08-07 08:00:00,75839.98917666667
2017-08-07 08:30:00,80440.34764333333
2017-08-07 09:00:00,85115.18447333334
2017-08-07 09:30:00,90025.86676666669
2017-08-07 10:00:00,93366.94898333335
2017-08-07 10:30:00,92964.40609
2017-08-07 11:00:00,95790.07042666666
2017-08-07 11:30:00,99856.42881
2017-08-07 12:00:00,102062.46551666666
2017-08-07 12:30:00,102353.65294333333
2017-08-07 13:00:00,102897.38905666668
2017-08-07 13:30:00,102821.72704666667
2017-08-07 14:00:00,102075.32222666666
2017-08-07 14:30:00,101482.11521333334
2017-08-07 15:00:00,100576.41602333332
2017-08-07 15:30:00,98444.03516333333
2017-08-07 16:00:00,98127.98995
2017-08-07 16:30:00,97437.56791999999
2017-08-07 17:00:00,97342.91385999999
2017-08-07 17:30:00,97827.48606666666
2017-08-07 18:00:00,98509.46744333334
2017-08-07 18:30:00,101564.62935
2017-08-07 19:00:00,111724.98653333333
2017-08-07 19:30:00,127102.28320999998
2017-08-07 20:00:00,129444.14741666666
2017-08-07 20:30:00,127493.22233333334
2017-08-07 21:00:00,124552.17587666668
2017-08-07 21:30:00,122471.87393333332
2017-08-07 22:00:00,118633.39068
2017-08-07 22:30:00,114376.69516666666
2017-08-07 23:00:00,108436.19617333333
2017-08-07 23:30:00,102723.55367
2017-08-08 00:00:00,97366.38525333333
2017-08-08 00:30:00,91938.71048333333
2017-08-08 01:00:00,87018.46333666667
2017-08-08 01:30:00,82513.78661666666
2017-08-08 02:00:00,78523.57951
2017-08-08 02:30:00,76382.64159333333
2017-08-08 03:00:00,74556.77023333333
2017-08-08 03:30:00,73899.46468666666
2017-08-08 04:00:00,73785.15264666667
2017-08-08 04:30:00,71573.08013
2017-08-08 05:00:00,64946.94431333333
2017-08-08 05:30:00,59917.18465333333
2017-08-08 06:00:00,60682.336176666664
2017-08-08 06:30:00,62511.057096666664
2017-08-08 07:00:00,66393.59003
2017-08-08 07:30:00,71076.78765666667
2017-08-08 08:00:00,77370.42951333332
2017-08-08 08:30:00,82847.70498
2017-08-08 09:00:00,87652.49507333334
2017-08-08 09:30:00,92113.81052
2017-08-08 10:00:00,95972.22395666665
2017-08-08 10:30:00,98719.50095
2017-08-08 11:00:00,100439.21736333333
2017-08-08 11:30:00,102326.98423
2017-08-08 12:00:00,103422.56997
2017-08-08 12:30:00,103822.23895000001
2017-08-08 13:00:00,104291.85872
2017-08-08 13:30:00,104925.76451333333
2017-08-08 14:00:00,104406.08438
2017-08-08 14:30:00,101609.62673000002
2017-08-08 15:00:00,98970.72980000002
2017-08-08 15:30:00,98096.02158
2017-08-08 16:00:00,96899.04479333332
2017-08-08 16:30:00,95947.97186666667
2017-08-08 17:00:00,95743.55075
2017-08-08 17:30:00,99694.08549000001
2017-08-08 18:00:00,100258.99973333332
2017-08-08 18:30:00,102336.68194666668
2017-08-08 19:00:00,111418.72044666666
2017-08-08 19:30:00,126583.04685
2017-08-08 20:00:00,128078.48859333334
2017-08-08 20:30:00,125389.69943666666
2017-08-08 21:00:00,123169.15824333334
2017-08-08 21:30:00,120184.61020333333
2017-08-08 22:00:00,116658.97823666666
2017-08-08 22:30:00,112620.81056333333
2017-08-08 23:00:00,107217.12608999999
2017-08-08 23:30:00,101965.92939666666
2017-08-09 00:00:00,95767.19977
2017-08-09 00:30:00,90777.29782666666
2017-08-09 01:00:00,86268.05204
2017-08-09 01:30:00,80520.74071
2017-08-09 02:00:00,76690.83539000001
2017-08-09 02:30:00,74275.56341333334
2017-08-09 03:00:00,72299.61564333334
2017-08-09 03:30:00,71872.19863
2017-08-09 04:00:00,71472.57133333334
2017-08-09 04:30:00,68747.16385666667
2017-08-09 05:00:00,62812.73696
2017-08-09 05:30:00,56820.34071
2017-08-09 06:00:00,56669.798603333336
2017-08-09 06:30:00,59878.85383
2017-08-09 07:00:00,66244.85010666666
2017-08-09 07:30:00,70766.27870666666
2017-08-09 08:00:00,76354.44119666667
2017-08-09 08:30:00,80830.98003666666
2017-08-09 09:00:00,84628.39916333334
2017-08-09 09:30:00,83778.59761666667
2017-08-09 10:00:00,88734.48156333335
2017-08-09 10:30:00,93916.70211666667
2017-08-09 11:00:00,97766.05047333334
2017-08-09 11:30:00,99900.98009000001
2017-08-09 12:00:00,101544.74122333333
2017-08-09 12:30:00,102673.61633333332
2017-08-09 13:00:00,103737.14804
2017-08-09 13:30:00,103382.76057666667
2017-08-09 14:00:00,102971.65582666667
2017-08-09 14:30:00,102022.12696666666
2017-08-09 15:00:00,100676.49474666668
2017-08-09 15:30:00,99846.50768333334
2017-08-09 16:00:00,98205.67231333333
2017-08-09 16:30:00,97175.74141333334
2017-08-09 17:00:00,96716.34146999998
2017-08-09 17:30:00,96309.23591
2017-08-09 18:00:00,96941.72997666667
2017-08-09 18:30:00,98487.26866666666
2017-08-09 19:00:00,108879.21353666666
2017-08-09 19:30:00,123773.80243333335
2017-08-09 20:00:00,125308.13421666667
2017-08-09 20:30:00,119990.55517
2017-08-09 21:00:00,118594.47769000001
2017-08-09 21:30:00,116508.77103
2017-08-09 22:00:00,114094.29320666667
2017-08-09 22:30:00,109376.85584333334
2017-08-09 23:00:00,103628.31075333334
2017-08-09 23:30:00,98265.68339666666
2017-08-10 00:00:00,91283.73358666668
2017-08-10 00:30:00,86546.77764
2017-08-10 01:00:00,82022.92349999999
2017-08-10 01:30:00,78396.38145333334
2017-08-10 02:00:00,74728.53353333334
2017-08-10 02:30:00,72466.71319333334
2017-08-10 03:00:00,71084.35608
2017-08-10 03:30:00,70740.79681333333
2017-08-10 04:00:00,70766.30493
2017-08-10 04:30:00,68497.94933666667
2017-08-10 05:00:00,61746.61779
2017-08-10 05:30:00,56557.353656666666
2017-08-10 06:00:00,56834.90038666667
2017-08-10 06:30:00,59082.67350333333
2017-08-10 07:00:00,63177.14713666667
2017-08-10 07:30:00,69064.48060666666
2017-08-10 08:00:00,74187.58044666667
2017-08-10 08:30:00,79447.86451666667
2017-08-10 09:00:00,83847.28508333334
2017-08-10 09:30:00,84099.61631
2017-08-10 10:00:00,88361.795
2017-08-10 10:30:00,93738.20844333334
2017-08-10 11:00:00,96995.80874333333
2017-08-10 11:30:00,98422.74292666667
2017-08-10 12:00:00,99571.68010666665
2017-08-10 12:30:00,99740.74147666666
2017-08-10 13:00:00,100066.84712666667
2017-08-10 13:30:00,100060.73669666667
2017-08-10 14:00:00,99368.29376999999
2017-08-10 14:30:00,98358.93309
2017-08-10 15:00:00,97349.02718666667
2017-08-10 15:30:00,96139.17983666666
2017-08-10 16:00:00,95067.6827
2017-08-10 16:30:00,94716.0096
2017-08-10 17:00:00,94054.12498000001
2017-08-10 17:30:00,95027.27261333335
2017-08-10 18:00:00,96359.64684
2017-08-10 18:30:00,99264.44716666666
2017-08-10 19:00:00,110231.60289666666
2017-08-10 19:30:00,124540.93637333333
2017-08-10 20:00:00,125326.42383999999
2017-08-10 20:30:00,123085.54302666667
2017-08-10 21:00:00,120952.49024
2017-08-10 21:30:00,118735.13148
2017-08-10 22:00:00,115060.95540333334
2017-08-10 22:30:00,109172.113
2017-08-10 23:00:00,104573.78861999999
2017-08-10 23:30:00,99497.48554333333
2017-08-11 00:00:00,93847.97706666666
2017-08-11 00:30:00,88568.07580333333
2017-08-11 01:00:00,83107.38936
2017-08-11 01:30:00,79696.58205666667
2017-08-11 02:00:00,76047.98456
2017-08-11 02:30:00,73927.54879333334
2017-08-11 03:00:00,72248.75526
2017-08-11 03:30:00,72311.74472333334
2017-08-11 04:00:00,72022.53333666666
2017-08-11 04:30:00,69482.74920666667
2017-08-11 05:00:00,62954.02514666666
2017-08-11 05:30:00,58148.70938666666
2017-08-11 06:00:00,58726.93667333334
2017-08-11 06:30:00,60820.77926
2017-08-11 07:00:00,64352.19494666666
2017-08-11 07:30:00,69174.42211
2017-08-11 08:00:00,73586.66281333333
2017-08-11 08:30:00,78401.00043333333
2017-08-11 09:00:00,82804.82164
2017-08-11 09:30:00,87015.44244
2017-08-11 10:00:00,90570.10216000001
2017-08-11 10:30:00,93180.48281999999
2017-08-11 11:00:00,95328.26248333334
2017-08-11 11:30:00,96825.65133000001
2017-08-11 12:00:00,97104.59613
2017-08-11 12:30:00,95557.76372333332
2017-08-11 13:00:00,95590.42597666667
2017-08-11 13:30:00,96391.25405666667
2017-08-11 14:00:00,95407.88405
2017-08-11 14:30:00,94176.50915
2017-08-11 15:00:00,93240.63831
2017-08-11 15:30:00,92657.38980333332
2017-08-11 16:00:00,92056.46991666667
2017-08-11 16:30:00,91648.98645666667
2017-08-11 17:00:00,91131.18887
2017-08-11 17:30:00,91069.68527999999
2017-08-11 18:00:00,91345.68477333333
2017-08-11 18:30:00,94275.00139666667
2017-08-11 19:00:00,105536.63515999999
2017-08-11 19:30:00,119433.38282
2017-08-11 20:00:00,120662.70325666666
2017-08-11 20:30:00,119024.60116666666
2017-08-11 21:00:00,117693.42428333334
2017-08-11 21:30:00,115294.41526666668
2017-08-11 22:00:00,112140.38581
2017-08-11 22:30:00,108022.78454666666
2017-08-11 23:00:00,102670.52795999999
2017-08-11 23:30:00,97418.26785333334
2017-08-12 00:00:00,91040.82182333333
2017-08-12 00:30:00,86213.50025
2017-08-12 01:00:00,81530.52399666666
2017-08-12 01:30:00,77513.56831333334
2017-08-12 02:00:00,74544.94256333333
2017-08-12 02:30:00,72587.08684333334
2017-08-12 03:00:00,70632.31052
2017-08-12 03:30:00,70081.03888666666
2017-08-12 04:00:00,70571.73657333333
2017-08-12 04:30:00,68243.28976
2017-08-12 05:00:00,62399.66794000001
2017-08-12 05:30:00,56652.25545333334
2017-08-12 06:00:00,56787.780276666665
2017-08-12 06:30:00,57560.04900333334
2017-08-12 07:00:00,61466.45293333333
2017-08-12 07:30:00,66003.96907666668
2017-08-12 08:00:00,71102.93135666667
2017-08-12 08:30:00,75882.20902000001
2017-08-12 09:00:00,80539.79135
2017-08-12 09:30:00,84701.46833666666
2017-08-12 10:00:00,87570.74683
2017-08-12 10:30:00,89809.21101333333
2017-08-12 11:00:00,91768.63244
2017-08-12 11:30:00,93195.89046000001
2017-08-12 12:00:00,94501.93106666666
2017-08-12 12:30:00,95417.07358000001
2017-08-12 13:00:00,95726.19814666668
2017-08-12 13:30:00,95714.33818333334
2017-08-12 14:00:00,94697.26512
2017-08-12 14:30:00,93465.07889666666
2017-08-12 15:00:00,92602.56796333333
2017-08-12 15:30:00,91869.77952
2017-08-12 16:00:00,91358.14769333333
2017-08-12 16:30:00,91071.04295666667
2017-08-12 17:00:00,91124.49587
2017-08-12 17:30:00,91816.88982333332
2017-08-12 18:00:00,92972.19159666666
2017-08-12 18:30:00,96916.81342
2017-08-12 19:00:00,109882.71227
2017-08-12 19:30:00,122528.66471666668
2017-08-12 20:00:00,123267.51300666668
2017-08-12 20:30:00,121527.96451666667
2017-08-12 21:00:00,119141.99816333334
2017-08-12 21:30:00,116828.04327333333
2017-08-12 22:00:00,112997.28067000001
2017-08-12 22:30:00,108702.37490333333
2017-08-12 23:00:00,103807.83899
2017-08-12 23:30:00,98983.9844
2017-08-13 00:00:00,93928.85563
2017-08-13 00:30:00,88754.89428000001
2017-08-13 01:00:00,83898.60664666667
2017-08-13 01:30:00,79760.44566666667
2017-08-13 02:00:00,75964.36652333334
2017-08-13 02:30:00,73164.63865333334
2017-08-13 03:00:00,71953.04984666668
2017-08-13 03:30:00,70920.84498666668
2017-08-13 04:00:00,70519.77033333333
2017-08-13 04:30:00,64541.809213333334
2017-08-13 05:00:00,60924.868156666664
2017-08-13 05:30:00,55936.75825333333
2017-08-13 06:00:00,55464.957253333334
2017-08-13 06:30:00,56833.943426666665
2017-08-13 07:00:00,59228.38084
2017-08-13 07:30:00,62410.69274
2017-08-13 08:00:00,66896.97998666666
2017-08-13 08:30:00,71281.92373666666
2017-08-13 09:00:00,74691.23611333333
2017-08-13 09:30:00,78590.19597333334
2017-08-13 10:00:00,82212.80771000001
2017-08-13 10:30:00,84305.34752
2017-08-13 11:00:00,86645.46105
2017-08-13 11:30:00,87952.60612333333
2017-08-13 12:00:00,89379.61441666668
2017-08-13 12:30:00,90324.76922
2017-08-13 13:00:00,91204.96250333334
2017-08-13 13:30:00,90818.9091
2017-08-13 14:00:00,90173.38159666666
2017-08-13 14:30:00,88815.38235666667
2017-08-13 15:00:00,87723.06082666667
2017-08-13 15:30:00,86964.66515
2017-08-13 16:00:00,86659.34048333333
2017-08-13 16:30:00,86772.80365666666
2017-08-13 17:00:00,86747.44441
2017-08-13 17:30:00,87257.31061
2017-08-13 18:00:00,89057.23598
2017-08-13 18:30:00,92571.59346
2017-08-13 19:00:00,104449.54755666666
2017-08-13 19:30:00,117094.71587
2017-08-13 20:00:00,117813.85249
2017-08-13 20:30:00,116887.04358666668
2017-08-13 21:00:00,115491.17143666667
2017-08-13 21:30:00,113105.89694666666
2017-08-13 22:00:00,110308.10693666666
2017-08-13 22:30:00,105829.78782000001
2017-08-13 23:00:00,100431.73662
2017-08-13 23:30:00,94754.03921333334
2017-08-14 00:00:00,89199.58630666666
2017-08-14 00:30:00,84328.19280333332
2017-08-14 01:00:00,79447.06378666667
2017-08-14 01:30:00,75650.24665333332
2017-08-14 02:00:00,72489.75654333334
2017-08-14 02:30:00,70322.47215333332
2017-08-14 03:00:00,68909.09594666667
2017-08-14 03:30:00,68444.14274
2017-08-14 04:00:00,68374.70695333334
2017-08-14 04:30:00,66103.75071000001
2017-08-14 05:00:00,60401.32787333333
2017-08-14 05:30:00,54984.14363333333
2017-08-14 06:00:00,54331.36204666667
2017-08-14 06:30:00,56724.52243333333
2017-08-14 07:00:00,59552.32234333333
2017-08-14 07:30:00,62675.38631333333
2017-08-14 08:00:00,67963.00427
2017-08-14 08:30:00,72140.67133333333
2017-08-14 09:00:00,76642.98169666667
2017-08-14 09:30:00,80913.75114666666
2017-08-14 10:00:00,85282.22340999999
2017-08-14 10:30:00,88028.75301666667
2017-08-14 11:00:00,90031.09260000002
2017-08-14 11:30:00,91893.22553
2017-08-14 12:00:00,92453.63432666667
2017-08-14 12:30:00,93709.72514333333
2017-08-14 13:00:00,93918.31610666668
2017-08-14 13:30:00,93570.86914000001
2017-08-14 14:00:00,93121.77266999999
2017-08-14 14:30:00,91976.49812
2017-08-14 15:00:00,91494.00890666666
2017-08-14 15:30:00,91033.17511
2017-08-14 16:00:00,89894.83026333334
2017-08-14 16:30:00,89164.98649
2017-08-14 17:00:00,89748.77944666667
2017-08-14 17:30:00,90316.34919
2017-08-14 18:00:00,91026.38842666667
2017-08-14 18:30:00,94233.31014999999
2017-08-14 19:00:00,108011.94494333332
2017-08-14 19:30:00,119858.01358000001
2017-08-14 20:00:00,119347.00729666666
2017-08-14 20:30:00,118049.70399333333
2017-08-14 21:00:00,116616.15295333334
2017-08-14 21:30:00,113996.89994666667
2017-08-14 22:00:00,110661.48027666665
2017-08-14 22:30:00,105794.58457
2017-08-14 23:00:00,100196.19827666668
2017-08-14 23:30:00,94995.47564
2017-08-15 00:00:00,89061.63515999999
2017-08-15 00:30:00,84056.66074666666
2017-08-15 01:00:00,79385.38983666665
2017-08-15 01:30:00,74997.13590666666
2017-08-15 02:00:00,71980.00500666666
2017-08-15 02:30:00,69329.93762333333
2017-08-15 03:00:00,67762.92625
2017-08-15 03:30:00,66704.77762
2017-08-15 04:00:00,68002.85535000001
2017-08-15 04:30:00,65932.87391666666
2017-08-15 05:00:00,60941.90427
2017-08-15 05:30:00,55702.32467333333
2017-08-15 06:00:00,54298.45217333333
2017-08-15 06:30:00,56657.6399
2017-08-15 07:00:00,60609.56278666667
2017-08-15 07:30:00,64316.18479666667
2017-08-15 08:00:00,69551.44473
2017-08-15 08:30:00,74938.99617
2017-08-15 09:00:00,79055.82457666667
2017-08-15 09:30:00,83922.22132666667
2017-08-15 10:00:00,88517.25496666667
2017-08-15 10:30:00,90430.69523999999
2017-08-15 11:00:00,93298.38768666667
2017-08-15 11:30:00,95855.94433333333
2017-08-15 12:00:00,97245.08402333333
2017-08-15 12:30:00,98189.08284666667
2017-08-15 13:00:00,98507.93416666666
2017-08-15 13:30:00,98511.29761666666
2017-08-15 14:00:00,98548.08897333335
2017-08-15 14:30:00,97501.95045
2017-08-15 15:00:00,95537.39247333333
2017-08-15 15:30:00,94687.34653
2017-08-15 16:00:00,93762.42653000001
2017-08-15 16:30:00,92970.16127333332
2017-08-15 17:00:00,91643.60785999999
2017-08-15 17:30:00,92512.27201
2017-08-15 18:00:00,93790.58337333333
2017-08-15 18:30:00,97367.14013333333
2017-08-15 19:00:00,112325.57610666666
2017-08-15 19:30:00,124905.63991999999
2017-08-15 20:00:00,125289.03684666667
2017-08-15 20:30:00,122617.02662333334
2017-08-15 21:00:00,120360.70195
2017-08-15 21:30:00,117365.68502666666
2017-08-15 22:00:00,113325.83253
2017-08-15 22:30:00,108501.46212666668
2017-08-15 23:00:00,103476.01259333333
2017-08-15 23:30:00,97315.62301666666
2017-08-16 00:00:00,91866.86874
2017-08-16 00:30:00,86274.66126333333
2017-08-16 01:00:00,81330.19859666667
2017-08-16 01:30:00,76632.60555333334
2017-08-16 02:00:00,73410.56143
2017-08-16 02:30:00,71024.34474333333
2017-08-16 03:00:00,69762.05858333333
2017-08-16 03:30:00,69175.87923333333
2017-08-16 04:00:00,69349.92017666667
2017-08-16 04:30:00,66974.56077
2017-08-16 05:00:00,61764.93795666667
2017-08-16 05:30:00,56192.73925666666
2017-08-16 06:00:00,55498.43797
2017-08-16 06:30:00,57264.718003333335
2017-08-16 07:00:00,61473.942963333335
2017-08-16 07:30:00,65590.69200666666
2017-08-16 08:00:00,70261.10736000001
2017-08-16 08:30:00,74089.93143333333
2017-08-16 09:00:00,78684.16327333332
2017-08-16 09:30:00,84183.16240666667
2017-08-16 10:00:00,88871.70258666667
2017-08-16 10:30:00,92019.84842666668
2017-08-16 11:00:00,94795.60572666668
2017-08-16 11:30:00,96507.43289
2017-08-16 12:00:00,97167.67849333334
2017-08-16 12:30:00,98013.28184999998
2017-08-16 13:00:00,98366.44048333332
2017-08-16 13:30:00,98835.33163666667
2017-08-16 14:00:00,98557.99436000001
2017-08-16 14:30:00,97924.75800999999
2017-08-16 15:00:00,96522.84669333334
2017-08-16 15:30:00,95096.52087333333
2017-08-16 16:00:00,94399.30897000001
2017-08-16 16:30:00,93562.1161
2017-08-16 17:00:00,93018.18593666666
2017-08-16 17:30:00,93177.30837
2017-08-16 18:00:00,94753.44436666666
2017-08-16 18:30:00,98637.09301999999
2017-08-16 19:00:00,112805.84799333331
2017-08-16 19:30:00,124592.98058666666
2017-08-16 20:00:00,125000.2549
2017-08-16 20:30:00,122595.99736666668
2017-08-16 21:00:00,119358.34492333334
2017-08-16 21:30:00,115831.56029666668
2017-08-16 22:00:00,114444.94811666668
2017-08-16 22:30:00,109571.05893666665
2017-08-16 23:00:00,104866.23859666668
2017-08-16 23:30:00,98776.26695
2017-08-17 00:00:00,92400.42128333333
2017-08-17 00:30:00,86894.50088
2017-08-17 01:00:00,82200.93756
2017-08-17 01:30:00,78166.07640333334
2017-08-17 02:00:00,74637.05108666666
2017-08-17 02:30:00,70990.15750666667
2017-08-17 03:00:00,69193.29211333334
2017-08-17 03:30:00,69234.22454666666
2017-08-17 04:00:00,70068.82091000001
2017-08-17 04:30:00,68268.86023333333
2017-08-17 05:00:00,62907.76184666667
2017-08-17 05:30:00,57547.88432666666
2017-08-17 06:00:00,57475.37836
2017-08-17 06:30:00,59947.706873333336
2017-08-17 07:00:00,63673.81753666667
2017-08-17 07:30:00,67143.95928666666
2017-08-17 08:00:00,72259.47431333334
2017-08-17 08:30:00,77666.2353
2017-08-17 09:00:00,83178.81436666666
2017-08-17 09:30:00,86869.45809666667
2017-08-17 10:00:00,90244.78096333332
2017-08-17 10:30:00,93525.57122333335
2017-08-17 11:00:00,95815.27656666667
2017-08-17 11:30:00,98029.92778999999
2017-08-17 12:00:00,98639.90405000001
2017-08-17 12:30:00,99073.26208999999
2017-08-17 13:00:00,100106.09090333333
2017-08-17 13:30:00,99505.36776666668
2017-08-17 14:00:00,98681.05069666666
2017-08-17 14:30:00,97447.98730666668
2017-08-17 15:00:00,96617.33936666667
2017-08-17 15:30:00,95317.43939333333
2017-08-17 16:00:00,93463.11985999999
2017-08-17 16:30:00,92332.05080666667
2017-08-17 17:00:00,92078.83474666666
2017-08-17 17:30:00,92579.53801999999
2017-08-17 18:00:00,94043.64562333333
2017-08-17 18:30:00,98040.34935333334
2017-08-17 19:00:00,114713.95510333334
2017-08-17 19:30:00,126529.42884666666
2017-08-17 20:00:00,125927.61460666666
2017-08-17 20:30:00,123529.77987333333
2017-08-17 21:00:00,120622.39496333334
2017-08-17 21:30:00,118161.48552666667
2017-08-17 22:00:00,114325.48647333332
2017-08-17 22:30:00,109386.90870999999
2017-08-17 23:00:00,104147.56481000001
2017-08-17 23:30:00,98660.32956999999
2017-08-18 00:00:00,93258.41724666666
2017-08-18 00:30:00,87531.88497000001
2017-08-18 01:00:00,82804.36043666666
2017-08-18 01:30:00,78440.13721666667
2017-08-18 02:00:00,75054.39332333334
2017-08-18 02:30:00,72237.2069
2017-08-18 03:00:00,70901.23892000002
2017-08-18 03:30:00,70211.53325666666
2017-08-18 04:00:00,71007.29192333332
2017-08-18 04:30:00,69049.73203999999
2017-08-18 05:00:00,64124.21332
2017-08-18 05:30:00,57549.258200000004
2017-08-18 06:00:00,56864.155473333325
2017-08-18 06:30:00,58361.32308333333
2017-08-18 07:00:00,61356.74319
2017-08-18 07:30:00,64839.62969333333
2017-08-18 08:00:00,70704.52204333333
2017-08-18 08:30:00,76647.46661
2017-08-18 09:00:00,82459.09673666667
2017-08-18 09:30:00,86933.66175666667
2017-08-18 10:00:00,90453.64868666667
2017-08-18 10:30:00,93479.38853666665
2017-08-18 11:00:00,96010.54190333333
2017-08-18 11:30:00,97765.71906666667
2017-08-18 12:00:00,96949.74153
2017-08-18 12:30:00,95506.08934333333
2017-08-18 13:00:00,95983.79273
2017-08-18 13:30:00,96465.82451666666
2017-08-18 14:00:00,95695.90512
2017-08-18 14:30:00,94601.92341666667
2017-08-18 15:00:00,93644.70808999999
2017-08-18 15:30:00,92618.54176666668
2017-08-18 16:00:00,92153.27013666666
2017-08-18 16:30:00,91146.73531333334
2017-08-18 17:00:00,90200.11979333335
2017-08-18 17:30:00,90400.86128999999
2017-08-18 18:00:00,92053.59497333334
2017-08-18 18:30:00,97159.26157666667
2017-08-18 19:00:00,113707.82586666667
2017-08-18 19:30:00,124089.01966666667
2017-08-18 20:00:00,123587.39230999998
2017-08-18 20:30:00,121673.77584333334
2017-08-18 21:00:00,119512.50086666667
2017-08-18 21:30:00,116650.44088000001
2017-08-18 22:00:00,112813.49802666665
2017-08-18 22:30:00,108706.19292666666
2017-08-18 23:00:00,103409.07836333332
2017-08-18 23:30:00,97826.48472666666
2017-08-19 00:00:00,93062.90460333333
2017-08-19 00:30:00,87560.65813666668
2017-08-19 01:00:00,82210.62254333333
2017-08-19 01:30:00,77993.75592666666
2017-08-19 02:00:00,74151.94406333333
2017-08-19 02:30:00,71758.91284
2017-08-19 03:00:00,70438.40080666666
2017-08-19 03:30:00,69775.69803
2017-08-19 04:00:00,70357.42889
2017-08-19 04:30:00,68234.59703
2017-08-19 05:00:00,62370.17387666667
2017-08-19 05:30:00,55945.458366666666
2017-08-19 06:00:00,55249.840926666664
2017-08-19 06:30:00,56294.87627666667
2017-08-19 07:00:00,59932.572393333336
2017-08-19 07:30:00,63940.507796666665
2017-08-19 08:00:00,69084.07896
2017-08-19 08:30:00,74872.87954333333
2017-08-19 09:00:00,79407.20608333334
2017-08-19 09:30:00,84008.09499
2017-08-19 10:00:00,87109.03941333333
2017-08-19 10:30:00,90073.09132666666
2017-08-19 11:00:00,91902.91336
2017-08-19 11:30:00,93382.42678333334
2017-08-19 12:00:00,94356.45143000002
2017-08-19 12:30:00,95086.89372
2017-08-19 13:00:00,95071.22177666666
2017-08-19 13:30:00,94735.30189
2017-08-19 14:00:00,94040.78126666666
2017-08-19 14:30:00,93446.57938666666
2017-08-19 15:00:00,92115.76611000001
2017-08-19 15:30:00,91241.20196666666
2017-08-19 16:00:00,90848.70603666666
2017-08-19 16:30:00,90649.9298
2017-08-19 17:00:00,90409.21674333334
2017-08-19 17:30:00,90547.10841333335
2017-08-19 18:00:00,92043.21199
2017-08-19 18:30:00,97021.75784666666
2017-08-19 19:00:00,114049.97547333334
2017-08-19 19:30:00,123918.07353333333
2017-08-19 20:00:00,122472.03793666667
2017-08-19 20:30:00,121531.94112333334
2017-08-19 21:00:00,119375.03384333332
2017-08-19 21:30:00,116978.94468999999
2017-08-19 22:00:00,112992.13601333334
2017-08-19 22:30:00,108712.05776333333
2017-08-19 23:00:00,103756.10000666666
2017-08-19 23:30:00,97283.73313
2017-08-20 00:00:00,92022.02476333333
2017-08-20 00:30:00,87810.08891333333
2017-08-20 01:00:00,82802.83402666666
2017-08-20 01:30:00,79097.24124
2017-08-20 02:00:00,75845.13345333334
2017-08-20 02:30:00,73369.50845666666
2017-08-20 03:00:00,71119.46457000001
2017-08-20 03:30:00,70288.68001333333
2017-08-20 04:00:00,70684.59729333334
2017-08-20 04:30:00,68001.48848666665
2017-08-20 05:00:00,62527.77609
2017-08-20 05:30:00,55445.81197333334
2017-08-20 06:00:00,53211.299733333326
2017-08-20 06:30:00,53548.83097333333
2017-08-20 07:00:00,55831.14281666667
2017-08-20 07:30:00,59014.91021
2017-08-20 08:00:00,62457.95827
2017-08-20 08:30:00,66485.16923666665
2017-08-20 09:00:00,71350.95635666668
2017-08-20 09:30:00,75400.19859666667
2017-08-20 10:00:00,78996.22542666667
2017-08-20 10:30:00,81228.72486999999
2017-08-20 11:00:00,83549.06852
2017-08-20 11:30:00,85815.27820666667
2017-08-20 12:00:00,86999.88304666667
2017-08-20 12:30:00,87877.5867
2017-08-20 13:00:00,88782.83862333333
2017-08-20 13:30:00,88456.28859000001
2017-08-20 14:00:00,88117.41290333333
2017-08-20 14:30:00,87051.76120333333
2017-08-20 15:00:00,86021.29222333332
2017-08-20 15:30:00,85238.35402666667
2017-08-20 16:00:00,84145.48456666667
2017-08-20 16:30:00,84082.93012333334
2017-08-20 17:00:00,83906.40909666667
2017-08-20 17:30:00,84594.94448
2017-08-20 18:00:00,86268.64998333332
2017-08-20 18:30:00,91714.67957333334
2017-08-20 19:00:00,108454.86485666667
2017-08-20 19:30:00,116528.34093333334
2017-08-20 20:00:00,116360.48547999999
2017-08-20 20:30:00,115146.76935999999
2017-08-20 21:00:00,114066.72258
2017-08-20 21:30:00,111290.56224666668
2017-08-20 22:00:00,108662.89910333331
2017-08-20 22:30:00,104209.99061333334
2017-08-20 23:00:00,99438.02165666666
2017-08-20 23:30:00,93539.72605
2017-08-21 00:00:00,88653.09387333335
2017-08-21 00:30:00,83563.98464333334
2017-08-21 01:00:00,77764.71562333334
2017-08-21 01:30:00,74079.87104333333
2017-08-21 02:00:00,71078.92166666668
2017-08-21 02:30:00,68774.35364666667
2017-08-21 03:00:00,68330.63058
2017-08-21 03:30:00,67884.93941333333
2017-08-21 04:00:00,68073.95373333334
2017-08-21 04:30:00,66292.53076333333
2017-08-21 05:00:00,61813.881786666665
2017-08-21 05:30:00,54485.893566666666
2017-08-21 06:00:00,53407.66777
2017-08-21 06:30:00,54538.62963
2017-08-21 07:00:00,57864.73447333334
2017-08-21 07:30:00,61591.49123666666
2017-08-21 08:00:00,65487.40526000001
2017-08-21 08:30:00,69893.00352333333
2017-08-21 09:00:00,74570.72506333333
2017-08-21 09:30:00,78882.49738333334
2017-08-21 10:00:00,82244.79063666666
2017-08-21 10:30:00,85305.28472333333
2017-08-21 11:00:00,87828.34255666666
2017-08-21 11:30:00,89734.08600000001
2017-08-21 12:00:00,90532.44021333334
2017-08-21 12:30:00,91190.65744
2017-08-21 13:00:00,91014.48044666667
2017-08-21 13:30:00,91565.71246666666
2017-08-21 14:00:00,91160.30603333334
2017-08-21 14:30:00,90668.63225000001
2017-08-21 15:00:00,89378.0883
2017-08-21 15:30:00,88349.56913
2017-08-21 16:00:00,88128.53435000002
2017-08-21 16:30:00,87306.24233
2017-08-21 17:00:00,86929.79608333333
2017-08-21 17:30:00,87148.14991333334
2017-08-21 18:00:00,88978.21371333335
2017-08-21 18:30:00,94510.47216333332
2017-08-21 19:00:00,111281.91559333332
2017-08-21 19:30:00,117308.40424333334
2017-08-21 20:00:00,116429.99663000001
2017-08-21 20:30:00,114190.61807000001
2017-08-21 21:00:00,112091.78810333333
2017-08-21 21:30:00,110072.20723333333
2017-08-21 22:00:00,106206.1687
2017-08-21 22:30:00,102195.52353
2017-08-21 23:00:00,97320.69992333335
2017-08-21 23:30:00,91905.01888666667
2017-08-22 00:00:00,86488.52985666668
2017-08-22 00:30:00,81718.53265333334
2017-08-22 01:00:00,76187.36880333333
2017-08-22 01:30:00,72387.3751
2017-08-22 02:00:00,69651.53292333333
2017-08-22 02:30:00,67190.98898000001
2017-08-22 03:00:00,65759.31300666666
2017-08-22 03:30:00,65104.67936666667
2017-08-22 04:00:00,65975.90296666666
2017-08-22 04:30:00,64654.58104
2017-08-22 05:00:00,59837.136210000004
2017-08-22 05:30:00,54719.00399
2017-08-22 06:00:00,54063.7553
2017-08-22 06:30:00,55210.64119
2017-08-22 07:00:00,59078.25096
2017-08-22 07:30:00,63283.38705333333
2017-08-22 08:00:00,68331.87956333334
2017-08-22 08:30:00,73287.99715666666
2017-08-22 09:00:00,77700.44545
2017-08-22 09:30:00,81608.95584000001
2017-08-22 10:00:00,84227.60444666666
2017-08-22 10:30:00,88072.52147666666
2017-08-22 11:00:00,90416.55211
2017-08-22 11:30:00,92430.8886
2017-08-22 12:00:00,93796.95586333335
2017-08-22 12:30:00,93877.72039333334
2017-08-22 13:00:00,94254.00408666667
2017-08-22 13:30:00,93570.07117000001
2017-08-22 14:00:00,93145.26036333333
2017-08-22 14:30:00,92201.34789666667
2017-08-22 15:00:00,90922.14333666668
2017-08-22 15:30:00,90169.66103
2017-08-22 16:00:00,88941.48465
2017-08-22 16:30:00,87828.33506333333
2017-08-22 17:00:00,86809.51991666667
2017-08-22 17:30:00,87125.53171666666
2017-08-22 18:00:00,88131.61198
2017-08-22 18:30:00,93247.00662
2017-08-22 19:00:00,111485.6224
2017-08-22 19:30:00,118368.18281666667
2017-08-22 20:00:00,117724.85245666666
2017-08-22 20:30:00,114778.98166
2017-08-22 21:00:00,113097.31517666667
2017-08-22 21:30:00,111278.66982333333
2017-08-22 22:00:00,107974.63393333333
2017-08-22 22:30:00,103207.27442000002
2017-08-22 23:00:00,97607.79575666667
2017-08-22 23:30:00,92080.11272666666
2017-08-23 00:00:00,86469.50432
2017-08-23 00:30:00,80724.54790666666
2017-08-23 01:00:00,75676.10963666666
2017-08-23 01:30:00,72218.52653333334
2017-08-23 02:00:00,69081.69033333333
2017-08-23 02:30:00,67388.72232333334
2017-08-23 03:00:00,65959.00505666666
2017-08-23 03:30:00,65860.05830333334
2017-08-23 04:00:00,66894.91725
2017-08-23 04:30:00,65007.436196666655
2017-08-23 05:00:00,60610.33665333333
2017-08-23 05:30:00,54878.66114666666
2017-08-23 06:00:00,54311.19875666666
2017-08-23 06:30:00,55973.32343333333
2017-08-23 07:00:00,59437.65632666667
2017-08-23 07:30:00,62794.16567333334
2017-08-23 08:00:00,67574.28759333334
2017-08-23 08:30:00,73095.26805333333
2017-08-23 09:00:00,77992.70679
2017-08-23 09:30:00,82936.66969666666
2017-08-23 10:00:00,86275.97562666667
2017-08-23 10:30:00,89060.69146666669
2017-08-23 11:00:00,90355.93634333333
2017-08-23 11:30:00,92181.95832666667
2017-08-23 12:00:00,93012.57827
2017-08-23 12:30:00,93475.49945
2017-08-23 13:00:00,93416.55625333334
2017-08-23 13:30:00,93313.39654666667
2017-08-23 14:00:00,92107.01760666666
2017-08-23 14:30:00,91145.98412666668
2017-08-23 15:00:00,90300.80927000001
2017-08-23 15:30:00,88621.21952333332
2017-08-23 16:00:00,88243.78875666666
2017-08-23 16:30:00,87342.11595333334
2017-08-23 17:00:00,86168.56293
2017-08-23 17:30:00,86543.14288333333
2017-08-23 18:00:00,88033.35933333333
2017-08-23 18:30:00,94091.63769
2017-08-23 19:00:00,112187.86797666666
2017-08-23 19:30:00,118256.59358666667
2017-08-23 20:00:00,118156.22714666667
2017-08-23 20:30:00,116245.00391000001
2017-08-23 21:00:00,113194.98252333334
2017-08-23 21:30:00,110145.49301333334
2017-08-23 22:00:00,107195.61572
2017-08-23 22:30:00,103015.15065333333
2017-08-23 23:00:00,97592.40678333334
2017-08-23 23:30:00,92706.74387333333
2017-08-24 00:00:00,85716.77009
2017-08-24 00:30:00,79986.58345666666
2017-08-24 01:00:00,75233.12325666666
2017-08-24 01:30:00,71410.52539333333
2017-08-24 02:00:00,69681.48143666667
2017-08-24 02:30:00,67647.00050333333
2017-08-24 03:00:00,66535.87436333334
2017-08-24 03:30:00,66658.11923
2017-08-24 04:00:00,67239.11941
2017-08-24 04:30:00,65486.05906333334
2017-08-24 05:00:00,61568.474806666665
2017-08-24 05:30:00,55365.2329
2017-08-24 06:00:00,52984.61860666666
2017-08-24 06:30:00,55190.38810666666
2017-08-24 07:00:00,58968.13168666666
2017-08-24 07:30:00,63070.496003333334
2017-08-24 08:00:00,68335.70937
2017-08-24 08:30:00,72475.43302
2017-08-24 09:00:00,76252.80615666666
2017-08-24 09:30:00,80771.16605
2017-08-24 10:00:00,83471.76076666667
2017-08-24 10:30:00,86422.34869666667
2017-08-24 11:00:00,88116.14249
2017-08-24 11:30:00,89003.64861999999
2017-08-24 12:00:00,90501.76290666667
2017-08-24 12:30:00,91756.80540333333
2017-08-24 13:00:00,91172.71057
2017-08-24 13:30:00,91325.64353333332
2017-08-24 14:00:00,90583.30885333334
2017-08-24 14:30:00,89205.87437000002
2017-08-24 15:00:00,87997.78850333334
2017-08-24 15:30:00,87262.82868666666
2017-08-24 16:00:00,86102.24834333333
2017-08-24 16:30:00,85392.25779
2017-08-24 17:00:00,85304.70672666667
2017-08-24 17:30:00,85248.88698666666
2017-08-24 18:00:00,86602.38891
2017-08-24 18:30:00,92803.88396666666
2017-08-24 19:00:00,109963.83529
2017-08-24 19:30:00,115237.50095666666
2017-08-24 20:00:00,114379.74452666666
2017-08-24 20:30:00,113252.8348
2017-08-24 21:00:00,110919.40634333332
2017-08-24 21:30:00,108622.27620000001
2017-08-24 22:00:00,105020.82810333335
2017-08-24 22:30:00,100602.30343000001
2017-08-24 23:00:00,94757.29835
2017-08-24 23:30:00,88884.04054999999
2017-08-25 00:00:00,83941.08251
2017-08-25 00:30:00,79529.70035333333
2017-08-25 01:00:00,74687.31759666667
2017-08-25 01:30:00,68916.8403
2017-08-25 02:00:00,66106.64621666666
2017-08-25 02:30:00,63871.326479999996
2017-08-25 03:00:00,63679.72026666667
2017-08-25 03:30:00,64346.259523333334
2017-08-25 04:00:00,65204.58551333333
2017-08-25 04:30:00,63783.11664
2017-08-25 05:00:00,59838.01735666667
2017-08-25 05:30:00,53855.05651
2017-08-25 06:00:00,52443.47583333333
2017-08-25 06:30:00,54149.92309999999
2017-08-25 07:00:00,56947.32946
2017-08-25 07:30:00,60479.02906333333
2017-08-25 08:00:00,65286.3444
2017-08-25 08:30:00,70017.53951666667
2017-08-25 09:00:00,73487.02136
2017-08-25 09:30:00,79179.12100333335
2017-08-25 10:00:00,83231.85219333332
2017-08-25 10:30:00,85417.47643666666
2017-08-25 11:00:00,87865.12866333332
2017-08-25 11:30:00,89858.37880666666
2017-08-25 12:00:00,89530.89545000001
2017-08-25 12:30:00,88067.17419333333
2017-08-25 13:00:00,87612.23435666667
2017-08-25 13:30:00,88814.98819333334
2017-08-25 14:00:00,88183.38083333331
2017-08-25 14:30:00,88089.19893666667
2017-08-25 15:00:00,86472.93010333333
2017-08-25 15:30:00,85471.53343
2017-08-25 16:00:00,84941.67199
2017-08-25 16:30:00,84280.48528333333
2017-08-25 17:00:00,82509.76693666667
2017-08-25 17:30:00,84790.94459333333
2017-08-25 18:00:00,86614.98130666667
2017-08-25 18:30:00,92495.64150666667
2017-08-25 19:00:00,108882.23761333333
2017-08-25 19:30:00,112542.33561333334
2017-08-25 20:00:00,112088.36869333334
2017-08-25 20:30:00,110507.61355333333
2017-08-25 21:00:00,108921.76974999999
2017-08-25 21:30:00,106597.85031333333
2017-08-25 22:00:00,103591.74578333333
2017-08-25 22:30:00,99445.61300666667
2017-08-25 23:00:00,94352.22974666666
2017-08-25 23:30:00,89216.87947
2017-08-26 00:00:00,83717.2998
2017-08-26 00:30:00,78948.10421
2017-08-26 01:00:00,74394.37186
2017-08-26 01:30:00,70912.59885666666
2017-08-26 02:00:00,68222.13694
2017-08-26 02:30:00,66298.44777000001
2017-08-26 03:00:00,65127.99242333334
2017-08-26 03:30:00,64620.976266666665
2017-08-26 04:00:00,64910.70536
2017-08-26 04:30:00,63856.95401000001
2017-08-26 05:00:00,59488.79571
2017-08-26 05:30:00,53076.58176333333
2017-08-26 06:00:00,51657.821846666666
2017-08-26 06:30:00,52948.65592
2017-08-26 07:00:00,55480.289939999995
2017-08-26 07:30:00,58812.062549999995
2017-08-26 08:00:00,63560.27533
2017-08-26 08:30:00,68154.25729333334
2017-08-26 09:00:00,72474.94442
2017-08-26 09:30:00,76085.14031333334
2017-08-26 10:00:00,79595.73750333334
2017-08-26 10:30:00,82242.50586333334
2017-08-26 11:00:00,84422.33921666666
2017-08-26 11:30:00,86131.99073
2017-08-26 12:00:00,86861.64524333333
2017-08-26 12:30:00,87250.40506666667
2017-08-26 13:00:00,87719.08706666667
2017-08-26 13:30:00,87920.13471666665
2017-08-26 14:00:00,87281.24521666666
2017-08-26 14:30:00,86104.18560000001
2017-08-26 15:00:00,85144.19228999999
2017-08-26 15:30:00,84496.40357
2017-08-26 16:00:00,83884.02740333333
2017-08-26 16:30:00,83122.07217
2017-08-26 17:00:00,82874.28403666666
2017-08-26 17:30:00,83230.75618666667
2017-08-26 18:00:00,85908.50418
2017-08-26 18:30:00,93830.40227333334
2017-08-26 19:00:00,109525.22648999999
2017-08-26 19:30:00,113078.92365000001
2017-08-26 20:00:00,112045.80106666667
2017-08-26 20:30:00,110187.47757333335
2017-08-26 21:00:00,108600.31237333333
2017-08-26 21:30:00,106397.82695999999
2017-08-26 22:00:00,103852.21441999999
2017-08-26 22:30:00,100230.49241333334
2017-08-26 23:00:00,94633.80206999999
2017-08-26 23:30:00,89380.67688
2017-08-27 00:00:00,84181.38920666666
2017-08-27 00:30:00,78928.01797333332
2017-08-27 01:00:00,75180.58332333334
2017-08-27 01:30:00,71723.05000666667
2017-08-27 02:00:00,68472.59268666667
2017-08-27 02:30:00,66872.65934666667
2017-08-27 03:00:00,65988.02377333333
2017-08-27 03:30:00,65402.23696000001
2017-08-27 04:00:00,65688.64649666667
2017-08-27 04:30:00,63944.71440333334
2017-08-27 05:00:00,59902.64362333333
2017-08-27 05:30:00,52129.085106666666
2017-08-27 06:00:00,50047.32912333333
2017-08-27 06:30:00,50627.38708666666
2017-08-27 07:00:00,52667.91384
2017-08-27 07:30:00,54496.14949666667
2017-08-27 08:00:00,58149.62763
2017-08-27 08:30:00,63214.863769999996
2017-08-27 09:00:00,67352.18433333332
2017-08-27 09:30:00,71284.18369666667
2017-08-27 10:00:00,74086.83333666668
2017-08-27 10:30:00,76454.65308999999
2017-08-27 11:00:00,78836.63361
2017-08-27 11:30:00,79762.54166333332
2017-08-27 12:00:00,81144.20752666668
2017-08-27 12:30:00,81979.25829999999
2017-08-27 13:00:00,83051.44588333333
2017-08-27 13:30:00,83239.37564
2017-08-27 14:00:00,82270.57344666666
2017-08-27 14:30:00,81314.66536666667
2017-08-27 15:00:00,80728.22340666667
2017-08-27 15:30:00,79812.64302666667
2017-08-27 16:00:00,79073.02127000001
2017-08-27 16:30:00,78691.77963666666
2017-08-27 17:00:00,78266.92700666666
2017-08-27 17:30:00,78695.85691999999
2017-08-27 18:00:00,81271.85155
2017-08-27 18:30:00,89624.12118333334
2017-08-27 19:00:00,105377.84419333334
2017-08-27 19:30:00,108987.74599666666
2017-08-27 20:00:00,108737.75008333333
2017-08-27 20:30:00,107706.61930333334
2017-08-27 21:00:00,106269.71643666667
2017-08-27 21:30:00,104672.84752999998
2017-08-27 22:00:00,102592.23719666665
2017-08-27 22:30:00,97960.77040666668
2017-08-27 23:00:00,92300.18274999999
2017-08-27 23:30:00,86254.69957666667
2017-08-28 00:00:00,80642.67672
2017-08-28 00:30:00,75447.69455
2017-08-28 01:00:00,71153.63986666668
2017-08-28 01:30:00,67907.52194666666
2017-08-28 02:00:00,66132.65363999999
2017-08-28 02:30:00,64560.64536333334
2017-08-28 03:00:00,63089.353123333334
2017-08-28 03:30:00,62287.83681
2017-08-28 04:00:00,62399.69770333334
2017-08-28 04:30:00,61327.11551666667
2017-08-28 05:00:00,57869.603836666676
2017-08-28 05:30:00,51738.19891
2017-08-28 06:00:00,50645.79006333333
2017-08-28 06:30:00,51909.43084666666
2017-08-28 07:00:00,54693.98127
2017-08-28 07:30:00,58335.783136666665
2017-08-28 08:00:00,63505.590553333335
2017-08-28 08:30:00,67401.24421666667
2017-08-28 09:00:00,70799.52561666667
2017-08-28 09:30:00,74287.61311333334
2017-08-28 10:00:00,76526.27706000001
2017-08-28 10:30:00,78785.71243666667
2017-08-28 11:00:00,81348.68031666667
2017-08-28 11:30:00,83246.17345666666
2017-08-28 12:00:00,84048.38671333333
2017-08-28 12:30:00,84484.16281
2017-08-28 13:00:00,84343.36735
2017-08-28 13:30:00,84538.83708
2017-08-28 14:00:00,84168.08549
2017-08-28 14:30:00,83351.37377
2017-08-28 15:00:00,82760.60309333332
2017-08-28 15:30:00,81677.90909000002
2017-08-28 16:00:00,80517.10097666667
2017-08-28 16:30:00,79807.38844333333
2017-08-28 17:00:00,78925.63663333334
2017-08-28 17:30:00,78420.88742999999
2017-08-28 18:00:00,78811.74783333333
2017-08-28 18:30:00,86577.04874
2017-08-28 19:00:00,102863.5297
2017-08-28 19:30:00,105592.98264333334
2017-08-28 20:00:00,104624.26681666666
2017-08-28 20:30:00,103699.55754666666
2017-08-28 21:00:00,101703.53610333333
2017-08-28 21:30:00,99757.42566999998
2017-08-28 22:00:00,97190.28557666666
2017-08-28 22:30:00,93272.88057
2017-08-28 23:00:00,88193.37451666668
2017-08-28 23:30:00,83155.49198
2017-08-29 00:00:00,77868.52567
2017-08-29 00:30:00,73104.95031
2017-08-29 01:00:00,69067.55132333333
2017-08-29 01:30:00,65964.69526666666
2017-08-29 02:00:00,63518.27106666666
2017-08-29 02:30:00,61589.00112
2017-08-29 03:00:00,60930.0098
2017-08-29 03:30:00,60267.779246666665
2017-08-29 04:00:00,60883.19996666667
2017-08-29 04:30:00,60094.97238666667
2017-08-29 05:00:00,57139.49252333333
2017-08-29 05:30:00,51164.76622
2017-08-29 06:00:00,49247.90145
2017-08-29 06:30:00,50854.26474333333
2017-08-29 07:00:00,53648.64102333333
2017-08-29 07:30:00,56579.77653
2017-08-29 08:00:00,60240.659283333334
2017-08-29 08:30:00,64878.315696666665
2017-08-29 09:00:00,68892.76551666667
2017-08-29 09:30:00,72341.47436000001
2017-08-29 10:00:00,74611.55041333333
2017-08-29 10:30:00,76196.12861666667
2017-08-29 11:00:00,78476.24555333333
2017-08-29 11:30:00,79278.47187000001
2017-08-29 12:00:00,79363.76842333334
2017-08-29 12:30:00,79387.10343333334
2017-08-29 13:00:00,80139.62454333332
2017-08-29 13:30:00,80671.07555
2017-08-29 14:00:00,80279.84853
2017-08-29 14:30:00,79242.17073
2017-08-29 15:00:00,77990.63451
2017-08-29 15:30:00,77681.30286333333
2017-08-29 16:00:00,76575.91513666666
2017-08-29 16:30:00,76402.49592333334
2017-08-29 17:00:00,76806.32455333334
2017-08-29 17:30:00,77453.87422666668
2017-08-29 18:00:00,77829.24703666667
2017-08-29 18:30:00,85196.35736666668
2017-08-29 19:00:00,100497.92760666665
2017-08-29 19:30:00,102903.88158
2017-08-29 20:00:00,102392.79372666667
2017-08-29 20:30:00,101579.16042000001
2017-08-29 21:00:00,100490.35153666667
2017-08-29 21:30:00,98132.08789666666
2017-08-29 22:00:00,94998.22214000001
2017-08-29 22:30:00,90384.56555666665
2017-08-29 23:00:00,84663.78903
2017-08-29 23:30:00,80072.91460333334
2017-08-30 00:00:00,75079.96095333334
2017-08-30 00:30:00,70787.44796333332
2017-08-30 01:00:00,66814.42423666666
2017-08-30 01:30:00,64152.95480666667
2017-08-30 02:00:00,56679.168508750015
2017-08-30 02:30:00,56679.168508750015
2017-08-30 03:00:00,56861.23579125001
2017-08-30 03:30:00,56861.23579125001
2017-08-30 04:00:00,57982.75747624999
2017-08-30 04:30:00,57982.75747624999
2017-08-30 05:00:00,49989.994979999996
2017-08-30 05:30:00,46655.19525333333
2017-08-30 06:00:00,45978.98939041666
2017-08-30 06:30:00,47703.266143333334
2017-08-30 07:00:00,49850.902793333335
2017-08-30 07:30:00,52430.50022333333
2017-08-30 08:00:00,57037.713489999995
2017-08-30 08:30:00,61385.17655666667
2017-08-30 09:00:00,65270.621196666674
2017-08-30 09:30:00,68768.69551333332
2017-08-30 10:00:00,72231.78037083334
2017-08-30 10:30:00,71851.60309083335
2017-08-30 11:00:00,76013.32658625001
2017-08-30 11:30:00,76316.28297416668
2017-08-30 12:00:00,78137.1912675
2017-08-30 12:30:00,78137.1912675
2017-08-30 13:00:00,78374.88769125001
2017-08-30 13:30:00,78374.88769125001
2017-08-30 14:00:00,78260.46801000001
2017-08-30 14:30:00,78260.46801000001
2017-08-30 15:00:00,75263.87348041666
2017-08-30 15:30:00,74736.30160124999
2017-08-30 16:00:00,74402.06859499999
2017-08-30 16:30:00,74402.06859499999
2017-08-30 17:00:00,73013.99342875
2017-08-30 17:30:00,73013.99342875
2017-08-30 18:00:00,77209.06990499998
2017-08-30 18:30:00,82168.15673166666
2017-08-30 19:00:00,96302.64202666667
2017-08-30 19:30:00,98418.75081666668
2017-08-30 20:00:00,99433.20009500002
2017-08-30 20:30:00,99433.20009500002
2017-08-30 21:00:00,95911.85872374999
2017-08-30 21:30:00,95911.85872374999
2017-08-30 22:00:00,91974.36465666666
2017-08-30 22:30:00,88412.54106500001
2017-08-30 23:00:00,83049.77283333334
2017-08-30 23:30:00,78683.57759208333
2017-08-31 00:00:00,72906.41822333333
2017-08-31 00:30:00,69253.75863583335
2017-08-31 01:00:00,63826.78060333334
2017-08-31 01:30:00,61061.59649875001
2017-08-31 02:00:00,58540.23625666666
2017-08-31 02:30:00,57136.54691333333
2017-08-31 03:00:00,57688.75281
2017-08-31 03:30:00,57942.917929999996
2017-08-31 04:00:00,58141.354596666664
2017-08-31 04:30:00,57982.75747624999
2017-08-31 05:00:00,51526.63736666666
2017-08-31 05:30:00,46673.568203333336
2017-08-31 06:00:00,45617.96452124999
2017-08-31 06:30:00,45617.96452124999
2017-08-31 07:00:00,48611.585979999996
2017-08-31 07:30:00,49429.65407333333
2017-08-31 08:00:00,54479.90181000002
2017-08-31 08:30:00,56851.668059999996
2017-08-31 09:00:00,63377.9206475
2017-08-31 09:30:00,63377.9206475
2017-08-31 10:00:00,71757.31734625001
2017-08-31 10:30:00,71757.31734625001
2017-08-31 11:00:00,76013.32658625001
2017-08-31 11:30:00,76013.32658625001
2017-08-31 12:00:00,78137.1912675
2017-08-31 12:30:00,78137.1912675
2017-08-31 13:00:00,78374.88769125001
2017-08-31 13:30:00,78374.88769125001
2017-08-31 14:00:00,78260.46801000001
2017-08-31 14:30:00,78260.46801000001
2017-08-31 15:00:00,74736.30160124999
2017-08-31 15:30:00,74736.30160124999
2017-08-31 16:00:00,74402.06859499999
2017-08-31 16:30:00,74402.06859499999
2017-08-31 17:00:00,73013.99342875
2017-08-31 17:30:00,73013.99342875
2017-08-31 18:00:00,77209.06990499998
2017-08-31 18:30:00,82981.68785
2017-08-31 19:00:00,94435.63418000001
2017-08-31 19:30:00,96047.57619333333
2017-08-31 20:00:00,99433.20009500002
2017-08-31 20:30:00,99433.20009500002
2017-08-31 21:00:00,95911.85872374999
2017-08-31 21:30:00,95911.85872374999
2017-08-31 22:00:00,90471.41155666667
2017-08-31 22:30:00,87791.59268166668
2017-08-31 23:00:00,81511.97787
2017-08-31 23:30:00,77757.96968541665
2017-09-01 00:00:00,71794.03145666666
2017-09-01 00:30:00,66828.86389
2017-09-01 01:00:00,63313.74908
2017-09-01 01:30:00,60160.784606666675
2017-09-01 02:00:00,57595.490706666664
2017-09-01 02:30:00,55929.16626333334
2017-09-01 03:00:00,54154.219990000005
2017-09-01 03:30:00,53550.252426666666
2017-09-01 04:00:00,54140.19583666666
2017-09-01 04:30:00,53816.44650333333
2017-09-01 05:00:00,51473.60181
2017-09-01 05:30:00,46491.636603333325
2017-09-01 06:00:00,46702.21629333333
2017-09-01 06:30:00,49420.451193333334
2017-09-01 07:00:00,52117.913100000005
2017-09-01 07:30:00,54405.06641333333
2017-09-01 08:00:00,53061.300996666665
2017-09-01 08:30:00,52506.71837333334
2017-09-01 09:00:00,55171.430568750024
2017-09-01 09:30:00,55171.430568750024
2017-09-01 10:00:00,60605.56488874999
2017-09-01 10:30:00,60605.56488874999
2017-09-01 11:00:00,64675.652101250016
2017-09-01 11:30:00,64675.652101250016
2017-09-01 12:00:00,67371.11562000003
2017-09-01 12:30:00,67371.11562000003
2017-09-01 13:00:00,69022.89031
2017-09-01 13:30:00,69022.89031
2017-09-01 14:00:00,68075.35195125
2017-09-01 14:30:00,68075.35195125
2017-09-01 15:00:00,66416.70920499999
2017-09-01 15:30:00,66416.70920499999
2017-09-01 16:00:00,63442.63782625
2017-09-01 16:30:00,63442.63782625
2017-09-01 17:00:00,63888.55790749999
2017-09-01 17:30:00,63888.55790749999
2017-09-01 18:00:00,60314.15684666667
2017-09-01 18:30:00,69102.89249333333
2017-09-01 19:00:00,90559.55671750002
2017-09-01 19:30:00,90559.55671750002
2017-09-01 20:00:00,87635.14405750002
2017-09-01 20:30:00,87635.14405750002
2017-09-01 21:00:00,84852.16472333334
2017-09-01 21:30:00,84114.22451999999
2017-09-01 22:00:00,82695.92534333334
2017-09-01 22:30:00,79665.56934
2017-09-01 23:00:00,76272.19118000001
2017-09-01 23:30:00,72281.46446666667
2017-09-02 00:00:00,68536.55606
2017-09-02 00:30:00,64761.61632333333
2017-09-02 01:00:00,61661.12520666667
2017-09-02 01:30:00,59083.518103333336
2017-09-02 02:00:00,57108.44097333334
2017-09-02 02:30:00,56046.65035333333
2017-09-02 03:00:00,55277.83179999999
2017-09-02 03:30:00,55351.25852666667
2017-09-02 04:00:00,55731.30824333333
2017-09-02 04:30:00,55274.77006
2017-09-02 05:00:00,51955.107313333334
2017-09-02 05:30:00,44815.24222666666
2017-09-02 06:00:00,42064.31098
2017-09-02 06:30:00,42396.749650000005
2017-09-02 07:00:00,43094.98577666667
2017-09-02 07:30:00,44727.89157666667
2017-09-02 08:00:00,46994.747643333336
2017-09-02 08:30:00,50492.08447
2017-09-02 09:00:00,53165.43977
2017-09-02 09:30:00,56016.9117
2017-09-02 10:00:00,58006.876156666665
2017-09-02 10:30:00,59839.04183666667
2017-09-02 11:00:00,61364.53461333333
2017-09-02 11:30:00,62581.89580333334
2017-09-02 12:00:00,63719.55912666666
2017-09-02 12:30:00,64944.94814666667
2017-09-02 13:00:00,66337.31662333333
2017-09-02 13:30:00,66546.94683666667
2017-09-02 14:00:00,66589.9287
2017-09-02 14:30:00,66747.81181666667
2017-09-02 15:00:00,66739.42914666666
2017-09-02 15:30:00,66591.69221666666
2017-09-02 16:00:00,65873.13867666667
2017-09-02 16:30:00,65141.864303333336
2017-09-02 17:00:00,65272.48178
2017-09-02 17:30:00,65496.00949
2017-09-02 18:00:00,66970.00707666668
2017-09-02 18:30:00,75696.39393
2017-09-02 19:00:00,88792.04873333331
2017-09-02 19:30:00,90316.05406
2017-09-02 20:00:00,90068.92088666667
2017-09-02 20:30:00,89505.41102
2017-09-02 21:00:00,90202.32416333334
2017-09-02 21:30:00,89119.28603
2017-09-02 22:00:00,88007.35542666668
2017-09-02 22:30:00,84918.65123666667
2017-09-02 23:00:00,81105.88716666667
2017-09-02 23:30:00,76848.08314333334
2017-09-03 00:00:00,72864.47533333332
2017-09-03 00:30:00,69166.89264666667
2017-09-03 01:00:00,66350.81768666666
2017-09-03 01:30:00,64081.26719666666
2017-09-03 02:00:00,60311.01985416667
2017-09-03 02:30:00,59145.63496999999
2017-09-03 03:00:00,57772.44139999999
2017-09-03 03:30:00,57772.44139999999
2017-09-03 04:00:00,57773.32137333334
2017-09-03 04:30:00,57311.68524333333
2017-09-03 05:00:00,54663.10569999999
2017-09-03 05:30:00,48497.12289
2017-09-03 06:00:00,45387.55589333333
2017-09-03 06:30:00,45063.04965333334
2017-09-03 07:00:00,46354.96581
2017-09-03 07:30:00,48037.91655666666
2017-09-03 08:00:00,50191.673213333335
2017-09-03 08:30:00,53243.61673333333
2017-09-03 09:00:00,56370.019173333334
2017-09-03 09:30:00,59046.836773333336
2017-09-03 10:00:00,61969.74548333333
2017-09-03 10:30:00,63751.36236
2017-09-03 11:00:00,65136.86851666667
2017-09-03 11:30:00,66077.94304333332
2017-09-03 12:00:00,67441.05831666668
2017-09-03 12:30:00,68062.94609666667
2017-09-03 13:00:00,68603.00014666667
2017-09-03 13:30:00,68435.94577
2017-09-03 14:00:00,67761.30748
2017-09-03 14:30:00,66577.57939666667
2017-09-03 15:00:00,65351.756779999996
2017-09-03 15:30:00,64418.90294
2017-09-03 16:00:00,63747.281416666665
2017-09-03 16:30:00,62763.30583333334
2017-09-03 17:00:00,62166.68472
2017-09-03 17:30:00,62025.89920000001
2017-09-03 18:00:00,63757.639806666666
2017-09-03 18:30:00,73359.26740999999
2017-09-03 19:00:00,86602.75643
2017-09-03 19:30:00,88664.34784666666
2017-09-03 20:00:00,88810.32607999998
2017-09-03 20:30:00,88459.27167
2017-09-03 21:00:00,88325.72856999999
2017-09-03 21:30:00,86814.23527666666
2017-09-03 22:00:00,84250.53344333333
2017-09-03 22:30:00,81447.0809
2017-09-03 23:00:00,77167.75119333334
2017-09-03 23:30:00,73034.66219666666
2017-09-04 00:00:00,67934.46907666666
2017-09-04 00:30:00,64378.36745666667
2017-09-04 01:00:00,61293.93703
2017-09-04 01:30:00,58467.6029
2017-09-04 02:00:00,57046.29429666667
2017-09-04 02:30:00,55850.802599999995
2017-09-04 03:00:00,55124.81095333333
2017-09-04 03:30:00,54788.34137
2017-09-04 04:00:00,55157.47901
2017-09-04 04:30:00,54578.467280000004
2017-09-04 05:00:00,52135.23524
2017-09-04 05:30:00,45883.02416708333
2017-09-04 06:00:00,44747.51335237501
2017-09-04 06:30:00,44747.51335237501
2017-09-04 07:00:00,46414.69197666666
2017-09-04 07:30:00,49406.922366666666
2017-09-04 08:00:00,52248.128946666664
2017-09-04 08:30:00,55197.14514666667
2017-09-04 09:00:00,58928.173643333335
2017-09-04 09:30:00,62105.313876666674
2017-09-04 10:00:00,64708.97187666667
2017-09-04 10:30:00,66858.31514333334
2017-09-04 11:00:00,68251.65725999999
2017-09-04 11:30:00,69819.69265666667
2017-09-04 12:00:00,71505.87448333333
2017-09-04 12:30:00,71657.64139666666
2017-09-04 13:00:00,73291.35714
2017-09-04 13:30:00,73263.34240333333
2017-09-04 14:00:00,71999.05802666667
2017-09-04 14:30:00,70749.51456
2017-09-04 15:00:00,69297.74390333334
2017-09-04 15:30:00,68012.43762
2017-09-04 16:00:00,67197.57982333332
2017-09-04 16:30:00,66231.22457
2017-09-04 17:00:00,65880.37036666667
2017-09-04 17:30:00,66063.27363333333
2017-09-04 18:00:00,67847.46480333334
2017-09-04 18:30:00,76282.08735
2017-09-04 19:00:00,90559.55671750002
2017-09-04 19:30:00,90559.55671750002
2017-09-04 20:00:00,91147.66835666668
2017-09-04 20:30:00,91591.73605666666
2017-09-04 21:00:00,90900.40814333333
2017-09-04 21:30:00,89634.90968
2017-09-04 22:00:00,86819.72842666667
2017-09-04 22:30:00,82483.28833666666
2017-09-04 23:00:00,78062.45762666666
2017-09-04 23:30:00,74217.14207
2017-09-05 00:00:00,69921.97804333334
2017-09-05 00:30:00,65159.599143333326
2017-09-05 01:00:00,62268.336050000005
2017-09-05 01:30:00,59456.74151666666
2017-09-05 02:00:00,57874.92941666667
2017-09-05 02:30:00,56598.44992666666
2017-09-05 03:00:00,55727.913413333335
2017-09-05 03:30:00,55366.721770000004
2017-09-05 04:00:00,55244.200840000005
2017-09-05 04:30:00,55037.975340000005
2017-09-05 05:00:00,53189.245919999994
2017-09-05 05:30:00,47174.900526666665
2017-09-05 06:00:00,44747.51335237501
2017-09-05 06:30:00,45003.86899491667
2017-09-05 07:00:00,47391.47811
2017-09-05 07:30:00,50003.758250000006
2017-09-05 08:00:00,53135.29715
2017-09-05 08:30:00,56434.69657666667
2017-09-05 09:00:00,60526.49205666667
2017-09-05 09:30:00,64319.14601999999
2017-09-05 10:00:00,67013.28406333334
2017-09-05 10:30:00,69085.18591666667
2017-09-05 11:00:00,70699.12726333334
2017-09-05 11:30:00,72451.37822
2017-09-05 12:00:00,73412.97800333332
2017-09-05 12:30:00,74265.95535
2017-09-05 13:00:00,74240.16467000001
2017-09-05 13:30:00,74147.33793333334
2017-09-05 14:00:00,73389.30814333334
2017-09-05 14:30:00,72374.49138666666
2017-09-05 15:00:00,71057.78848666667
2017-09-05 15:30:00,69596.99249
2017-09-05 16:00:00,68840.34749333333
2017-09-05 16:30:00,68356.06873666667
2017-09-05 17:00:00,68023.08598
2017-09-05 17:30:00,68470.93265666667
2017-09-05 18:00:00,70642.09218666668
2017-09-05 18:30:00,80185.56033
2017-09-05 19:00:00,92390.59988916665
2017-09-05 19:30:00,93618.10746666667
2017-09-05 20:00:00,93070.53847000001
2017-09-05 20:30:00,92386.98824666666
2017-09-05 21:00:00,92891.42904333334
2017-09-05 21:30:00,91585.90654
2017-09-05 22:00:00,89456.04403666667
2017-09-05 22:30:00,84905.06088
2017-09-05 23:00:00,80143.22707333334
2017-09-05 23:30:00,74540.91206333334
2017-09-06 00:00:00,70299.91687666667
2017-09-06 00:30:00,66366.97069666667
2017-09-06 01:00:00,63314.61566666666
2017-09-06 01:30:00,61213.337106666666
2017-09-06 02:00:00,59209.462283333334
2017-09-06 02:30:00,57926.36475000001
2017-09-06 03:00:00,56932.03705333333
2017-09-06 03:30:00,56344.355740000006
2017-09-06 04:00:00,56330.080186666666
2017-09-06 04:30:00,56368.87022666667
2017-09-06 05:00:00,54256.960643333325
2017-09-06 05:30:00,48497.57421
2017-09-06 06:00:00,46416.36470666667
2017-09-06 06:30:00,47365.37130666667
2017-09-06 07:00:00,50360.18876
2017-09-06 07:30:00,49447.70775666666
2017-09-06 08:00:00,52179.950769999996
2017-09-06 08:30:00,56225.315506666666
2017-09-06 09:00:00,60154.04859666667
2017-09-06 09:30:00,63472.30932666667
2017-09-06 10:00:00,65878.65754333332
2017-09-06 10:30:00,67581.19739666667
2017-09-06 11:00:00,68921.71419
2017-09-06 11:30:00,71105.93745666667
2017-09-06 12:00:00,72494.80654666666
2017-09-06 12:30:00,72874.17872666667
2017-09-06 13:00:00,73368.87311
2017-09-06 13:30:00,73501.76367666667
2017-09-06 14:00:00,72677.34610000001
2017-09-06 14:30:00,71652.07956666667
2017-09-06 15:00:00,70285.22564
2017-09-06 15:30:00,69098.48706333333
2017-09-06 16:00:00,68541.48864666666
2017-09-06 16:30:00,68102.51996
2017-09-06 17:00:00,68660.64265333333
2017-09-06 17:30:00,69200.63950333332
2017-09-06 18:00:00,72188.33880000001
2017-09-06 18:30:00,84087.16559666667
2017-09-06 19:00:00,95816.74190666666
2017-09-06 19:30:00,97950.46603
2017-09-06 20:00:00,97255.36029333335
2017-09-06 20:30:00,96833.31384333334
2017-09-06 21:00:00,95516.03855666665
2017-09-06 21:30:00,93391.50036
2017-09-06 22:00:00,90289.43807333331
2017-09-06 22:30:00,85296.52775333334
2017-09-06 23:00:00,79684.78522666666
2017-09-06 23:30:00,74876.38179
2017-09-07 00:00:00,70909.28262666667
2017-09-07 00:30:00,67179.46857000001
2017-09-07 01:00:00,64616.43230666666
2017-09-07 01:30:00,62048.729913333336
2017-09-07 02:00:00,60190.23773
2017-09-07 02:30:00,59113.13921666667
2017-09-07 03:00:00,58766.20097
2017-09-07 03:30:00,58039.257260000006
2017-09-07 04:00:00,58183.48067
2017-09-07 04:30:00,58573.52585666667
2017-09-07 05:00:00,56636.08588666667
2017-09-07 05:30:00,50670.340003333324
2017-09-07 06:00:00,48605.43841466666
2017-09-07 06:30:00,49463.83731066666
2017-09-07 07:00:00,52212.97248333334
2017-09-07 07:30:00,55378.02241
2017-09-07 08:00:00,59443.043256666664
2017-09-07 08:30:00,62874.527916666666
2017-09-07 09:00:00,66684.84389666666
2017-09-07 09:30:00,69757.68034
2017-09-07 10:00:00,72289.69483666666
2017-09-07 10:30:00,73667.26270333334
2017-09-07 11:00:00,75172.12003
2017-09-07 11:30:00,76710.72249666667
2017-09-07 12:00:00,76808.17932333333
2017-09-07 12:30:00,76667.83475
2017-09-07 13:00:00,76698.16947000001
2017-09-07 13:30:00,76922.40000000001
2017-09-07 14:00:00,76236.95632666668
2017-09-07 14:30:00,75493.74978333333
2017-09-07 15:00:00,74931.75673333333
2017-09-07 15:30:00,74297.21652999999
2017-09-07 16:00:00,72882.57858333334
2017-09-07 16:30:00,72406.85266333334
2017-09-07 17:00:00,72516.00441333333
2017-09-07 17:30:00,72998.27828333333
2017-09-07 18:00:00,76015.12312333334
2017-09-07 18:30:00,87019.5161
2017-09-07 19:00:00,97548.05032666666
2017-09-07 19:30:00,98709.79595333333
2017-09-07 20:00:00,98436.89444333332
2017-09-07 20:30:00,97350.91964333334
2017-09-07 21:00:00,95773.91708666668
2017-09-07 21:30:00,93566.86122333334
2017-09-07 22:00:00,89874.29381
2017-09-07 22:30:00,85549.6242
2017-09-07 23:00:00,78942.35601999999
2017-09-07 23:30:00,74488.06004333335
2017-09-08 00:00:00,71004.16178666666
2017-09-08 00:30:00,67305.17263333334
2017-09-08 01:00:00,64207.77067666667
2017-09-08 01:30:00,62313.44530666667
2017-09-08 02:00:00,60798.05343333333
2017-09-08 02:30:00,59662.195003333334
2017-09-08 03:00:00,57918.87047666666
2017-09-08 03:30:00,58225.86653666666
2017-09-08 04:00:00,58285.44579666667
2017-09-08 04:30:00,58681.79283666667
2017-09-08 05:00:00,56388.27529333334
2017-09-08 05:30:00,51308.36400666666
2017-09-08 06:00:00,49767.17557666666
2017-09-08 06:30:00,50483.230110000004
2017-09-08 07:00:00,52617.81506666667
2017-09-08 07:30:00,55843.56386
2017-09-08 08:00:00,59207.405483333336
2017-09-08 08:30:00,62605.30801
2017-09-08 09:00:00,66392.64505333333
2017-09-08 09:30:00,70534.02625333333
2017-09-08 10:00:00,72487.7919
2017-09-08 10:30:00,74445.45013
2017-09-08 11:00:00,75978.25987666666
2017-09-08 11:30:00,77625.51949333334
2017-09-08 12:00:00,77311.58826
2017-09-08 12:30:00,76260.21313666667
2017-09-08 13:00:00,76663.37471
2017-09-08 13:30:00,76967.47834666667
2017-09-08 14:00:00,76082.75929666667
2017-09-08 14:30:00,74971.95924
2017-09-08 15:00:00,73695.62166333334
2017-09-08 15:30:00,73029.18002666667
2017-09-08 16:00:00,72473.00680666667
2017-09-08 16:30:00,71931.09509666667
2017-09-08 17:00:00,71591.42678
2017-09-08 17:30:00,72172.42378333333
2017-09-08 18:00:00,74930.21140666665
2017-09-08 18:30:00,86977.8718
2017-09-08 19:00:00,97739.24050999999
2017-09-08 19:30:00,98799.57593666668
2017-09-08 20:00:00,97779.34742333333
2017-09-08 20:30:00,96507.66417333332
2017-09-08 21:00:00,95484.70950666668
2017-09-08 21:30:00,93596.53098
2017-09-08 22:00:00,90569.21259333333
2017-09-08 22:30:00,86284.16877
2017-09-08 23:00:00,81467.15239
2017-09-08 23:30:00,76506.19283333333
2017-09-09 00:00:00,72095.82396
2017-09-09 00:30:00,68474.83771333333
2017-09-09 01:00:00,65674.31843
2017-09-09 01:30:00,62706.83648
2017-09-09 02:00:00,60463.23266250002
2017-09-09 02:30:00,60255.96909500001
2017-09-09 03:00:00,57772.44139999999
2017-09-09 03:30:00,57772.44139999999
2017-09-09 04:00:00,59525.38601333333
2017-09-09 04:30:00,59457.32929666666
2017-09-09 05:00:00,57541.73099333333
2017-09-09 05:30:00,50904.12365
2017-09-09 06:00:00,48014.719359999996
2017-09-09 06:30:00,48376.45155666667
2017-09-09 07:00:00,50517.92995333333
2017-09-09 07:30:00,52836.35033000001
2017-09-09 08:00:00,55574.46555
2017-09-09 08:30:00,59325.687013333336
2017-09-09 09:00:00,63021.13107333333
2017-09-09 09:30:00,66490.61277333333
2017-09-09 10:00:00,69113.04149666667
2017-09-09 10:30:00,71097.18858333334
2017-09-09 11:00:00,72422.36052
2017-09-09 11:30:00,73720.45863666666
2017-09-09 12:00:00,74433.19312
2017-09-09 12:30:00,74693.66492666666
2017-09-09 13:00:00,75266.74046666667
2017-09-09 13:30:00,74906.21932666667
2017-09-09 14:00:00,73960.69841666667
2017-09-09 14:30:00,72799.24411000001
2017-09-09 15:00:00,71780.34956666666
2017-09-09 15:30:00,70707.94046
2017-09-09 16:00:00,69906.86723333334
2017-09-09 16:30:00,69611.77055333334
2017-09-09 17:00:00,69238.63246000001
2017-09-09 17:30:00,69265.91802666667
2017-09-09 18:00:00,72460.09872
2017-09-09 18:30:00,85523.05186333334
2017-09-09 19:00:00,95290.65421333333
2017-09-09 19:30:00,95321.51551333333
2017-09-09 20:00:00,93744.32914666667
2017-09-09 20:30:00,93089.24648666667
2017-09-09 21:00:00,90883.57959
2017-09-09 21:30:00,88644.00261333333
2017-09-09 22:00:00,85762.78313666667
2017-09-09 22:30:00,81465.99242000001
2017-09-09 23:00:00,76581.00111333333
2017-09-09 23:30:00,71749.53581
2017-09-10 00:00:00,66633.23460000001
2017-09-10 00:30:00,62920.84169666667
2017-09-10 01:00:00,60194.54636
2017-09-10 01:30:00,58289.4209
2017-09-10 02:00:00,56827.60793333334
2017-09-10 02:30:00,55432.438839999995
2017-09-10 03:00:00,54838.92640333334
2017-09-10 03:30:00,54417.46106333333
2017-09-10 04:00:00,54405.952320000004
2017-09-10 04:30:00,54557.104133333334
2017-09-10 05:00:00,52486.36089
2017-09-10 05:30:00,45447.393390666664
2017-09-10 06:00:00,41990.10961533333
2017-09-10 06:30:00,42197.545024666666
2017-09-10 07:00:00,43848.85306433334
2017-09-10 07:30:00,45798.34689333333
2017-09-10 08:00:00,48762.233596666665
2017-09-10 08:30:00,52085.270950000006
2017-09-10 09:00:00,55514.710640000005
2017-09-10 09:30:00,58783.09034999999
2017-09-10 10:00:00,61730.65181666667
2017-09-10 10:30:00,63728.83627
2017-09-10 11:00:00,65063.43783
2017-09-10 11:30:00,66269.99538666666
2017-09-10 12:00:00,66907.29876333334
2017-09-10 12:30:00,67361.51941000001
2017-09-10 13:00:00,68819.06173333332
2017-09-10 13:30:00,68864.82932333334
2017-09-10 14:00:00,68267.92854666666
2017-09-10 14:30:00,67926.18359666667
2017-09-10 15:00:00,66779.41100000001
2017-09-10 15:30:00,66032.14469666667
2017-09-10 16:00:00,65589.18796333333
2017-09-10 16:30:00,65166.433236666664
2017-09-10 17:00:00,65003.45983
2017-09-10 17:30:00,65432.76820666667
2017-09-10 18:00:00,68438.20165333332
2017-09-10 18:30:00,80508.21306333334
2017-09-10 19:00:00,90522.44483666668
2017-09-10 19:30:00,91827.93447666666
2017-09-10 20:00:00,91933.89344333333
2017-09-10 20:30:00,92289.65464333333
2017-09-10 21:00:00,91794.14327
2017-09-10 21:30:00,89715.39244333333
2017-09-10 22:00:00,85606.07945
2017-09-10 22:30:00,79974.71520333334
2017-09-10 23:00:00,74685.66384666668
2017-09-10 23:30:00,69616.90448000001
2017-09-11 00:00:00,65425.933970000006
2017-09-11 00:30:00,62060.21912
2017-09-11 01:00:00,59829.34330666667
2017-09-11 01:30:00,57903.832246666665
2017-09-11 02:00:00,56444.33898333333
2017-09-11 02:30:00,55330.13846666666
2017-09-11 03:00:00,55207.79826333333
2017-09-11 03:30:00,54888.4081
2017-09-11 04:00:00,55711.13646
2017-09-11 04:30:00,56410.52238333333
2017-09-11 05:00:00,54746.94292
2017-09-11 05:30:00,50233.62829033333
2017-09-11 06:00:00,48974.206426
2017-09-11 06:30:00,49378.082142
2017-09-11 07:00:00,51692.008385
2017-09-11 07:30:00,54730.609551
2017-09-11 08:00:00,57765.223607333326
2017-09-11 08:30:00,60217.65143333334
2017-09-11 09:00:00,63945.03363666667
2017-09-11 09:30:00,67248.97473666667
2017-09-11 10:00:00,69572.24773
2017-09-11 10:30:00,71340.03536333334
2017-09-11 11:00:00,72406.49853333333
2017-09-11 11:30:00,73292.46626
2017-09-11 12:00:00,74428.75095
2017-09-11 12:30:00,75392.41082
2017-09-11 13:00:00,75174.12539333334
2017-09-11 13:30:00,74558.51801666667
2017-09-11 14:00:00,74003.00985666667
2017-09-11 14:30:00,73765.99098
2017-09-11 15:00:00,72531.56486333333
2017-09-11 15:30:00,71646.07212000001
2017-09-11 16:00:00,70488.75964
2017-09-11 16:30:00,70149.65836666666
2017-09-11 17:00:00,70228.58818666666
2017-09-11 17:30:00,70993.84486666667
2017-09-11 18:00:00,74447.41827666666
2017-09-11 18:30:00,87693.32279333333
2017-09-11 19:00:00,95934.00158666668
2017-09-11 19:30:00,96306.11844666667
2017-09-11 20:00:00,95706.87340666668
2017-09-11 20:30:00,94647.54128666666
2017-09-11 21:00:00,91969.67747333333
2017-09-11 21:30:00,89399.17365666667
2017-09-11 22:00:00,85248.10323666666
2017-09-11 22:30:00,80659.53642666666
2017-09-11 23:00:00,74488.61852999999
2017-09-11 23:30:00,69660.97076
2017-09-12 00:00:00,66244.64843
2017-09-12 00:30:00,62666.39565333333
2017-09-12 01:00:00,59820.236990000005
2017-09-12 01:30:00,58195.71735
2017-09-12 02:00:00,56702.76601666667
2017-09-12 02:30:00,55823.60521666667
2017-09-12 03:00:00,55251.416633333334
2017-09-12 03:30:00,54951.61458666666
2017-09-12 04:00:00,55586.64206333334
2017-09-12 04:30:00,56665.65430666666
2017-09-12 05:00:00,55398.49291333333
2017-09-12 05:30:00,50982.16591666667
2017-09-12 06:00:00,49943.372999666666
2017-09-12 06:30:00,50475.76796
2017-09-12 07:00:00,53152.45127666667
2017-09-12 07:30:00,55659.10490333333
2017-09-12 08:00:00,59309.52761
2017-09-12 08:30:00,62234.18422666667
2017-09-12 09:00:00,65533.16154333333
2017-09-12 09:30:00,68951.11106000001
2017-09-12 10:00:00,71877.07274
2017-09-12 10:30:00,74007.97690333333
2017-09-12 11:00:00,75325.98523333333
2017-09-12 11:30:00,76596.46543333335
2017-09-12 12:00:00,77235.62131
2017-09-12 12:30:00,77330.09505666666
2017-09-12 13:00:00,77221.33034333333
2017-09-12 13:30:00,77191.38306000001
2017-09-12 14:00:00,77135.26658
2017-09-12 14:30:00,76141.10858
2017-09-12 15:00:00,75663.40262
2017-09-12 15:30:00,74907.34936333333
2017-09-12 16:00:00,73802.50146333333
2017-09-12 16:30:00,73005.09932666666
2017-09-12 17:00:00,72877.99897666667
2017-09-12 17:30:00,74141.98408000001
2017-09-12 18:00:00,77215.63829666667
2017-09-12 18:30:00,90205.81816666666
2017-09-12 19:00:00,97600.64820333333
2017-09-12 19:30:00,97910.57218999999
2017-09-12 20:00:00,97280.87613333335
2017-09-12 20:30:00,96934.22618
2017-09-12 21:00:00,95475.44887666668
2017-09-12 21:30:00,92520.32167333334
2017-09-12 22:00:00,88985.38789
2017-09-12 22:30:00,83336.68700666666
2017-09-12 23:00:00,77351.66579
2017-09-12 23:30:00,72374.02248666667
2017-09-13 00:00:00,68172.32081666666
2017-09-13 00:30:00,64988.15565
2017-09-13 01:00:00,62526.477646666666
2017-09-13 01:30:00,60320.90211999999
2017-09-13 02:00:00,58843.30508666666
2017-09-13 02:30:00,57814.93132
2017-09-13 03:00:00,57467.30408
2017-09-13 03:30:00,57138.78489333333
2017-09-13 04:00:00,57387.60440666667
2017-09-13 04:30:00,58822.72227666667
2017-09-13 05:00:00,57889.316576666664
2017-09-13 05:30:00,53109.99746666666
2017-09-13 06:00:00,52386.49274666666
2017-09-13 06:30:00,53273.85765333333
2017-09-13 07:00:00,55261.00301333333
2017-09-13 07:30:00,58506.17624
2017-09-13 08:00:00,61428.24045666666
2017-09-13 08:30:00,64966.28198333333
2017-09-13 09:00:00,68212.61820333333
2017-09-13 09:30:00,71436.60465666668
2017-09-13 10:00:00,73893.21537333333
2017-09-13 10:30:00,75463.64225
2017-09-13 11:00:00,76905.24706333333
2017-09-13 11:30:00,78118.53571333333
2017-09-13 12:00:00,79289.13740333334
2017-09-13 12:30:00,79246.97242333333
2017-09-13 13:00:00,79402.60677
2017-09-13 13:30:00,78946.56272666667
2017-09-13 14:00:00,78563.38898999999
2017-09-13 14:30:00,78172.26726666666
2017-09-13 15:00:00,77162.0707
2017-09-13 15:30:00,76238.51361000001
2017-09-13 16:00:00,75270.84636666666
2017-09-13 16:30:00,74684.81104333333
2017-09-13 17:00:00,74298.21754333335
2017-09-13 17:30:00,75329.63611
2017-09-13 18:00:00,79611.70130333334
2017-09-13 18:30:00,93150.51741000001
2017-09-13 19:00:00,100037.00254999999
2017-09-13 19:30:00,100084.23986333334
2017-09-13 20:00:00,99059.49236999999
2017-09-13 20:30:00,98011.71125666668
2017-09-13 21:00:00,95681.49609666667
2017-09-13 21:30:00,91967.11958
2017-09-13 22:00:00,87611.84152999999
2017-09-13 22:30:00,82059.86638666666
2017-09-13 23:00:00,77043.55102
2017-09-13 23:30:00,71728.70810999999
2017-09-14 00:00:00,67537.27887666666
2017-09-14 00:30:00,64529.53357333333
2017-09-14 01:00:00,61969.72659333333
2017-09-14 01:30:00,60271.444279999996
2017-09-14 02:00:00,58765.10942666667
2017-09-14 02:30:00,58142.27302666666
2017-09-14 03:00:00,57244.33445
2017-09-14 03:30:00,57242.24906666667
2017-09-14 04:00:00,57382.48972333333
2017-09-14 04:30:00,58464.71563333333
2017-09-14 05:00:00,56974.70497666666
2017-09-14 05:30:00,52500.64038333334
2017-09-14 06:00:00,51428.16506
2017-09-14 06:30:00,52490.13055666666
2017-09-14 07:00:00,55076.647789999995
2017-09-14 07:30:00,58260.85428666667
2017-09-14 08:00:00,61489.675593333326
2017-09-14 08:30:00,64843.11122666667
2017-09-14 09:00:00,68158.17240666666
2017-09-14 09:30:00,71500.90525666667
2017-09-14 10:00:00,74424.03815333334
2017-09-14 10:30:00,76595.70407666666
2017-09-14 11:00:00,77658.5173
2017-09-14 11:30:00,79438.07100333333
2017-09-14 12:00:00,80974.59224333333
2017-09-14 12:30:00,80280.75347
2017-09-14 13:00:00,80380.47579000001
2017-09-14 13:30:00,80302.29603000001
2017-09-14 14:00:00,79663.37534125
2017-09-14 14:30:00,79049.89107333333
2017-09-14 15:00:00,77681.80835666666
2017-09-14 15:30:00,76675.56438
2017-09-14 16:00:00,75554.14004000001
2017-09-14 16:30:00,75111.25514333333
2017-09-14 17:00:00,74562.95798333333
2017-09-14 17:30:00,75379.02263
2017-09-14 18:00:00,78369.19789666666
2017-09-14 18:30:00,92327.18272
2017-09-14 19:00:00,97396.51883666667
2017-09-14 19:30:00,97548.74319
2017-09-14 20:00:00,97933.03375666666
2017-09-14 20:30:00,96595.27835
2017-09-14 21:00:00,94089.43427666667
2017-09-14 21:30:00,89865.13578000001
2017-09-14 22:00:00,85098.44714333332
2017-09-14 22:30:00,79556.62975000001
2017-09-14 23:00:00,74501.12175666667
2017-09-14 23:30:00,69739.14920666667
2017-09-15 00:00:00,65927.95719666667
2017-09-15 00:30:00,62850.48711666666
2017-09-15 01:00:00,60831.35175
2017-09-15 01:30:00,59296.54231333333
2017-09-15 02:00:00,58371.40561666668
2017-09-15 02:30:00,57211.95008
2017-09-15 03:00:00,56720.50438666666
2017-09-15 03:30:00,56602.269739999996
2017-09-15 04:00:00,56914.53013666667
2017-09-15 04:30:00,57729.78717
2017-09-15 05:00:00,56396.06635666667
2017-09-15 05:30:00,52084.617146666664
2017-09-15 06:00:00,51139.083527333336
2017-09-15 06:30:00,51441.97796133333
2017-09-15 07:00:00,53454.558195666665
2017-09-15 07:30:00,56522.27636333334
2017-09-15 08:00:00,60106.188683333334
2017-09-15 08:30:00,63420.379226666664
2017-09-15 09:00:00,67164.44723
2017-09-15 09:30:00,70199.75566000001
2017-09-15 10:00:00,72924.93348666666
2017-09-15 10:30:00,74576.30718666666
2017-09-15 11:00:00,76045.30862000001
2017-09-15 11:30:00,77696.81545666668
2017-09-15 12:00:00,76536.64475666666
2017-09-15 12:30:00,74941.78257666666
2017-09-15 13:00:00,75081.44212333334
2017-09-15 13:30:00,74922.50928
2017-09-15 14:00:00,74067.18732
2017-09-15 14:30:00,73677.65750333334
2017-09-15 15:00:00,73223.3131
2017-09-15 15:30:00,72765.63355333333
2017-09-15 16:00:00,72026.17532666666
2017-09-15 16:30:00,71231.38018333334
2017-09-15 17:00:00,70335.86176333333
2017-09-15 17:30:00,70904.97176
2017-09-15 18:00:00,75295.56870666667
2017-09-15 18:30:00,89280.72855333333
2017-09-15 19:00:00,94731.27355333335
2017-09-15 19:30:00,94963.36776
2017-09-15 20:00:00,94397.90339666668
2017-09-15 20:30:00,93000.49417
2017-09-15 21:00:00,90693.96751999999
2017-09-15 21:30:00,87596.62281999999
2017-09-15 22:00:00,83348.90332333333
2017-09-15 22:30:00,78389.84903333335
2017-09-15 23:00:00,72861.80909666666
2017-09-15 23:30:00,67508.12890666666
2017-09-16 00:00:00,63968.16285666666
2017-09-16 00:30:00,61152.20429666666
2017-09-16 01:00:00,58844.17361333334
2017-09-16 01:30:00,57225.493426666675
2017-09-16 02:00:00,55957.329756666666
2017-09-16 02:30:00,55126.53665666666
2017-09-16 03:00:00,54961.77331333334
2017-09-16 03:30:00,54865.065703333334
2017-09-16 04:00:00,55247.25209666666
2017-09-16 04:30:00,56308.319676666666
2017-09-16 05:00:00,54478.039
2017-09-16 05:30:00,49472.677123333335
2017-09-16 06:00:00,46978.201498999995
2017-09-16 06:30:00,47191.90605433334
2017-09-16 07:00:00,49256.536464000004
2017-09-16 07:30:00,52656.33250533333
2017-09-16 08:00:00,56894.94558666667
2017-09-16 08:30:00,60080.78446999999
2017-09-16 09:00:00,63129.228996666665
2017-09-16 09:30:00,66135.97124666667
2017-09-16 10:00:00,68224.11067666666
2017-09-16 10:30:00,70585.97296333335
2017-09-16 11:00:00,71784.72289333334
2017-09-16 11:30:00,72595.96926666667
2017-09-16 12:00:00,73499.98404
2017-09-16 12:30:00,73617.20874333334
2017-09-16 13:00:00,73358.49881
2017-09-16 13:30:00,73312.91667666666
2017-09-16 14:00:00,71620.6045
2017-09-16 14:30:00,70376.60637
2017-09-16 15:00:00,70754.81537666667
2017-09-16 15:30:00,70684.83619
2017-09-16 16:00:00,69444.70523666668
2017-09-16 16:30:00,69232.32822666666
2017-09-16 17:00:00,68837.92798666666
2017-09-16 17:30:00,69619.76711999999
2017-09-16 18:00:00,74188.17053333334
2017-09-16 18:30:00,88502.53595666667
2017-09-16 19:00:00,93788.05458333333
2017-09-16 19:30:00,92857.20221666667
2017-09-16 20:00:00,92127.58734666667
2017-09-16 20:30:00,91334.39280333334
2017-09-16 21:00:00,89289.83252666665
2017-09-16 21:30:00,86799.71398333333
2017-09-16 22:00:00,83722.59561333334
2017-09-16 22:30:00,78864.85983666667
2017-09-16 23:00:00,73841.28417333333
2017-09-16 23:30:00,69227.37647333334
2017-09-17 00:00:00,64694.805036666665
2017-09-17 00:30:00,61464.07311666667
2017-09-17 01:00:00,58432.82326999999
2017-09-17 01:30:00,56248.52359999999
2017-09-17 02:00:00,55239.0172
2017-09-17 02:30:00,54374.049300000006
2017-09-17 03:00:00,53694.57594333333
2017-09-17 03:30:00,53303.83503333334
2017-09-17 04:00:00,53388.56143666667
2017-09-17 04:30:00,53916.38683333333
2017-09-17 05:00:00,52410.846436666674
2017-09-17 05:30:00,46429.92011
2017-09-17 06:00:00,42182.97378
2017-09-17 06:30:00,42274.217412
2017-09-17 07:00:00,43553.53766333333
2017-09-17 07:30:00,45734.79556
2017-09-17 08:00:00,48610.63517
2017-09-17 08:30:00,52040.72979666666
2017-09-17 09:00:00,56092.56587
2017-09-17 09:30:00,59093.49155666667
2017-09-17 10:00:00,60945.26947666667
2017-09-17 10:30:00,62647.92561
2017-09-17 11:00:00,64186.24788
2017-09-17 11:30:00,65449.71281333334
2017-09-17 12:00:00,66673.62569666667
2017-09-17 12:30:00,67396.14818666667
2017-09-17 13:00:00,67684.39948666666
2017-09-17 13:30:00,67599.39183
2017-09-17 14:00:00,66982.41859333332
2017-09-17 14:30:00,66133.79809
2017-09-17 15:00:00,64963.15081
2017-09-17 15:30:00,64176.199003333335
2017-09-17 16:00:00,63683.72916000001
2017-09-17 16:30:00,63336.002823333336
2017-09-17 17:00:00,63075.83162666667
2017-09-17 17:30:00,63951.341576666666
2017-09-17 18:00:00,68848.45748333335
2017-09-17 18:30:00,83964.78515333333
2017-09-17 19:00:00,88697.61884999998
2017-09-17 19:30:00,89596.68088
2017-09-17 20:00:00,90351.77339333335
2017-09-17 20:30:00,89772.13424
2017-09-17 21:00:00,89070.17439
2017-09-17 21:30:00,86255.77551666666
2017-09-17 22:00:00,81742.21173666666
2017-09-17 22:30:00,76102.28178666666
2017-09-17 23:00:00,70572.88561
2017-09-17 23:30:00,65790.02583
2017-09-18 00:00:00,61560.1618
2017-09-18 00:30:00,59024.42260333333
2017-09-18 01:00:00,56907.39029666667
2017-09-18 01:30:00,55267.99134
2017-09-18 02:00:00,54596.98702
2017-09-18 02:30:00,53962.84236
2017-09-18 03:00:00,53786.769479999995
2017-09-18 03:30:00,53694.46708
2017-09-18 04:00:00,54339.65155666667
2017-09-18 04:30:00,55207.70650333333
2017-09-18 05:00:00,54032.86917666667
2017-09-18 05:30:00,50425.68304333333
2017-09-18 06:00:00,49214.666395333334
2017-09-18 06:30:00,49594.641302
2017-09-18 07:00:00,51985.51744333334
2017-09-18 07:30:00,54962.81090333333
2017-09-18 08:00:00,56533.761999999995
2017-09-18 08:30:00,59643.059876666666
2017-09-18 09:00:00,62308.12113333333
2017-09-18 09:30:00,65333.49065666667
2017-09-18 10:00:00,68071.32513333333
2017-09-18 10:30:00,70245.11602333332
2017-09-18 11:00:00,71889.02030666667
2017-09-18 11:30:00,72846.75517666667
2017-09-18 12:00:00,73379.45414666667
2017-09-18 12:30:00,73248.94369
2017-09-18 13:00:00,73199.98333666667
2017-09-18 13:30:00,73317.86067333333
2017-09-18 14:00:00,73354.14538666666
2017-09-18 14:30:00,73427.48123333334
2017-09-18 15:00:00,72568.36860666667
2017-09-18 15:30:00,71570.53139666666
2017-09-18 16:00:00,70427.82477333334
2017-09-18 16:30:00,69787.28327666667
2017-09-18 17:00:00,69503.84999
2017-09-18 17:30:00,70919.86339666667
2017-09-18 18:00:00,76243.26705000001
2017-09-18 18:30:00,90685.69665
2017-09-18 19:00:00,94867.75504333334
2017-09-18 19:30:00,95191.30514999999
2017-09-18 20:00:00,94499.67252333334
2017-09-18 20:30:00,93242.13079666666
2017-09-18 21:00:00,89879.96319333331
2017-09-18 21:30:00,85692.01560666667
2017-09-18 22:00:00,80637.07818999999
2017-09-18 22:30:00,74929.03407333333
2017-09-18 23:00:00,69839.50567
2017-09-18 23:30:00,65929.80465
2017-09-19 00:00:00,62416.93290666666
2017-09-19 00:30:00,60113.51358666667
2017-09-19 01:00:00,58162.97630333333
2017-09-19 01:30:00,56718.40985999999
2017-09-19 02:00:00,55440.98497333334
2017-09-19 02:30:00,54555.46963666667
2017-09-19 03:00:00,54378.87479
2017-09-19 03:30:00,54603.291900000004
2017-09-19 04:00:00,54952.103136666665
2017-09-19 04:30:00,55934.984560000004
2017-09-19 05:00:00,55062.69515666666
2017-09-19 05:30:00,50822.57341133334
2017-09-19 06:00:00,49464.69843566667
2017-09-19 06:30:00,49310.209474
2017-09-19 07:00:00,51513.484412333324
2017-09-19 07:30:00,54410.85532733333
2017-09-19 08:00:00,57429.37982333333
2017-09-19 08:30:00,60497.70827333333
2017-09-19 09:00:00,63560.07296
2017-09-19 09:30:00,67303.58952666666
2017-09-19 10:00:00,70137.51768666667
2017-09-19 10:30:00,72005.87024666667
2017-09-19 11:00:00,72974.25755
2017-09-19 11:30:00,74418.18352
2017-09-19 12:00:00,75199.55556333333
2017-09-19 12:30:00,75305.99589
2017-09-19 13:00:00,75297.29571333334
2017-09-19 13:30:00,74630.44296
2017-09-19 14:00:00,75610.32688666666
2017-09-19 14:30:00,74554.80259333334
2017-09-19 15:00:00,73329.83387
2017-09-19 15:30:00,72116.41416
2017-09-19 16:00:00,71042.86290666666
2017-09-19 16:30:00,70711.29713333333
2017-09-19 17:00:00,70338.06267
2017-09-19 17:30:00,71545.31527
2017-09-19 18:00:00,78309.99545333332
2017-09-19 18:30:00,92605.13015
2017-09-19 19:00:00,96077.23304666666
2017-09-19 19:30:00,96211.17262333333
2017-09-19 20:00:00,95831.76995333335
2017-09-19 20:30:00,93528.83439333334
2017-09-19 21:00:00,90847.84788999999
2017-09-19 21:30:00,87819.18625666667
2017-09-19 22:00:00,82823.72433333333
2017-09-19 22:30:00,77034.32890666668
2017-09-19 23:00:00,71623.57632
2017-09-19 23:30:00,67047.30646666666
2017-09-20 00:00:00,63098.91762666666
2017-09-20 00:30:00,60427.60017
2017-09-20 01:00:00,58279.03225333333
2017-09-20 01:30:00,56631.93879000001
2017-09-20 02:00:00,55633.009750000005
2017-09-20 02:30:00,55071.85103
2017-09-20 03:00:00,53894.84556333333
2017-09-20 03:30:00,54387.90556666666
2017-09-20 04:00:00,54231.32658666666
2017-09-20 04:30:00,55515.579966666664
2017-09-20 05:00:00,54899.76216333333
2017-09-20 05:30:00,51914.270553333336
2017-09-20 06:00:00,50881.41607633334
2017-09-20 06:30:00,51433.67662633333
2017-09-20 07:00:00,52409.985663666674
2017-09-20 07:30:00,55144.884233
2017-09-20 08:00:00,58496.44212
2017-09-20 08:30:00,61951.63710999999
2017-09-20 09:00:00,62848.002206666664
2017-09-20 09:30:00,64899.86842333333
2017-09-20 10:00:00,67281.21676666666
2017-09-20 10:30:00,70925.68560333333
2017-09-20 11:00:00,73162.89690666668
2017-09-20 11:30:00,74186.56038
2017-09-20 12:00:00,74627.51983333334
2017-09-20 12:30:00,74237.97165666668
2017-09-20 13:00:00,74327.51385
2017-09-20 13:30:00,74089.01822666667
2017-09-20 14:00:00,73680.82787
2017-09-20 14:30:00,72783.85159666667
2017-09-20 15:00:00,72131.73014666667
2017-09-20 15:30:00,71222.04260333332
2017-09-20 16:00:00,70288.33275
2017-09-20 16:30:00,69609.61385333334
2017-09-20 17:00:00,69513.61730666667
2017-09-20 17:30:00,70986.23067333332
2017-09-20 18:00:00,77894.93643666666
2017-09-20 18:30:00,91625.18798
2017-09-20 19:00:00,95236.78083666666
2017-09-20 19:30:00,95632.32928666666
2017-09-20 20:00:00,94477.53465333332
2017-09-20 20:30:00,92992.32265
2017-09-20 21:00:00,90394.85418333334
2017-09-20 21:30:00,86726.38166333332
2017-09-20 22:00:00,81471.30589
2017-09-20 22:30:00,75995.93063
2017-09-20 23:00:00,71221.77417
2017-09-20 23:30:00,66512.27412666667
2017-09-21 00:00:00,62577.57865333334
2017-09-21 00:30:00,59671.083933333335
2017-09-21 01:00:00,57500.19412333333
2017-09-21 01:30:00,55598.506036666666
2017-09-21 02:00:00,54809.80028
2017-09-21 02:30:00,54434.96310999999
2017-09-21 03:00:00,54152.28298333333
2017-09-21 03:30:00,54368.52060333333
2017-09-21 04:00:00,54713.29013666667
2017-09-21 04:30:00,55866.26555666667
2017-09-21 05:00:00,55208.429769999995
2017-09-21 05:30:00,51714.355891666666
2017-09-21 06:00:00,50215.785084
2017-09-21 06:30:00,49908.91816466666
2017-09-21 07:00:00,49593.29464666667
2017-09-21 07:30:00,52169.509553
2017-09-21 08:00:00,55797.94822333333
2017-09-21 08:30:00,58344.052736666665
2017-09-21 09:00:00,61106.933606666666
2017-09-21 09:30:00,64261.80781666667
2017-09-21 10:00:00,66702.22332
2017-09-21 10:30:00,68503.68319
2017-09-21 11:00:00,69373.45268
2017-09-21 11:30:00,70554.87201666668
2017-09-21 12:00:00,71938.99970333332
2017-09-21 12:30:00,73541.72094666667
2017-09-21 13:00:00,74295.72640333333
2017-09-21 13:30:00,74393.10066333333
2017-09-21 14:00:00,73624.08449333334
2017-09-21 14:30:00,73191.89057666667
2017-09-21 15:00:00,72594.30909666668
2017-09-21 15:30:00,71925.02263333333
2017-09-21 16:00:00,71343.61298666666
2017-09-21 16:30:00,70993.34564333333
2017-09-21 17:00:00,70401.37969333334
2017-09-21 17:30:00,72353.71802666667
2017-09-21 18:00:00,80041.33503333334
2017-09-21 18:30:00,92866.42518666666
2017-09-21 19:00:00,95464.61582
2017-09-21 19:30:00,95322.23227333334
2017-09-21 20:00:00,94308.24183999999
2017-09-21 20:30:00,92320.53344666667
2017-09-21 21:00:00,89697.89811999998
2017-09-21 21:30:00,86638.15572333334
2017-09-21 22:00:00,82112.55460666666
2017-09-21 22:30:00,76875.74459
2017-09-21 23:00:00,72089.67083999999
2017-09-21 23:30:00,67142.98741333334
2017-09-22 00:00:00,63011.40268333334
2017-09-22 00:30:00,60104.91504666666
2017-09-22 01:00:00,57626.30344333333
2017-09-22 01:30:00,56198.43652333333
2017-09-22 02:00:00,54956.115190000004
2017-09-22 02:30:00,54517.38822666666
2017-09-22 03:00:00,54229.12532666667
2017-09-22 03:30:00,54366.92340666667
2017-09-22 04:00:00,54156.09318999999
2017-09-22 04:30:00,54157.21222666666
2017-09-22 05:00:00,53216.054906666664
2017-09-22 05:30:00,48516.485542
2017-09-22 06:00:00,44747.51335237501
2017-09-22 06:30:00,44747.51335237501
2017-09-22 07:00:00,45946.184807000005
2017-09-22 07:30:00,48159.38197333333
2017-09-22 08:00:00,52624.976544666664
2017-09-22 08:30:00,56999.59630999999
2017-09-22 09:00:00,60793.14736333333
2017-09-22 09:30:00,64602.65749333333
2017-09-22 10:00:00,67251.41874000001
2017-09-22 10:30:00,69405.79463333332
2017-09-22 11:00:00,70636.20237999999
2017-09-22 11:30:00,71082.53671999999
2017-09-22 12:00:00,70771.91472
2017-09-22 12:30:00,69120.03549
2017-09-22 13:00:00,69563.65074666667
2017-09-22 13:30:00,69420.44074666667
2017-09-22 14:00:00,69342.37234333334
2017-09-22 14:30:00,68884.35207333333
2017-09-22 15:00:00,67949.53658333333
2017-09-22 15:30:00,67508.31790666666
2017-09-22 16:00:00,67047.08816333333
2017-09-22 16:30:00,67010.78204
2017-09-22 17:00:00,67762.30339666667
2017-09-22 17:30:00,71036.25373333333
2017-09-22 18:00:00,79711.29632666666
2017-09-22 18:30:00,91656.35980666667
2017-09-22 19:00:00,93851.78657666668
2017-09-22 19:30:00,93645.64853333333
2017-09-22 20:00:00,93096.36880333333
2017-09-22 20:30:00,91853.96311000001
2017-09-22 21:00:00,89957.42076333333
2017-09-22 21:30:00,86950.34016666666
2017-09-22 22:00:00,82756.29100333333
2017-09-22 22:30:00,77760.48385
2017-09-22 23:00:00,72257.20623
2017-09-22 23:30:00,67623.43325
2017-09-23 00:00:00,63631.51654666667
2017-09-23 00:30:00,61109.44455000001
2017-09-23 01:00:00,58732.95991333333
2017-09-23 01:30:00,57039.855229999994
2017-09-23 02:00:00,55598.406859999996
2017-09-23 02:30:00,54684.31584333334
2017-09-23 03:00:00,54420.252
2017-09-23 03:30:00,54212.53071333333
2017-09-23 04:00:00,54480.17143000001
2017-09-23 04:30:00,55540.40879666666
2017-09-23 05:00:00,54820.47069666666
2017-09-23 05:30:00,50723.61132
2017-09-23 06:00:00,47678.87344
2017-09-23 06:30:00,46742.75842466666
2017-09-23 07:00:00,49399.091305999995
2017-09-23 07:30:00,52344.13337333334
2017-09-23 08:00:00,55354.963476666664
2017-09-23 08:30:00,56765.91436666667
2017-09-23 09:00:00,60157.810939999996
2017-09-23 09:30:00,63466.38809666667
2017-09-23 10:00:00,67313.85486
2017-09-23 10:30:00,70548.23712666666
2017-09-23 11:00:00,72702.61502333333
2017-09-23 11:30:00,73730.41384
2017-09-23 12:00:00,74456.57501666667
2017-09-23 12:30:00,74251.38924666667
2017-09-23 13:00:00,73893.55739666667
2017-09-23 13:30:00,73198.25721666667
2017-09-23 14:00:00,72497.78502
2017-09-23 14:30:00,70923.99818666666
2017-09-23 15:00:00,70064.22952666668
2017-09-23 15:30:00,69077.73753666667
2017-09-23 16:00:00,68950.03564333334
2017-09-23 16:30:00,68743.17836333334
2017-09-23 17:00:00,69253.37702999999
2017-09-23 17:30:00,70519.16657
2017-09-23 18:00:00,79657.93040999999
2017-09-23 18:30:00,92307.00276
2017-09-23 19:00:00,93279.47991
2017-09-23 19:30:00,92899.54848666665
2017-09-23 20:00:00,93063.29251
2017-09-23 20:30:00,92224.98352333333
2017-09-23 21:00:00,89933.30122666666
2017-09-23 21:30:00,87616.57052666666
2017-09-23 22:00:00,84717.91304666667
2017-09-23 22:30:00,80348.65353666666
2017-09-23 23:00:00,74943.06153
2017-09-23 23:30:00,69651.84941000001
2017-09-24 00:00:00,64313.30982333334
2017-09-24 00:30:00,60693.6003
2017-09-24 01:00:00,58112.13537333333
2017-09-24 01:30:00,56365.919369999996
2017-09-24 02:00:00,55319.34099333334
2017-09-24 02:30:00,54430.73900666667
2017-09-24 03:00:00,53579.07422333333
2017-09-24 03:30:00,53219.02513333334
2017-09-24 04:00:00,53619.59579999999
2017-09-24 04:30:00,54414.852173333325
2017-09-24 05:00:00,53429.12592
2017-09-24 05:30:00,48550.48333333334
2017-09-24 06:00:00,42997.711363
2017-09-24 06:30:00,41808.284445
2017-09-24 07:00:00,43403.033735
2017-09-24 07:30:00,45744.66256233333
2017-09-24 08:00:00,48889.15072
2017-09-24 08:30:00,52231.44806
2017-09-24 09:00:00,55776.15444333333
2017-09-24 09:30:00,58787.420190000004
2017-09-24 10:00:00,62195.381
2017-09-24 10:30:00,64274.90203999999
2017-09-24 11:00:00,66520.95472
2017-09-24 11:30:00,67296.84945
2017-09-24 12:00:00,67910.10251
2017-09-24 12:30:00,68596.31490666667
2017-09-24 13:00:00,68942.63262
2017-09-24 13:30:00,68679.76489666667
2017-09-24 14:00:00,67898.12786666666
2017-09-24 14:30:00,66563.47373000001
2017-09-24 15:00:00,65083.8096
2017-09-24 15:30:00,64211.843466666665
2017-09-24 16:00:00,62868.6894
2017-09-24 16:30:00,62760.16389333334
2017-09-24 17:00:00,62695.615353333334
2017-09-24 17:30:00,64849.10819333334
2017-09-24 18:00:00,74094.23533666668
2017-09-24 18:30:00,87694.43084333332
2017-09-24 19:00:00,90120.69409
2017-09-24 19:30:00,91122.88896666667
2017-09-24 20:00:00,91328.65621
2017-09-24 20:30:00,90598.14337
2017-09-24 21:00:00,89545.47277
2017-09-24 21:30:00,86127.99488333333
2017-09-24 22:00:00,80991.64670666667
2017-09-24 22:30:00,75845.91830333334
2017-09-24 23:00:00,70232.90064666666
2017-09-24 23:30:00,65845.76947666667
2017-09-25 00:00:00,61880.41120333333
2017-09-25 00:30:00,59211.89045333333
2017-09-25 01:00:00,56745.01073
2017-09-25 01:30:00,55266.4012
2017-09-25 02:00:00,54127.818413333334
2017-09-25 02:30:00,53286.456046666666
2017-09-25 03:00:00,53469.58364333334
2017-09-25 03:30:00,53887.34502
2017-09-25 04:00:00,54192.2505
2017-09-25 04:30:00,55083.51795333333
2017-09-25 05:00:00,54780.56070333333
2017-09-25 05:30:00,52108.304763333326
2017-09-25 06:00:00,50995.19763933334
2017-09-25 06:30:00,50353.835201333335
2017-09-25 07:00:00,52349.107594666675
2017-09-25 07:30:00,55261.837064
2017-09-25 08:00:00,58098.81762666666
2017-09-25 08:30:00,61587.25027666666
2017-09-25 09:00:00,65138.06669666667
2017-09-25 09:30:00,68257.96053333335
2017-09-25 10:00:00,71121.67141999998
2017-09-25 10:30:00,72919.49741333333
2017-09-25 11:00:00,74306.86181
2017-09-25 11:30:00,75245.15303666667
2017-09-25 12:00:00,75586.22458333334
2017-09-25 12:30:00,75502.05085333333
2017-09-25 13:00:00,76125.23696333333
2017-09-25 13:30:00,75464.95095000001
2017-09-25 14:00:00,75007.79711
2017-09-25 14:30:00,74386.91916333332
2017-09-25 15:00:00,73610.45355333334
2017-09-25 15:30:00,72651.11978666666
2017-09-25 16:00:00,71500.21476333334
2017-09-25 16:30:00,71488.87149666667
2017-09-25 17:00:00,71354.20074
2017-09-25 17:30:00,73416.9794
2017-09-25 18:00:00,83580.60925333334
2017-09-25 18:30:00,96238.85497333335
2017-09-25 19:00:00,96675.44295
2017-09-25 19:30:00,96413.76065666667
2017-09-25 20:00:00,95299.48558333334
2017-09-25 20:30:00,94453.37580333334
2017-09-25 21:00:00,90706.83456
2017-09-25 21:30:00,86586.71905
2017-09-25 22:00:00,81407.38365999999
2017-09-25 22:30:00,75959.84534666668
2017-09-25 23:00:00,70874.96803999999
2017-09-25 23:30:00,66738.45162333333
2017-09-26 00:00:00,63260.940193333336
2017-09-26 00:30:00,60622.115953333334
2017-09-26 01:00:00,58121.343629999996
2017-09-26 01:30:00,57130.18169666667
2017-09-26 02:00:00,56136.38489666666
2017-09-26 02:30:00,55488.61633333333
2017-09-26 03:00:00,55365.18707666666
2017-09-26 03:30:00,54821.26734666666
2017-09-26 04:00:00,55380.092273333335
2017-09-26 04:30:00,56879.76463333333
2017-09-26 05:00:00,56371.86642333333
2017-09-26 05:30:00,53766.85482666667
2017-09-26 06:00:00,52065.623596
2017-09-26 06:30:00,50567.440824
2017-09-26 07:00:00,52838.665176333336
2017-09-26 07:30:00,55844.22420333334
2017-09-26 08:00:00,57735.26176666666
2017-09-26 08:30:00,58102.17661
2017-09-26 09:00:00,61637.57858333333
2017-09-26 09:30:00,65180.78091333333
2017-09-26 10:00:00,67116.29377666667
2017-09-26 10:30:00,68972.53035999999
2017-09-26 11:00:00,70230.70281333332
2017-09-26 11:30:00,72086.73265333334
2017-09-26 12:00:00,72149.07325
2017-09-26 12:30:00,72116.81846
2017-09-26 13:00:00,72565.37136666667
2017-09-26 13:30:00,72417.17968333334
2017-09-26 14:00:00,72638.94164333334
2017-09-26 14:30:00,72447.63464666666
2017-09-26 15:00:00,72755.28353666667
2017-09-26 15:30:00,72849.13211
2017-09-26 16:00:00,72058.79306000001
2017-09-26 16:30:00,71413.18837999999
2017-09-26 17:00:00,72076.24573666666
2017-09-26 17:30:00,75752.41707666666
2017-09-26 18:00:00,87027.38609999999
2017-09-26 18:30:00,96705.31603333335
2017-09-26 19:00:00,97810.93523333334
2017-09-26 19:30:00,97210.10361666667
2017-09-26 20:00:00,96096.00393
2017-09-26 20:30:00,94460.71136333334
2017-09-26 21:00:00,91602.71823333333
2017-09-26 21:30:00,87808.16691666667
2017-09-26 22:00:00,83196.49716
2017-09-26 22:30:00,77521.60470333333
2017-09-26 23:00:00,72260.18056000001
2017-09-26 23:30:00,68289.96931333333
2017-09-27 00:00:00,64677.96789333333
2017-09-27 00:30:00,61730.162436666666
2017-09-27 01:00:00,59603.60038333334
2017-09-27 01:30:00,58371.026126666664
2017-09-27 02:00:00,57193.567039999994
2017-09-27 02:30:00,56740.29197333333
2017-09-27 03:00:00,56166.102569999995
2017-09-27 03:30:00,55688.11920666668
2017-09-27 04:00:00,56580.99465666667
2017-09-27 04:30:00,58043.93786666667
2017-09-27 05:00:00,57744.97630666667
2017-09-27 05:30:00,55288.73545
2017-09-27 06:00:00,53481.50952
2017-09-27 06:30:00,52904.59394700001
2017-09-27 07:00:00,54088.126655
2017-09-27 07:30:00,56693.520277
2017-09-27 08:00:00,59886.61138333334
2017-09-27 08:30:00,61783.21553666666
2017-09-27 09:00:00,64722.18007666667
2017-09-27 09:30:00,67535.98614333333
2017-09-27 10:00:00,70103.89806666666
2017-09-27 10:30:00,71980.78137
2017-09-27 11:00:00,73016.32055333334
2017-09-27 11:30:00,74826.37355666666
2017-09-27 12:00:00,75338.94883999998
2017-09-27 12:30:00,75042.09589333333
2017-09-27 13:00:00,74923.79085333334
2017-09-27 13:30:00,74768.53964333334
2017-09-27 14:00:00,75225.63464666667
2017-09-27 14:30:00,75095.41571
2017-09-27 15:00:00,73869.00042666667
2017-09-27 15:30:00,72764.23138999999
2017-09-27 16:00:00,71951.06105666667
2017-09-27 16:30:00,72287.98873666667
2017-09-27 17:00:00,74632.50688666666
2017-09-27 17:30:00,77815.07757166667
2017-09-27 18:00:00,88422.76259666668
2017-09-27 18:30:00,97271.92577666667
2017-09-27 19:00:00,97744.42310000001
2017-09-27 19:30:00,97568.44484666667
2017-09-27 20:00:00,96081.65679
2017-09-27 20:30:00,93825.59815333334
2017-09-27 21:00:00,90945.9465
2017-09-27 21:30:00,86586.61958
2017-09-27 22:00:00,82037.86563333333
2017-09-27 22:30:00,76009.63433999999
2017-09-27 23:00:00,70893.19621333333
2017-09-27 23:30:00,66739.79641666666
2017-09-28 00:00:00,63331.908416666665
2017-09-28 00:30:00,60863.363313333335
2017-09-28 01:00:00,58965.34745
2017-09-28 01:30:00,57739.33741666667
2017-09-28 02:00:00,57215.009976666675
2017-09-28 02:30:00,56526.139599999995
2017-09-28 03:00:00,56221.09400333333
2017-09-28 03:30:00,55879.76749
2017-09-28 04:00:00,56611.21181
2017-09-28 04:30:00,58262.14575333334
2017-09-28 05:00:00,58172.54576333333
2017-09-28 05:30:00,52644.785167
2017-09-28 06:00:00,54015.07327266667
2017-09-28 06:30:00,53032.627075666656
2017-09-28 07:00:00,54802.156133000004
2017-09-28 07:30:00,56422.718326333335
2017-09-28 08:00:00,58817.41337466667
2017-09-28 08:30:00,62124.064353999995
2017-09-28 09:00:00,64768.49478766666
2017-09-28 09:30:00,67434.54799566667
2017-09-28 10:00:00,71005.03438333333
2017-09-28 10:30:00,72651.14585
2017-09-28 11:00:00,73933.28262333333
2017-09-28 11:30:00,74821.25527666666
2017-09-28 12:00:00,75626.9296
2017-09-28 12:30:00,75365.28314666667
2017-09-28 13:00:00,75674.27935000001
2017-09-28 13:30:00,75165.40391
2017-09-28 14:00:00,74738.2391
2017-09-28 14:30:00,74076.56535333332
2017-09-28 15:00:00,72995.99363666667
2017-09-28 15:30:00,71883.07970333334
2017-09-28 16:00:00,71300.32567333333
2017-09-28 16:30:00,70789.18803
2017-09-28 17:00:00,71020.22204333333
2017-09-28 17:30:00,74152.27008333334
2017-09-28 18:00:00,85758.10086333334
2017-09-28 18:30:00,95302.43333333333
2017-09-28 19:00:00,96650.03533333335
2017-09-28 19:30:00,96431.81405333332
2017-09-28 20:00:00,96108.92710333334
2017-09-28 20:30:00,93989.10995
2017-09-28 21:00:00,91531.93547666667
2017-09-28 21:30:00,87731.99452000001
2017-09-28 22:00:00,82385.90703333334
2017-09-28 22:30:00,76767.66632
2017-09-28 23:00:00,72111.13448333333
2017-09-28 23:30:00,67296.73900333334
2017-09-29 00:00:00,64149.86762333333
2017-09-29 00:30:00,61212.35114333334
2017-09-29 01:00:00,58554.633
2017-09-29 01:30:00,57008.15128333333
2017-09-29 02:00:00,56122.334137000005
2017-09-29 02:30:00,55297.200059
2017-09-29 03:00:00,55029.59190333334
2017-09-29 03:30:00,54649.661309333336
2017-09-29 04:00:00,55446.77541433334
2017-09-29 04:30:00,56557.43164999999
2017-09-29 05:00:00,56563.88470633333
2017-09-29 05:30:00,54459.91567466666
2017-09-29 06:00:00,53203.22314833334
2017-09-29 06:30:00,51815.898733333335
2017-09-29 07:00:00,53427.40026066667
2017-09-29 07:30:00,56068.407219333334
2017-09-29 08:00:00,59228.41798533333
2017-09-29 08:30:00,61824.741236333335
2017-09-29 09:00:00,64991.40150066667
2017-09-29 09:30:00,67975.29285833333
2017-09-29 10:00:00,70119.13708233334
2017-09-29 10:30:00,71278.23434866667
2017-09-29 11:00:00,72976.98343333333
2017-09-29 11:30:00,74529.86614
2017-09-29 12:00:00,73658.54556333333
2017-09-29 12:30:00,72328.72141
2017-09-29 13:00:00,73064.40792333333
2017-09-29 13:30:00,72256.25112333334
2017-09-29 14:00:00,71717.40935666667
2017-09-29 14:30:00,70828.74854
2017-09-29 15:00:00,70343.08482
2017-09-29 15:30:00,68976.99014
2017-09-29 16:00:00,68518.37206666666
2017-09-29 16:30:00,67907.21282999999
2017-09-29 17:00:00,68391.35659333334
2017-09-29 17:30:00,70566.12477333333
2017-09-29 18:00:00,82612.65265666666
2017-09-29 18:30:00,92932.32672
2017-09-29 19:00:00,94358.37433666666
2017-09-29 19:30:00,94995.45735
2017-09-29 20:00:00,94364.12393666666
2017-09-29 20:30:00,92931.74932666666
2017-09-29 21:00:00,90531.96537333333
2017-09-29 21:30:00,87156.31330666666
2017-09-29 22:00:00,82810.08258
2017-09-29 22:30:00,77646.01771
2017-09-29 23:00:00,72118.06681333332
2017-09-29 23:30:00,68078.90007666666
2017-09-30 00:00:00,64164.772683333336
2017-09-30 00:30:00,61366.35251
2017-09-30 01:00:00,58945.82445666666
2017-09-30 01:30:00,57043.95189333334
2017-09-30 02:00:00,55999.96099
2017-09-30 02:30:00,55741.483753333334
2017-09-30 03:00:00,55523.48694333333
2017-09-30 03:30:00,55578.08167666666
2017-09-30 04:00:00,56252.79780666667
2017-09-30 04:30:00,57032.47247000001
2017-09-30 05:00:00,55743.74763666667
2017-09-30 05:30:00,52463.25473666666
2017-09-30 06:00:00,48994.305099666664
2017-09-30 06:30:00,47614.681512999996
2017-09-30 07:00:00,48606.488677333335
2017-09-30 07:30:00,51601.660452000004
2017-09-30 08:00:00,52523.05223266667
2017-09-30 08:30:00,54185.855654666666
2017-09-30 09:00:00,58057.741506666665
2017-09-30 09:30:00,61236.92985666666
2017-09-30 10:00:00,63685.12088
2017-09-30 10:30:00,65897.01695666666
2017-09-30 11:00:00,66923.20644666666
2017-09-30 11:30:00,67698.74248333334
2017-09-30 12:00:00,68458.39290333334
2017-09-30 12:30:00,68634.59188666666
2017-09-30 13:00:00,68279.56856
2017-09-30 13:30:00,68143.45344999999
2017-09-30 14:00:00,67461.27463333333
2017-09-30 14:30:00,66633.15269
2017-09-30 15:00:00,62695.190899999994
2017-09-30 15:30:00,64452.471549999995
2017-09-30 16:00:00,65100.27888
2017-09-30 16:30:00,65208.195803333336
2017-09-30 17:00:00,65519.05214666666
2017-09-30 17:30:00,68276.74411
2017-09-30 18:00:00,81691.82509666668
2017-09-30 18:30:00,88734.57145
2017-09-30 19:00:00,88793.56050333333
2017-09-30 19:30:00,88068.64812666667
2017-09-30 20:00:00,88444.89012666668
2017-09-30 20:30:00,86947.18265666667
2017-09-30 21:00:00,85038.46214
2017-09-30 21:30:00,83356.35230666667
2017-09-30 22:00:00,80818.74891333333
2017-09-30 22:30:00,76929.09840999999
2017-09-30 23:00:00,71956.81904333334
2017-09-30 23:30:00,67591.86842
2017-10-01 00:00:00,63194.36902666666
2017-10-01 00:30:00,60116.38237000001
2017-10-01 01:00:00,58339.739636666665
2017-10-01 01:30:00,56725.92746
2017-10-01 02:00:00,54999.53757666666
2017-10-01 02:30:00,54042.44514
2017-10-01 03:00:00,53394.03052
2017-10-01 03:30:00,53689.902996666664
2017-10-01 04:00:00,54184.51590666666
2017-10-01 04:30:00,54761.70877
2017-10-01 05:00:00,52577.763673333335
2017-10-01 05:30:00,49106.00361000001
2017-10-01 06:00:00,42474.90673733333
2017-10-01 06:30:00,41551.015332
2017-10-01 07:00:00,42605.882977333335
2017-10-01 07:30:00,44581.84423133333
2017-10-01 08:00:00,47296.325088000005
2017-10-01 08:30:00,50283.735258
2017-10-01 09:00:00,53709.81151
2017-10-01 09:30:00,56767.95540333333
2017-10-01 10:00:00,59487.05092666667
2017-10-01 10:30:00,61849.70188333333
2017-10-01 11:00:00,63650.89567333334
2017-10-01 11:30:00,64911.25704
2017-10-01 12:00:00,65602.79449666665
2017-10-01 12:30:00,66113.96346
2017-10-01 13:00:00,66247.56186
2017-10-01 13:30:00,66055.61603333334
2017-10-01 14:00:00,65831.47077
2017-10-01 14:30:00,64768.833976666676
2017-10-01 15:00:00,63207.79364333333
2017-10-01 15:30:00,62662.47646333333
2017-10-01 16:00:00,62407.26192333333
2017-10-01 16:30:00,62127.716909999996
2017-10-01 17:00:00,63136.84104333334
2017-10-01 17:30:00,67935.23351
2017-10-01 18:00:00,81860.91987708332
2017-10-01 18:30:00,86860.11750666666
2017-10-01 19:00:00,88905.46743333334
2017-10-01 19:30:00,89603.60219666666
2017-10-01 20:00:00,89275.32559666666
2017-10-01 20:30:00,88717.40616666665
2017-10-01 21:00:00,87559.91590333334
2017-10-01 21:30:00,84293.02269333333
2017-10-01 22:00:00,80138.53370333333
2017-10-01 22:30:00,73610.99726333334
2017-10-01 23:00:00,68946.42622666666
2017-10-01 23:30:00,64042.84940000001
2017-10-02 00:00:00,60562.61418333333
2017-10-02 00:30:00,58044.43344
2017-10-02 01:00:00,55959.601266666665
2017-10-02 01:30:00,54421.808090000006
2017-10-02 02:00:00,53609.996600000006
2017-10-02 02:30:00,53333.04728
2017-10-02 03:00:00,52998.42470666667
2017-10-02 03:30:00,53129.209976666665
2017-10-02 04:00:00,54093.10303666667
2017-10-02 04:30:00,54983.94860333333
2017-10-02 05:00:00,55130.29335666667
2017-10-02 05:30:00,53239.482090000005
2017-10-02 06:00:00,51230.373178333335
2017-10-02 06:30:00,50140.38317666666
2017-10-02 07:00:00,51589.23095833333
2017-10-02 07:30:00,53816.979019666665
2017-10-02 08:00:00,56995.68740833333
2017-10-02 08:30:00,59551.987742
2017-10-02 09:00:00,62262.132293333336
2017-10-02 09:30:00,65613.17018999999
2017-10-02 10:00:00,67898.17879666666
2017-10-02 10:30:00,69237.262
2017-10-02 11:00:00,70960.15966666666
2017-10-02 11:30:00,72126.52767666666
2017-10-02 12:00:00,73279.82650000001
2017-10-02 12:30:00,72818.40608333334
2017-10-02 13:00:00,72517.47403333333
2017-10-02 13:30:00,72195.436
2017-10-02 14:00:00,72462.98809
2017-10-02 14:30:00,71351.95871666666
2017-10-02 15:00:00,69954.23911000001
2017-10-02 15:30:00,69082.46101666667
2017-10-02 16:00:00,68116.40113333333
2017-10-02 16:30:00,67980.79473000001
2017-10-02 17:00:00,67855.78269333334
2017-10-02 17:30:00,72458.88197666667
2017-10-02 18:00:00,89444.44603333336
2017-10-02 18:30:00,93479.32814666665
2017-10-02 19:00:00,93979.05992999999
2017-10-02 19:30:00,94012.22103999999
2017-10-02 20:00:00,92936.86030333332
2017-10-02 20:30:00,91751.28971666668
2017-10-02 21:00:00,88504.43008
2017-10-02 21:30:00,84673.44397333333
2017-10-02 22:00:00,79138.63290666667
2017-10-02 22:30:00,73739.88915666666
2017-10-02 23:00:00,68651.92310666667
2017-10-02 23:30:00,65034.48365
2017-10-03 00:00:00,61593.45238333333
2017-10-03 00:30:00,58332.10376
2017-10-03 01:00:00,56330.82780666667
2017-10-03 01:30:00,55197.54584666667
2017-10-03 02:00:00,54519.62512333333
2017-10-03 02:30:00,53562.78932666667
2017-10-03 03:00:00,53040.08841
2017-10-03 03:30:00,52980.17552333333
2017-10-03 04:00:00,53017.60014999999
2017-10-03 04:30:00,54095.58467666667
2017-10-03 05:00:00,55022.480723333334
2017-10-03 05:30:00,54126.600549999996
2017-10-03 06:00:00,51901.57197
2017-10-03 06:30:00,50826.509697
2017-10-03 07:00:00,53079.502416
2017-10-03 07:30:00,55314.00963866667
2017-10-03 08:00:00,58266.949927999995
2017-10-03 08:30:00,61851.07024333333
2017-10-03 09:00:00,64605.45583666667
2017-10-03 09:30:00,67184.71002
2017-10-03 10:00:00,69224.95072666666
2017-10-03 10:30:00,70954.82053333333
2017-10-03 11:00:00,71959.24666
2017-10-03 11:30:00,73687.20951333334
2017-10-03 12:00:00,73392.36771333334
2017-10-03 12:30:00,73528.69103
2017-10-03 13:00:00,73552.56113666667
2017-10-03 13:30:00,73587.34030666667
2017-10-03 14:00:00,73676.11752
2017-10-03 14:30:00,72554.75160666667
2017-10-03 15:00:00,70937.46742666666
2017-10-03 15:30:00,70803.06862666666
2017-10-03 16:00:00,69917.68019666667
2017-10-03 16:30:00,69467.99631
2017-10-03 17:00:00,69569.01453333333
2017-10-03 17:30:00,73916.82158999999
2017-10-03 18:00:00,89661.57636666669
2017-10-03 18:30:00,94654.62230666667
2017-10-03 19:00:00,95558.63977000001
2017-10-03 19:30:00,94881.89834666667
2017-10-03 20:00:00,94754.69204666668
2017-10-03 20:30:00,92989.3746
2017-10-03 21:00:00,89509.98843000001
2017-10-03 21:30:00,84842.54527666666
2017-10-03 22:00:00,79639.40718333333
2017-10-03 22:30:00,74805.03232
2017-10-03 23:00:00,68922.05306333333
2017-10-03 23:30:00,64854.067383333335
2017-10-04 00:00:00,61692.05093666667
2017-10-04 00:30:00,59092.624030000006
2017-10-04 01:00:00,56909.208340000005
2017-10-04 01:30:00,55638.61292666666
2017-10-04 02:00:00,55097.80694666667
2017-10-04 02:30:00,54824.79498333333
2017-10-04 03:00:00,54275.65267666667
2017-10-04 03:30:00,54190.467646666664
2017-10-04 04:00:00,54330.098536666665
2017-10-04 04:30:00,55530.335426666665
2017-10-04 05:00:00,55843.763523333335
2017-10-04 05:30:00,54776.671709999995
2017-10-04 06:00:00,51659.07765833333
2017-10-04 06:30:00,50530.433425
2017-10-04 07:00:00,51719.04334933333
2017-10-04 07:30:00,54945.041367
2017-10-04 08:00:00,57672.51651233333
2017-10-04 08:30:00,60626.84676099999
2017-10-04 09:00:00,63150.56659
2017-10-04 09:30:00,66461.67915333333
2017-10-04 10:00:00,68721.65855333333
2017-10-04 10:30:00,70213.89685333334
2017-10-04 11:00:00,72012.94411666667
2017-10-04 11:30:00,73620.62555333333
2017-10-04 12:00:00,74197.50596666666
2017-10-04 12:30:00,73861.71888333333
2017-10-04 13:00:00,74058.26659333333
2017-10-04 13:30:00,73786.01508333335
2017-10-04 14:00:00,73355.61661000001
2017-10-04 14:30:00,72133.88144000001
2017-10-04 15:00:00,71327.23466333334
2017-10-04 15:30:00,70357.97448333334
2017-10-04 16:00:00,69724.28876666668
2017-10-04 16:30:00,69555.25701666666
2017-10-04 17:00:00,70409.96209999999
2017-10-04 17:30:00,74462.40426
2017-10-04 18:00:00,89669.45862833335
2017-10-04 18:30:00,93813.99715333333
2017-10-04 19:00:00,94447.96191333333
2017-10-04 19:30:00,94448.69088333333
2017-10-04 20:00:00,93796.46458333335
2017-10-04 20:30:00,91912.56910666666
2017-10-04 21:00:00,88824.03340666665
2017-10-04 21:30:00,84836.37533
2017-10-04 22:00:00,79415.02920666667
2017-10-04 22:30:00,74159.37252333334
2017-10-04 23:00:00,69321.41583333335
2017-10-04 23:30:00,65622.18987
2017-10-05 00:00:00,62964.043353333334
2017-10-05 00:30:00,60199.14575333334
2017-10-05 01:00:00,57937.31463666667
2017-10-05 01:30:00,56594.40981666666
2017-10-05 02:00:00,55853.708719999995
2017-10-05 02:30:00,54708.60603
2017-10-05 03:00:00,54511.52953666666
2017-10-05 03:30:00,54175.256799999996
2017-10-05 04:00:00,54858.916463333335
2017-10-05 04:30:00,56106.95351666666
2017-10-05 05:00:00,56437.91065
2017-10-05 05:30:00,54714.11814666667
2017-10-05 06:00:00,52286.15488466667
2017-10-05 06:30:00,51836.16551299999
2017-10-05 07:00:00,53271.32867366666
2017-10-05 07:30:00,55625.255752
2017-10-05 08:00:00,58914.15904333334
2017-10-05 08:30:00,62051.97343333333
2017-10-05 09:00:00,64926.88767333334
2017-10-05 09:30:00,68062.12003
2017-10-05 10:00:00,69835.71640333334
2017-10-05 10:30:00,71132.41270666667
2017-10-05 11:00:00,72605.56004
2017-10-05 11:30:00,74204.84060333333
2017-10-05 12:00:00,75653.06928666668
2017-10-05 12:30:00,75674.55734333333
2017-10-05 13:00:00,75159.86525333334
2017-10-05 13:30:00,74632.82562333334
2017-10-05 14:00:00,74270.88881333334
2017-10-05 14:30:00,73426.63753666666
2017-10-05 15:00:00,72500.56983
2017-10-05 15:30:00,70870.44743333333
2017-10-05 16:00:00,69658.52768666668
2017-10-05 16:30:00,69824.71510333334
2017-10-05 17:00:00,70245.668
2017-10-05 17:30:00,74715.86181
2017-10-05 18:00:00,90696.41761833335
2017-10-05 18:30:00,94588.47499666667
2017-10-05 19:00:00,95671.36626
2017-10-05 19:30:00,94924.76874666667
2017-10-05 20:00:00,94648.74106000001
2017-10-05 20:30:00,92495.19878666666
2017-10-05 21:00:00,88650.28981333332
2017-10-05 21:30:00,84713.37885
2017-10-05 22:00:00,79904.55990333333
2017-10-05 22:30:00,74303.70782
2017-10-05 23:00:00,69992.31769333333
2017-10-05 23:30:00,66064.32314000001
2017-10-06 00:00:00,62743.52462666667
2017-10-06 00:30:00,60048.56455666667
2017-10-06 01:00:00,58132.96676666666
2017-10-06 01:30:00,56229.48175
2017-10-06 02:00:00,55662.44488
2017-10-06 02:30:00,55016.99313333334
2017-10-06 03:00:00,54413.323566666666
2017-10-06 03:30:00,54185.879463333324
2017-10-06 04:00:00,53226.434960000006
2017-10-06 04:30:00,54706.17645333334
2017-10-06 05:00:00,55816.153163333336
2017-10-06 05:30:00,54424.73882666667
2017-10-06 06:00:00,52343.68116866666
2017-10-06 06:30:00,51241.91236233333
2017-10-06 07:00:00,53309.278920000004
2017-10-06 07:30:00,55382.030147000005
2017-10-06 08:00:00,58582.49043666667
2017-10-06 08:30:00,61434.50986666667
2017-10-06 09:00:00,63665.04701333334
2017-10-06 09:30:00,66668.91232666666
2017-10-06 10:00:00,69184.90222
2017-10-06 10:30:00,71189.44419666666
2017-10-06 11:00:00,72920.96997666666
2017-10-06 11:30:00,74886.81976
2017-10-06 12:00:00,73467.49332666666
2017-10-06 12:30:00,72021.93028000002
2017-10-06 13:00:00,72640.99764333334
2017-10-06 13:30:00,72582.15242333333
2017-10-06 14:00:00,72001.45675666667
2017-10-06 14:30:00,71344.02475
2017-10-06 15:00:00,70379.04006666665
2017-10-06 15:30:00,66954.67101000003
2017-10-06 16:00:00,65589.61209916668
2017-10-06 16:30:00,67423.33791
2017-10-06 17:00:00,68170.26153
2017-10-06 17:30:00,73310.982
2017-10-06 18:00:00,90577.41107500001
2017-10-06 18:30:00,94399.56655666667
2017-10-06 19:00:00,94529.16842333332
2017-10-06 19:30:00,93801.61778333333
2017-10-06 20:00:00,93782.96593666666
2017-10-06 20:30:00,92357.65796666667
2017-10-06 21:00:00,89166.86993666667
2017-10-06 21:30:00,86230.59856
2017-10-06 22:00:00,81282.92039
2017-10-06 22:30:00,76036.24180999999
2017-10-06 23:00:00,71031.75568666666
2017-10-06 23:30:00,66859.04527666666
2017-10-07 00:00:00,63245.87735
2017-10-07 00:30:00,60857.93683
2017-10-07 01:00:00,58829.9345
2017-10-07 01:30:00,57098.26293999999
2017-10-07 02:00:00,55754.02648666666
2017-10-07 02:30:00,54463.49622
2017-10-07 03:00:00,53936.53182333333
2017-10-07 03:30:00,53797.264480000005
2017-10-07 04:00:00,54032.151359999996
2017-10-07 04:30:00,54785.83912666666
2017-10-07 05:00:00,55613.308110000005
2017-10-07 05:30:00,53745.057083333326
2017-10-07 06:00:00,49658.126134333324
2017-10-07 06:30:00,47524.69145966667
2017-10-07 07:00:00,49191.508152
2017-10-07 07:30:00,51806.55107366666
2017-10-07 08:00:00,55664.372295333334
2017-10-07 08:30:00,59582.48263333333
2017-10-07 09:00:00,63218.40717666666
2017-10-07 09:30:00,65812.69189
2017-10-07 10:00:00,67899.14031666667
2017-10-07 10:30:00,69985.99270666667
2017-10-07 11:00:00,71310.441
2017-10-07 11:30:00,72491.124
2017-10-07 12:00:00,73344.78965333333
2017-10-07 12:30:00,73277.13731
2017-10-07 13:00:00,73412.35450333334
2017-10-07 13:30:00,73357.58482666667
2017-10-07 14:00:00,72826.88786
2017-10-07 14:30:00,71759.90131333332
2017-10-07 15:00:00,70275.89236
2017-10-07 15:30:00,69969.36098666665
2017-10-07 16:00:00,69359.76507000001
2017-10-07 16:30:00,68760.44934333333
2017-10-07 17:00:00,69412.46303
2017-10-07 17:30:00,73843.17818
2017-10-07 18:00:00,88568.42047000001
2017-10-07 18:30:00,93632.92588
2017-10-07 19:00:00,94031.07405333333
2017-10-07 19:30:00,94164.14646999999
2017-10-07 20:00:00,92939.19773208332
2017-10-07 20:30:00,90085.27610999999
2017-10-07 21:00:00,89106.35512666668
2017-10-07 21:30:00,86204.29705
2017-10-07 22:00:00,81097.34661000001
2017-10-07 22:30:00,76613.15102333332
2017-10-07 23:00:00,72274.61475
2017-10-07 23:30:00,67883.6164
2017-10-08 00:00:00,64469.764473333336
2017-10-08 00:30:00,61494.49014666667
2017-10-08 01:00:00,59206.99242
2017-10-08 01:30:00,57645.935529999995
2017-10-08 02:00:00,56108.36032666667
2017-10-08 02:30:00,54949.48393333334
2017-10-08 03:00:00,54214.852179999994
2017-10-08 03:30:00,53714.040726666666
2017-10-08 04:00:00,53535.01484333334
2017-10-08 04:30:00,54440.73319666666
2017-10-08 05:00:00,54478.641059999994
2017-10-08 05:30:00,51067.830590000005
2017-10-08 06:00:00,44456.34679533334
2017-10-08 06:30:00,42581.475846333335
2017-10-08 07:00:00,43535.243535999994
2017-10-08 07:30:00,46139.809991333335
2017-10-08 08:00:00,49868.18935666667
2017-10-08 08:30:00,53253.08455666667
2017-10-08 09:00:00,56673.09474333333
2017-10-08 09:30:00,59948.93150666667
2017-10-08 10:00:00,62334.53794666667
2017-10-08 10:30:00,64321.724729999994
2017-10-08 11:00:00,65590.94680333334
2017-10-08 11:30:00,66931.21226666667
2017-10-08 12:00:00,67542.67235333333
2017-10-08 12:30:00,68040.39109666667
2017-10-08 13:00:00,68861.52563999999
2017-10-08 13:30:00,68761.17652666666
2017-10-08 14:00:00,67761.39790666667
2017-10-08 14:30:00,66162.47968333334
2017-10-08 15:00:00,65441.56506
2017-10-08 15:30:00,64687.49723666667
2017-10-08 16:00:00,63805.65162
2017-10-08 16:30:00,64084.25343333333
2017-10-08 17:00:00,64427.3093
2017-10-08 17:30:00,69471.16081666667
2017-10-08 18:00:00,84487.85015041665
2017-10-08 18:30:00,90444.96891666665
2017-10-08 19:00:00,92053.08075000001
2017-10-08 19:30:00,92412.68496333332
2017-10-08 20:00:00,92073.30376
2017-10-08 20:30:00,90899.39861666667
2017-10-08 21:00:00,89079.32777000002
2017-10-08 21:30:00,85600.10765
2017-10-08 22:00:00,80535.35662333334
2017-10-08 22:30:00,75214.16947000001
2017-10-08 23:00:00,70243.50799666667
2017-10-08 23:30:00,65529.35791
2017-10-09 00:00:00,61501.257196666666
2017-10-09 00:30:00,59088.42518
2017-10-09 01:00:00,56940.661190000006
2017-10-09 01:30:00,55679.08985333333
2017-10-09 02:00:00,55638.261926666666
2017-10-09 02:30:00,55151.88163333334
2017-10-09 03:00:00,54877.68194666667
2017-10-09 03:30:00,54494.57405
2017-10-09 04:00:00,54871.52556
2017-10-09 04:30:00,55685.59541333333
2017-10-09 05:00:00,56592.635676666665
2017-10-09 05:30:00,56122.35136333333
2017-10-09 06:00:00,54171.44917
2017-10-09 06:30:00,52078.315718
2017-10-09 07:00:00,53565.037725333335
2017-10-09 07:30:00,55960.204993333326
2017-10-09 08:00:00,58104.86062666666
2017-10-09 08:30:00,58624.77959666667
2017-10-09 09:00:00,59738.26085
2017-10-09 09:30:00,62804.15992666667
2017-10-09 10:00:00,64616.180140000004
2017-10-09 10:30:00,66416.69876333333
2017-10-09 11:00:00,69118.55524999999
2017-10-09 11:30:00,71514.10584333334
2017-10-09 12:00:00,73425.44174
2017-10-09 12:30:00,73402.01452
2017-10-09 13:00:00,73665.85603666666
2017-10-09 13:30:00,73189.46431666666
2017-10-09 14:00:00,72628.18191333333
2017-10-09 14:30:00,71679.64795666667
2017-10-09 15:00:00,70517.74895
2017-10-09 15:30:00,69444.78404666668
2017-10-09 16:00:00,68827.97325666666
2017-10-09 16:30:00,68537.31352000001
2017-10-09 17:00:00,69786.98763
2017-10-09 17:30:00,76312.96836
2017-10-09 18:00:00,91769.13869166667
2017-10-09 18:30:00,95159.58369333333
2017-10-09 19:00:00,95738.38638
2017-10-09 19:30:00,95502.67391333333
2017-10-09 20:00:00,94797.06056999999
2017-10-09 20:30:00,92197.19890999999
2017-10-09 21:00:00,88647.35674666667
2017-10-09 21:30:00,84521.93867666666
2017-10-09 22:00:00,78884.86971333333
2017-10-09 22:30:00,72918.23614333333
2017-10-09 23:00:00,68428.92472
2017-10-09 23:30:00,64377.075840000005
2017-10-10 00:00:00,60734.086879999995
2017-10-10 00:30:00,58313.01033
2017-10-10 01:00:00,55911.40999666666
2017-10-10 01:30:00,54356.650806666665
2017-10-10 02:00:00,53802.77893666667
2017-10-10 02:30:00,53180.512963333334
2017-10-10 03:00:00,52946.39580666667
2017-10-10 03:30:00,52988.94303333334
2017-10-10 04:00:00,53003.03485333334
2017-10-10 04:30:00,54085.205723333325
2017-10-10 05:00:00,55083.49726666667
2017-10-10 05:30:00,54739.453336666666
2017-10-10 06:00:00,52662.219275
2017-10-10 06:30:00,50763.15311033333
2017-10-10 07:00:00,52129.074275
2017-10-10 07:30:00,53864.32886766666
2017-10-10 08:00:00,57480.684861333335
2017-10-10 08:30:00,60658.537416666666
2017-10-10 09:00:00,63344.68983333334
2017-10-10 09:30:00,66404.17672
2017-10-10 10:00:00,68964.62170666666
2017-10-10 10:30:00,70380.04533333333
2017-10-10 11:00:00,71324.81215666667
2017-10-10 11:30:00,72498.97191000001
2017-10-10 12:00:00,73247.54304333334
2017-10-10 12:30:00,73781.28575333334
2017-10-10 13:00:00,73466.88115
2017-10-10 13:30:00,72707.21219666667
2017-10-10 14:00:00,72556.88379666666
2017-10-10 14:30:00,72116.43922333333
2017-10-10 15:00:00,71097.00637333334
2017-10-10 15:30:00,70345.21434333333
2017-10-10 16:00:00,68961.48759333334
2017-10-10 16:30:00,68668.97102
2017-10-10 17:00:00,69473.9847
2017-10-10 17:30:00,76176.84367999999
2017-10-10 18:00:00,91663.39518166667
2017-10-10 18:30:00,94315.59182333334
2017-10-10 19:00:00,94919.51700666668
2017-10-10 19:30:00,94509.88324
2017-10-10 20:00:00,93900.70499
2017-10-10 20:30:00,91930.66905666667
2017-10-10 21:00:00,88702.23703333334
2017-10-10 21:30:00,83989.68924333334
2017-10-10 22:00:00,78594.34182333334
2017-10-10 22:30:00,73771.92532
2017-10-10 23:00:00,68858.69545
2017-10-10 23:30:00,65006.894499999995
2017-10-11 00:00:00,61812.350876666664
2017-10-11 00:30:00,59782.17341333334
2017-10-11 01:00:00,57591.523649999996
2017-10-11 01:30:00,56293.38578333333
2017-10-11 02:00:00,54663.449786666664
2017-10-11 02:30:00,53469.67683333333
2017-10-11 03:00:00,52859.19968
2017-10-11 03:30:00,52621.66624333333
2017-10-11 04:00:00,52814.38552333333
2017-10-11 04:30:00,53890.40318666666
2017-10-11 05:00:00,55582.20058333333
2017-10-11 05:30:00,55036.72797
2017-10-11 06:00:00,52806.032083
2017-10-11 06:30:00,51255.70177533333
2017-10-11 07:00:00,52744.48394533333
2017-10-11 07:30:00,55431.077797000005
2017-10-11 08:00:00,58665.988040000004
2017-10-11 08:30:00,61272.06844
2017-10-11 09:00:00,63297.26161666666
2017-10-11 09:30:00,66780.42307333332
2017-10-11 10:00:00,69345.64010333334
2017-10-11 10:30:00,70638.60061000001
2017-10-11 11:00:00,71068.85668000001
2017-10-11 11:30:00,72260.60744333333
2017-10-11 12:00:00,73498.73545
2017-10-11 12:30:00,73389.01241000001
2017-10-11 13:00:00,74147.39798000001
2017-10-11 13:30:00,73916.32159333334
2017-10-11 14:00:00,73714.21242666667
2017-10-11 14:30:00,72980.05883666666
2017-10-11 15:00:00,71636.98797999999
2017-10-11 15:30:00,70503.56329333334
2017-10-11 16:00:00,70196.30548
2017-10-11 16:30:00,70254.74609000002
2017-10-11 17:00:00,71404.38848333333
2017-10-11 17:30:00,81155.37023666667
2017-10-11 18:00:00,93822.94588
2017-10-11 18:30:00,95902.30924666667
2017-10-11 19:00:00,95851.35619333334
2017-10-11 19:30:00,95832.32084666665
2017-10-11 20:00:00,94420.03946333333
2017-10-11 20:30:00,91935.39748
2017-10-11 21:00:00,88626.27155999998
2017-10-11 21:30:00,84122.70931666666
2017-10-11 22:00:00,78828.36538999999
2017-10-11 22:30:00,74021.10461666666
2017-10-11 23:00:00,69094.89250333334
2017-10-11 23:30:00,65264.474486666666
2017-10-12 00:00:00,62316.128326666665
2017-10-12 00:30:00,59487.43514666666
2017-10-12 01:00:00,57308.43993666667
2017-10-12 01:30:00,55762.62804666667
2017-10-12 02:00:00,54555.949323333334
2017-10-12 02:30:00,54103.6034
2017-10-12 03:00:00,53646.19514333334
2017-10-12 03:30:00,53874.94522666667
2017-10-12 04:00:00,54346.54070333333
2017-10-12 04:30:00,55608.303243333336
2017-10-12 05:00:00,57148.59587
2017-10-12 05:30:00,57163.56163333334
2017-10-12 06:00:00,55433.40136666666
2017-10-12 06:30:00,52527.05020233333
2017-10-12 07:00:00,53864.703435
2017-10-12 07:30:00,56461.071016
2017-10-12 08:00:00,59635.24231333334
2017-10-12 08:30:00,62533.81203333333
2017-10-12 09:00:00,65986.31529333333
2017-10-12 09:30:00,68806.43659
2017-10-12 10:00:00,71547.93996333332
2017-10-12 10:30:00,72561.94390666667
2017-10-12 11:00:00,73397.96965
2017-10-12 11:30:00,74679.48128666666
2017-10-12 12:00:00,75565.92765333333
2017-10-12 12:30:00,74924.37616666667
2017-10-12 13:00:00,74087.75941333333
2017-10-12 13:30:00,73486.83920666667
2017-10-12 14:00:00,73196.16021666666
2017-10-12 14:30:00,72785.99170666667
2017-10-12 15:00:00,72524.91475
2017-10-12 15:30:00,72115.91182333333
2017-10-12 16:00:00,70750.63208
2017-10-12 16:30:00,69815.75405
2017-10-12 17:00:00,70911.78127666666
2017-10-12 17:30:00,79458.34265666666
2017-10-12 18:00:00,94835.66354
2017-10-12 18:30:00,96707.61689333332
2017-10-12 19:00:00,96822.85446666666
2017-10-12 19:30:00,96776.26349
2017-10-12 20:00:00,95200.17973333334
2017-10-12 20:30:00,92989.10669
2017-10-12 21:00:00,89464.67940333334
2017-10-12 21:30:00,85812.49004333334
2017-10-12 22:00:00,80332.94228333334
2017-10-12 22:30:00,75173.71884333332
2017-10-12 23:00:00,70181.86195
2017-10-12 23:30:00,65707.92315333332
2017-10-13 00:00:00,62602.36335333334
2017-10-13 00:30:00,59904.687470000004
2017-10-13 01:00:00,58260.94596666666
2017-10-13 01:30:00,56435.21076666666
2017-10-13 02:00:00,55198.41095666667
2017-10-13 02:30:00,54889.83913
2017-10-13 03:00:00,54186.81018
2017-10-13 03:30:00,54048.467006666666
2017-10-13 04:00:00,54511.811473333335
2017-10-13 04:30:00,55147.38833666666
2017-10-13 05:00:00,56273.60294666667
2017-10-13 05:30:00,56268.54931333333
2017-10-13 06:00:00,54310.74659333334
2017-10-13 06:30:00,51723.608421000004
2017-10-13 07:00:00,52562.642082
2017-10-13 07:30:00,55169.736213333344
2017-10-13 08:00:00,58137.38750666666
2017-10-13 08:30:00,62126.498265
2017-10-13 09:00:00,65225.189053333335
2017-10-13 09:30:00,67773.56901666666
2017-10-13 10:00:00,69863.13529666666
2017-10-13 10:30:00,71972.92403333333
2017-10-13 11:00:00,73150.65286
2017-10-13 11:30:00,74315.54745333333
2017-10-13 12:00:00,73682.37128333334
2017-10-13 12:30:00,72206.93470333333
2017-10-13 13:00:00,72400.02171666666
2017-10-13 13:30:00,71770.11939666666
2017-10-13 14:00:00,71557.07284
2017-10-13 14:30:00,71039.97712666668
2017-10-13 15:00:00,69841.20183666667
2017-10-13 15:30:00,68224.90806666667
2017-10-13 16:00:00,67611.82313666666
2017-10-13 16:30:00,68070.19837
2017-10-13 17:00:00,69713.58997333334
2017-10-13 17:30:00,77561.80745333333
2017-10-13 18:00:00,91630.42116666667
2017-10-13 18:30:00,94247.04864333333
2017-10-13 19:00:00,94141.41339333332
2017-10-13 19:30:00,93937.48947666667
2017-10-13 20:00:00,92724.80776666668
2017-10-13 20:30:00,91314.37764666666
2017-10-13 21:00:00,89157.65479
2017-10-13 21:30:00,85408.81529666667
2017-10-13 22:00:00,80621.01060666666
2017-10-13 22:30:00,75585.05899666667
2017-10-13 23:00:00,70281.19260666666
2017-10-13 23:30:00,66005.65859666666
2017-10-14 00:00:00,62252.17445333333
2017-10-14 00:30:00,59351.34825666667
2017-10-14 01:00:00,57637.64733666667
2017-10-14 01:30:00,55904.176416666676
2017-10-14 02:00:00,55369.07104333333
2017-10-14 02:30:00,54826.47479333333
2017-10-14 03:00:00,54221.60650999999
2017-10-14 03:30:00,54025.14158333334
2017-10-14 04:00:00,54092.35534
2017-10-14 04:30:00,54680.15628333334
2017-10-14 05:00:00,56167.72605333334
2017-10-14 05:30:00,55094.37659
2017-10-14 06:00:00,51447.24243133334
2017-10-14 06:30:00,48546.622127333336
2017-10-14 07:00:00,50143.411868
2017-10-14 07:30:00,53941.14359066667
2017-10-14 08:00:00,57719.77099833334
2017-10-14 08:30:00,61118.38444666666
2017-10-14 09:00:00,64354.22469
2017-10-14 09:30:00,66863.69501333333
2017-10-14 10:00:00,68880.33662333334
2017-10-14 10:30:00,71675.03899333334
2017-10-14 11:00:00,72731.37484666666
2017-10-14 11:30:00,73821.43832999999
2017-10-14 12:00:00,73724.79989666666
2017-10-14 12:30:00,74436.63646666666
2017-10-14 13:00:00,74597.44734666667
2017-10-14 13:30:00,73373.20061333333
2017-10-14 14:00:00,71718.65334
2017-10-14 14:30:00,71219.54171
2017-10-14 15:00:00,70193.71706666668
2017-10-14 15:30:00,69123.86774333334
2017-10-14 16:00:00,67810.33547333334
2017-10-14 16:30:00,68965.16381666667
2017-10-14 17:00:00,71518.05046333333
2017-10-14 17:30:00,79009.05606333334
2017-10-14 18:00:00,91799.22019333334
2017-10-14 18:30:00,92997.82537333334
2017-10-14 19:00:00,93216.86249333333
2017-10-14 19:30:00,92639.77676
2017-10-14 20:00:00,91498.97444
2017-10-14 20:30:00,90062.22926333333
2017-10-14 21:00:00,88882.83131333334
2017-10-14 21:30:00,84912.95932333333
2017-10-14 22:00:00,80424.71479333333
2017-10-14 22:30:00,75472.05014666666
2017-10-14 23:00:00,70739.88608
2017-10-14 23:30:00,66385.03056666667
2017-10-15 00:00:00,62681.12077666667
2017-10-15 00:30:00,60108.47731333333
2017-10-15 01:00:00,57926.38354666667
2017-10-15 01:30:00,56038.40020999999
2017-10-15 02:00:00,54623.61959000001
2017-10-15 02:30:00,53604.08534666667
2017-10-15 03:00:00,52879.74470333333
2017-10-15 03:30:00,53162.53471666667
2017-10-15 04:00:00,53326.26655
2017-10-15 04:30:00,53622.48408333332
2017-10-15 05:00:00,54784.83607666667
2017-10-15 05:30:00,52377.867953333334
2017-10-15 06:00:00,45442.06486466667
2017-10-15 06:30:00,42460.71805133334
2017-10-15 07:00:00,43675.850001
2017-10-15 07:30:00,45744.749382999995
2017-10-15 08:00:00,49008.68004766666
2017-10-15 08:30:00,52832.19007666667
2017-10-15 09:00:00,56277.54296
2017-10-15 09:30:00,58841.86477000001
2017-10-15 10:00:00,61382.83288
2017-10-15 10:30:00,63265.40819000001
2017-10-15 11:00:00,64972.256276666674
2017-10-15 11:30:00,66015.68996333332
2017-10-15 12:00:00,66568.72316666666
2017-10-15 12:30:00,67381.53014666667
2017-10-15 13:00:00,68242.21492333333
2017-10-15 13:30:00,67876.92076000001
2017-10-15 14:00:00,67453.83067333333
2017-10-15 14:30:00,66370.11547333334
2017-10-15 15:00:00,65180.65111333333
2017-10-15 15:30:00,64388.68684333333
2017-10-15 16:00:00,63127.462146666665
2017-10-15 16:30:00,63157.04574333333
2017-10-15 17:00:00,65059.611436666666
2017-10-15 17:30:00,73820.25319999999
2017-10-15 18:00:00,88087.42625333334
2017-10-15 18:30:00,89907.87024
2017-10-15 19:00:00,90936.81155666667
2017-10-15 19:30:00,91907.48376999999
2017-10-15 20:00:00,91124.77678999999
2017-10-15 20:30:00,89854.47255333334
2017-10-15 21:00:00,87244.92137
2017-10-15 21:30:00,83593.87146666668
2017-10-15 22:00:00,78293.39667
2017-10-15 22:30:00,73631.67310666667
2017-10-15 23:00:00,67832.71873666666
2017-10-15 23:30:00,63866.82543999999
2017-10-16 00:00:00,61131.859586666666
2017-10-16 00:30:00,58342.59038666667
2017-10-16 01:00:00,56545.24223333333
2017-10-16 01:30:00,55548.2599
2017-10-16 02:00:00,54698.883949999996
2017-10-16 02:30:00,54203.49177666666
2017-10-16 03:00:00,53889.79465999999
2017-10-16 03:30:00,53967.589719999996
2017-10-16 04:00:00,54350.933093333326
2017-10-16 04:30:00,55521.799536666666
2017-10-16 05:00:00,57293.09021333334
2017-10-16 05:30:00,56923.67006333333
2017-10-16 06:00:00,54860.088773999996
2017-10-16 06:30:00,51788.06771933334
2017-10-16 07:00:00,53333.67871966667
2017-10-16 07:30:00,55723.160661
2017-10-16 08:00:00,58209.60597433333
2017-10-16 08:30:00,60771.74250966666
2017-10-16 09:00:00,63582.34551666666
2017-10-16 09:30:00,66923.62482666665
2017-10-16 10:00:00,69475.02134666666
2017-10-16 10:30:00,70718.71306666666
2017-10-16 11:00:00,71516.51737999999
2017-10-16 11:30:00,72827.90872666666
2017-10-16 12:00:00,73689.46024999999
2017-10-16 12:30:00,74190.3091
2017-10-16 13:00:00,74004.58363666666
2017-10-16 13:30:00,73623.73970333334
2017-10-16 14:00:00,73388.46804
2017-10-16 14:30:00,72254.63066000001
2017-10-16 15:00:00,70985.05849666666
2017-10-16 15:30:00,70149.60728
2017-10-16 16:00:00,69119.00243666668
2017-10-16 16:30:00,69669.23272
2017-10-16 17:00:00,72493.9609
2017-10-16 17:30:00,82758.3844
2017-10-16 18:00:00,94433.42233333334
2017-10-16 18:30:00,94910.75867666666
2017-10-16 19:00:00,95643.15233999999
2017-10-16 19:30:00,95210.41861666665
2017-10-16 20:00:00,93815.19004
2017-10-16 20:30:00,91598.81688666665
2017-10-16 21:00:00,88178.57617666667
2017-10-16 21:30:00,83716.40054333334
2017-10-16 22:00:00,78672.72013333334
2017-10-16 22:30:00,73248.34267
2017-10-16 23:00:00,68747.34126666667
2017-10-16 23:30:00,64316.21435333334
2017-10-17 00:00:00,60917.31954
2017-10-17 00:30:00,57895.39264333333
2017-10-17 01:00:00,56111.26211
2017-10-17 01:30:00,54783.068269999996
2017-10-17 02:00:00,54020.04756666667
2017-10-17 02:30:00,53396.76502333333
2017-10-17 03:00:00,53465.99513666667
2017-10-17 03:30:00,53357.72453666667
2017-10-17 04:00:00,53744.96046333333
2017-10-17 04:30:00,54644.53013
2017-10-17 05:00:00,56974.36990333333
2017-10-17 05:30:00,56853.00545
2017-10-17 06:00:00,55252.811014000006
2017-10-17 06:30:00,52535.09096466666
2017-10-17 07:00:00,54440.62735166666
2017-10-17 07:30:00,56822.854354
2017-10-17 08:00:00,59973.702525
2017-10-17 08:30:00,61871.237475
2017-10-17 09:00:00,63611.259563
2017-10-17 09:30:00,65911.599204
2017-10-17 10:00:00,68439.04794666667
2017-10-17 10:30:00,70306.15071333334
2017-10-17 11:00:00,72311.57998333333
2017-10-17 11:30:00,73965.29074
2017-10-17 12:00:00,74317.46862
2017-10-17 12:30:00,73511.7596
2017-10-17 13:00:00,73522.40784
2017-10-17 13:30:00,73192.81428333333
2017-10-17 14:00:00,72882.58152333333
2017-10-17 14:30:00,72115.20629333334
2017-10-17 15:00:00,70463.61071
2017-10-17 15:30:00,69493.15389
2017-10-17 16:00:00,69046.17268
2017-10-17 16:30:00,69821.82195666667
2017-10-17 17:00:00,72378.26357666666
2017-10-17 17:30:00,83575.78844666666
2017-10-17 18:00:00,95609.47253999999
2017-10-17 18:30:00,95958.19638333334
2017-10-17 19:00:00,95871.46744666668
2017-10-17 19:30:00,95703.88057666666
2017-10-17 20:00:00,93647.14344333333
2017-10-17 20:30:00,92111.86467
2017-10-17 21:00:00,88767.65417
2017-10-17 21:30:00,84273.12505000002
2017-10-17 22:00:00,78947.34301999999
2017-10-17 22:30:00,74204.19698999998
2017-10-17 23:00:00,69069.45588666666
2017-10-17 23:30:00,64551.81669333333
2017-10-18 00:00:00,61055.39019333333
2017-10-18 00:30:00,58016.77156666666
2017-10-18 01:00:00,56129.48338666666
2017-10-18 01:30:00,55031.27417000001
2017-10-18 02:00:00,54445.56102
2017-10-18 02:30:00,53918.92858
2017-10-18 03:00:00,53836.30935
2017-10-18 03:30:00,53797.11834666666
2017-10-18 04:00:00,54415.73007333333
2017-10-18 04:30:00,55027.566593333344
2017-10-18 05:00:00,57242.66360666667
2017-10-18 05:30:00,57398.12884333334
2017-10-18 06:00:00,56359.639716666665
2017-10-18 06:30:00,54496.310543
2017-10-18 07:00:00,54432.84378533333
2017-10-18 07:30:00,56674.264616333334
2017-10-18 08:00:00,58996.077287
2017-10-18 08:30:00,63060.42789666667
2017-10-18 09:00:00,64115.53096333333
2017-10-18 09:30:00,63068.04271666667
2017-10-18 10:00:00,66072.10237333334
2017-10-18 10:30:00,67067.52429666667
2017-10-18 11:00:00,70810.3018
2017-10-18 11:30:00,74815.93786
2017-10-18 12:00:00,75622.38089333333
2017-10-18 12:30:00,74047.34733333334
2017-10-18 13:00:00,73488.62972666667
2017-10-18 13:30:00,73221.45927666668
2017-10-18 14:00:00,72932.30952333333
2017-10-18 14:30:00,72160.37939666667
2017-10-18 15:00:00,71821.83701999999
2017-10-18 15:30:00,71612.76385666667
2017-10-18 16:00:00,70852.24367666668
2017-10-18 16:30:00,71720.66525666666
2017-10-18 17:00:00,76659.15529666666
2017-10-18 17:30:00,87377.54698
2017-10-18 18:00:00,96793.87846666668
2017-10-18 18:30:00,96716.00444
2017-10-18 19:00:00,96516.13736333333
2017-10-18 19:30:00,96038.89154666667
2017-10-18 20:00:00,93539.93710666666
2017-10-18 20:30:00,90898.13263666666
2017-10-18 21:00:00,86641.20949666666
2017-10-18 21:30:00,82397.89056666667
2017-10-18 22:00:00,76840.80292999999
2017-10-18 22:30:00,71813.06336
2017-10-18 23:00:00,67786.41073333332
2017-10-18 23:30:00,63954.90005666667
2017-10-19 00:00:00,60760.971633333334
2017-10-19 00:30:00,58432.6904
2017-10-19 01:00:00,56778.35965333334
2017-10-19 01:30:00,55490.555389999994
2017-10-19 02:00:00,54676.17657
2017-10-19 02:30:00,53803.375036666665
2017-10-19 03:00:00,53432.23389999999
2017-10-19 03:30:00,53243.394113333336
2017-10-19 04:00:00,53731.77612333334
2017-10-19 04:30:00,54553.09938666667
2017-10-19 05:00:00,56695.77330333334
2017-10-19 05:30:00,56795.84089
2017-10-19 06:00:00,54990.30577666667
2017-10-19 06:30:00,52166.179359333335
2017-10-19 07:00:00,53296.77800766667
2017-10-19 07:30:00,55964.62330566667
2017-10-19 08:00:00,58435.509842
2017-10-19 08:30:00,60999.10696333333
2017-10-19 09:00:00,64685.97775
2017-10-19 09:30:00,66798.52326666667
2017-10-19 10:00:00,68689.32114
2017-10-19 10:30:00,70012.05682
2017-10-19 11:00:00,71493.76422
2017-10-19 11:30:00,72751.84481333334
2017-10-19 12:00:00,72804.79910666667
2017-10-19 12:30:00,73511.68723666666
2017-10-19 13:00:00,73214.33042999999
2017-10-19 13:30:00,73035.45666333333
2017-10-19 14:00:00,72544.66195
2017-10-19 14:30:00,71478.68666
2017-10-19 15:00:00,70287.13625333334
2017-10-19 15:30:00,70474.31418666667
2017-10-19 16:00:00,70536.76539666667
2017-10-19 16:30:00,70122.40694
2017-10-19 17:00:00,70977.05636333334
2017-10-19 17:30:00,83005.69941
2017-10-19 18:00:00,94583.88118666667
2017-10-19 18:30:00,94482.83135333333
2017-10-19 19:00:00,94906.49926666667
2017-10-19 19:30:00,94832.11682333333
2017-10-19 20:00:00,93471.70484666666
2017-10-19 20:30:00,91118.75533
2017-10-19 21:00:00,87333.07428
2017-10-19 21:30:00,83066.73307333334
2017-10-19 22:00:00,78293.43482666666
2017-10-19 22:30:00,73044.85846666666
2017-10-19 23:00:00,68412.56696666667
2017-10-19 23:30:00,64248.94875666667
2017-10-20 00:00:00,60389.32992333334
2017-10-20 00:30:00,57460.5758
2017-10-20 01:00:00,55949.93477666667
2017-10-20 01:30:00,54296.99600333333
2017-10-20 02:00:00,53348.16703666667
2017-10-20 02:30:00,52992.753006666666
2017-10-20 03:00:00,52809.482893333334
2017-10-20 03:30:00,52587.27105666667
2017-10-20 04:00:00,52919.565753333336
2017-10-20 04:30:00,53373.70181333334
2017-10-20 05:00:00,55240.609073333326
2017-10-20 05:30:00,55327.99446666666
2017-10-20 06:00:00,53670.20953066667
2017-10-20 06:30:00,50170.06354133334
2017-10-20 07:00:00,51282.05781833333
2017-10-20 07:30:00,53729.03531133333
2017-10-20 08:00:00,57253.05500999999
2017-10-20 08:30:00,60059.64632100001
2017-10-20 09:00:00,62756.089198
2017-10-20 09:30:00,65056.25788
2017-10-20 10:00:00,67757.97523
2017-10-20 10:30:00,69226.52255666668
2017-10-20 11:00:00,70212.54727
2017-10-20 11:30:00,71799.74412
2017-10-20 12:00:00,70611.64212333334
2017-10-20 12:30:00,69625.46789333335
2017-10-20 13:00:00,69844.44116333332
2017-10-20 13:30:00,69225.92234291667
2017-10-20 14:00:00,68907.69801666668
2017-10-20 14:30:00,68646.69639083334
2017-10-20 15:00:00,68505.21180333332
2017-10-20 15:30:00,67421.42761
2017-10-20 16:00:00,66796.28390666666
2017-10-20 16:30:00,66460.26338666667
2017-10-20 17:00:00,67642.20725
2017-10-20 17:30:00,78372.91983
2017-10-20 18:00:00,90459.51402
2017-10-20 18:30:00,91665.70041333332
2017-10-20 19:00:00,91987.59414333334
2017-10-20 19:30:00,91868.99301666666
2017-10-20 20:00:00,91141.19142333332
2017-10-20 20:30:00,89421.75372333334
2017-10-20 21:00:00,86960.6836
2017-10-20 21:30:00,83286.49572
2017-10-20 22:00:00,79335.44940666667
2017-10-20 22:30:00,74519.13276
2017-10-20 23:00:00,69209.09779666667
2017-10-20 23:30:00,65311.612909999996
2017-10-21 00:00:00,61795.53608
2017-10-21 00:30:00,59171.623446666665
2017-10-21 01:00:00,56733.77621333333
2017-10-21 01:30:00,54591.344829999995
2017-10-21 02:00:00,53679.720043333335
2017-10-21 02:30:00,53225.72888333333
2017-10-21 03:00:00,52769.486880000004
2017-10-21 03:30:00,52397.008356666665
2017-10-21 04:00:00,52332.09103333333
2017-10-21 04:30:00,52244.858609999996
2017-10-21 05:00:00,54545.94421666666
2017-10-21 05:30:00,54026.777930000004
2017-10-21 06:00:00,50561.895612
2017-10-21 06:30:00,46674.18665633333
2017-10-21 07:00:00,48328.17427166667
2017-10-21 07:30:00,51004.19861666667
2017-10-21 08:00:00,54907.269820999994
2017-10-21 08:30:00,58467.996091333334
2017-10-21 09:00:00,61336.323616333335
2017-10-21 09:30:00,64899.819310666666
2017-10-21 10:00:00,66956.77450666665
2017-10-21 10:30:00,68966.21864333334
2017-10-21 11:00:00,70640.31980333333
2017-10-21 11:30:00,71965.49279
2017-10-21 12:00:00,72119.72594333334
2017-10-21 12:30:00,72058.11849333333
2017-10-21 13:00:00,71828.60130333334
2017-10-21 13:30:00,71349.98797999999
2017-10-21 14:00:00,70885.7587
2017-10-21 14:30:00,69353.72877
2017-10-21 15:00:00,68174.66238
2017-10-21 15:30:00,67594.54499666666
2017-10-21 16:00:00,66822.89839666667
2017-10-21 16:30:00,67137.60781333332
2017-10-21 17:00:00,69492.78088666666
2017-10-21 17:30:00,80799.60989
2017-10-21 18:00:00,91072.37542333333
2017-10-21 18:30:00,91402.02005333333
2017-10-21 19:00:00,91112.89735333335
2017-10-21 19:30:00,91098.66300666665
2017-10-21 20:00:00,90382.97296666667
2017-10-21 20:30:00,88787.32277000001
2017-10-21 21:00:00,86631.61665666667
2017-10-21 21:30:00,83266.00619333335
2017-10-21 22:00:00,79424.23187999999
2017-10-21 22:30:00,74965.37844333333
2017-10-21 23:00:00,70071.05417666666
2017-10-21 23:30:00,65174.41607000001
2017-10-22 00:00:00,61352.79333666666
2017-10-22 00:30:00,58223.99556333333
2017-10-22 01:00:00,56020.36718
2017-10-22 01:30:00,54745.078043333335
2017-10-22 02:00:00,53328.98760666666
2017-10-22 02:30:00,52176.6402
2017-10-22 03:00:00,52377.78498333334
2017-10-22 03:30:00,51678.098196666666
2017-10-22 04:00:00,51559.96968
2017-10-22 04:30:00,52154.10634
2017-10-22 05:00:00,53581.77787333333
2017-10-22 05:30:00,51888.5613
2017-10-22 06:00:00,45808.13408233333
2017-10-22 06:30:00,41310.94036099999
2017-10-22 07:00:00,42151.791672
2017-10-22 07:30:00,44487.08129633334
2017-10-22 08:00:00,47887.42734999999
2017-10-22 08:30:00,51376.129500333336
2017-10-22 09:00:00,54576.01089500001
2017-10-22 09:30:00,57784.95046
2017-10-22 10:00:00,59969.145073333326
2017-10-22 10:30:00,62136.98536333333
2017-10-22 11:00:00,63619.21794333333
2017-10-22 11:30:00,65131.62483666666
2017-10-22 12:00:00,65994.81051333333
2017-10-22 12:30:00,66270.00953333334
2017-10-22 13:00:00,66661.14120333333
2017-10-22 13:30:00,66382.52610333334
2017-10-22 14:00:00,65770.01762333333
2017-10-22 14:30:00,64815.67697666667
2017-10-22 15:00:00,63635.8801
2017-10-22 15:30:00,62561.575749999996
2017-10-22 16:00:00,61626.29667
2017-10-22 16:30:00,61388.850600000005
2017-10-22 17:00:00,63932.86479666666
2017-10-22 17:30:00,76025.06494333333
2017-10-22 18:00:00,86745.35134333333
2017-10-22 18:30:00,88920.01437666667
2017-10-22 19:00:00,89508.68008333333
2017-10-22 19:30:00,89851.61173333332
2017-10-22 20:00:00,89714.65391333331
2017-10-22 20:30:00,88547.94306
2017-10-22 21:00:00,86768.49507333334
2017-10-22 21:30:00,82494.71011666667
2017-10-22 22:00:00,76590.96772333334
2017-10-22 22:30:00,71417.7461
2017-10-22 23:00:00,66621.31870333334
2017-10-22 23:30:00,62014.659056666664
2017-10-23 00:00:00,58786.74002333334
2017-10-23 00:30:00,56454.66604333333
2017-10-23 01:00:00,54987.71066666666
2017-10-23 01:30:00,54015.76048333334
2017-10-23 02:00:00,52832.399379999995
2017-10-23 02:30:00,51890.29591000001
2017-10-23 03:00:00,51861.05693333333
2017-10-23 03:30:00,51769.94954
2017-10-23 04:00:00,52124.87963666667
2017-10-23 04:30:00,52738.98955
2017-10-23 05:00:00,54632.417819999995
2017-10-23 05:30:00,55220.14166666666
2017-10-23 06:00:00,54322.891455666664
2017-10-23 06:30:00,50423.515865
2017-10-23 07:00:00,51474.453915666665
2017-10-23 07:30:00,53236.74844633333
2017-10-23 08:00:00,56157.86170033333
2017-10-23 08:30:00,59210.25477199999
2017-10-23 09:00:00,61358.73887366667
2017-10-23 09:30:00,64498.40038000001
2017-10-23 10:00:00,66851.99212333333
2017-10-23 10:30:00,68341.603
2017-10-23 11:00:00,70323.73703999999
2017-10-23 11:30:00,71661.97466333333
2017-10-23 12:00:00,71832.80477333332
2017-10-23 12:30:00,72314.06959666667
2017-10-23 13:00:00,71575.47497
2017-10-23 13:30:00,71605.7322
2017-10-23 14:00:00,71753.11179666665
2017-10-23 14:30:00,71353.33941
2017-10-23 15:00:00,70448.12565666667
2017-10-23 15:30:00,69401.13198666666
2017-10-23 16:00:00,68691.43477666668
2017-10-23 16:30:00,68608.97606
2017-10-23 17:00:00,71502.14903333333
2017-10-23 17:30:00,85416.95127666667
2017-10-23 18:00:00,94553.23246333333
2017-10-23 18:30:00,94707.12161999999
2017-10-23 19:00:00,94693.11274333333
2017-10-23 19:30:00,94194.63601
2017-10-23 20:00:00,92464.65746
2017-10-23 20:30:00,90345.95388333332
2017-10-23 21:00:00,86275.04647
2017-10-23 21:30:00,82416.17928333335
2017-10-23 22:00:00,77213.61119000001
2017-10-23 22:30:00,71532.84546666667
2017-10-23 23:00:00,66455.42791666665
2017-10-23 23:30:00,62619.54525333334
2017-10-24 00:00:00,59284.002673333336
2017-10-24 00:30:00,56926.39082666667
2017-10-24 01:00:00,54969.39116666667
2017-10-24 01:30:00,53449.82716666666
2017-10-24 02:00:00,52716.68637
2017-10-24 02:30:00,52096.977600000006
2017-10-24 03:00:00,52084.45123666667
2017-10-24 03:30:00,51730.11200333334
2017-10-24 04:00:00,51973.94386
2017-10-24 04:30:00,52612.32540666667
2017-10-24 05:00:00,55518.83121333333
2017-10-24 05:30:00,56928.77575333333
2017-10-24 06:00:00,55558.686544
2017-10-24 06:30:00,51257.85788866666
2017-10-24 07:00:00,52514.182756999995
2017-10-24 07:30:00,54785.57740333333
2017-10-24 08:00:00,57454.99209933333
2017-10-24 08:30:00,60290.59899599999
2017-10-24 09:00:00,62565.005766333335
2017-10-24 09:30:00,64984.604981000004
2017-10-24 10:00:00,67327.34136
2017-10-24 10:30:00,69226.37385333334
2017-10-24 11:00:00,71726.95030333333
2017-10-24 11:30:00,72770.39002333333
2017-10-24 12:00:00,73146.43533666666
2017-10-24 12:30:00,72977.92261333333
2017-10-24 13:00:00,72949.65362333333
2017-10-24 13:30:00,72080.03083666666
2017-10-24 14:00:00,72010.78002666666
2017-10-24 14:30:00,71412.31935666666
2017-10-24 15:00:00,70266.29374
2017-10-24 15:30:00,69696.44944333333
2017-10-24 16:00:00,69100.03824333334
2017-10-24 16:30:00,69191.65012666666
2017-10-24 17:00:00,71772.89468666667
2017-10-24 17:30:00,85689.22494666667
2017-10-24 18:00:00,95092.98293666665
2017-10-24 18:30:00,94801.93346333333
2017-10-24 19:00:00,94859.03134
2017-10-24 19:30:00,94341.80912
2017-10-24 20:00:00,93436.88806000001
2017-10-24 20:30:00,91325.16721666667
2017-10-24 21:00:00,88254.29641333333
2017-10-24 21:30:00,83393.3322
2017-10-24 22:00:00,77806.79072666667
2017-10-24 22:30:00,72917.20077000001
2017-10-24 23:00:00,68089.22449
2017-10-24 23:30:00,63854.621673333335
2017-10-25 00:00:00,59846.50782333334
2017-10-25 00:30:00,56532.45584333334
2017-10-25 01:00:00,54604.609319999996
2017-10-25 01:30:00,52607.89379666666
2017-10-25 02:00:00,52140.978299999995
2017-10-25 02:30:00,51149.99961666667
2017-10-25 03:00:00,50629.80998
2017-10-25 03:30:00,50977.27360666666
2017-10-25 04:00:00,51358.590723333335
2017-10-25 04:30:00,52086.057316666665
2017-10-25 05:00:00,55198.477836666665
2017-10-25 05:30:00,56638.56032
2017-10-25 06:00:00,55570.219088000005
2017-10-25 06:30:00,51579.25913300001
2017-10-25 07:00:00,53031.62563566666
2017-10-25 07:30:00,54925.579238666665
2017-10-25 08:00:00,57888.643748333336
2017-10-25 08:30:00,60793.897248
2017-10-25 09:00:00,62917.787242333325
2017-10-25 09:30:00,65581.08832333333
2017-10-25 10:00:00,68326.07578999999
2017-10-25 10:30:00,69797.66230666667
2017-10-25 11:00:00,70599.00106
2017-10-25 11:30:00,72574.29091
2017-10-25 12:00:00,72986.37183
2017-10-25 12:30:00,72576.36649666667
2017-10-25 13:00:00,72711.88231999999
2017-10-25 13:30:00,72345.19117666666
2017-10-25 14:00:00,71779.03176333333
2017-10-25 14:30:00,70994.87333666667
2017-10-25 15:00:00,70587.36944
2017-10-25 15:30:00,69730.73834333335
2017-10-25 16:00:00,68701.58451333334
2017-10-25 16:30:00,68721.22589666666
2017-10-25 17:00:00,72158.61202333333
2017-10-25 17:30:00,85732.13992333332
2017-10-25 18:00:00,95975.03560333334
2017-10-25 18:30:00,95281.76113333333
2017-10-25 19:00:00,95273.45211
2017-10-25 19:30:00,94059.35238333333
2017-10-25 20:00:00,93046.05103000002
2017-10-25 20:30:00,90876.39194
2017-10-25 21:00:00,87483.85144333333
2017-10-25 21:30:00,82861.17819333333
2017-10-25 22:00:00,77776.07703
2017-10-25 22:30:00,72218.45112666667
2017-10-25 23:00:00,66394.26575333334
2017-10-25 23:30:00,62572.81267000001
2017-10-26 00:00:00,59586.34357999999
2017-10-26 00:30:00,57137.323926666664
2017-10-26 01:00:00,54965.121199999994
2017-10-26 01:30:00,53464.902696666664
2017-10-26 02:00:00,52735.871439999995
2017-10-26 02:30:00,52206.646043333334
2017-10-26 03:00:00,52037.74095666667
2017-10-26 03:30:00,51798.02392
2017-10-26 04:00:00,51951.61262666667
2017-10-26 04:30:00,52529.92381000001
2017-10-26 05:00:00,55218.14128
2017-10-26 05:30:00,56353.83187999999
2017-10-26 06:00:00,56056.624419666674
2017-10-26 06:30:00,51930.370598999994
2017-10-26 07:00:00,52276.021378666665
2017-10-26 07:30:00,54892.95455033333
2017-10-26 08:00:00,58375.77713899999
2017-10-26 08:30:00,60970.83420233333
2017-10-26 09:00:00,62446.08304
2017-10-26 09:30:00,65046.216935000004
2017-10-26 10:00:00,66909.26821
2017-10-26 10:30:00,68029.34134166666
2017-10-26 11:00:00,69189.13648333332
2017-10-26 11:30:00,70628.34220333333
2017-10-26 12:00:00,70711.39562666666
2017-10-26 12:30:00,71264.12226333334
2017-10-26 13:00:00,71315.57646333333
2017-10-26 13:30:00,70858.71732333333
2017-10-26 14:00:00,71061.04825666668
2017-10-26 14:30:00,70854.42753333334
2017-10-26 15:00:00,69635.78804333333
2017-10-26 15:30:00,68999.22066333333
2017-10-26 16:00:00,68032.60624
2017-10-26 16:30:00,68089.20039
2017-10-26 17:00:00,72893.30365
2017-10-26 17:30:00,87453.68582333333
2017-10-26 18:00:00,95939.52041666668
2017-10-26 18:30:00,95394.13709000002
2017-10-26 19:00:00,95090.71118
2017-10-26 19:30:00,94962.10347333334
2017-10-26 20:00:00,93684.26923666666
2017-10-26 20:30:00,91351.35808333334
2017-10-26 21:00:00,87461.15406000002
2017-10-26 21:30:00,82865.53448333334
2017-10-26 22:00:00,78262.50721666667
2017-10-26 22:30:00,70351.55783666666
2017-10-26 23:00:00,67131.64775
2017-10-26 23:30:00,63838.294506666665
2017-10-27 00:00:00,60066.44007333333
2017-10-27 00:30:00,57790.45689666667
2017-10-27 01:00:00,54905.630833333336
2017-10-27 01:30:00,52925.74947333333
2017-10-27 02:00:00,51986.77414
2017-10-27 02:30:00,51335.32939
2017-10-27 03:00:00,51044.09417
2017-10-27 03:30:00,50898.93356666667
2017-10-27 04:00:00,51573.20415
2017-10-27 04:30:00,52444.85923
2017-10-27 05:00:00,55036.875850000004
2017-10-27 05:30:00,54515.46742666667
2017-10-27 06:00:00,52586.28779666667
2017-10-27 06:30:00,51002.79010033334
2017-10-27 07:00:00,52335.60232233334
2017-10-27 07:30:00,53917.835566666676
2017-10-27 08:00:00,55958.59336233333
2017-10-27 08:30:00,59285.399458
2017-10-27 09:00:00,62085.23582
2017-10-27 09:30:00,65506.880520000006
2017-10-27 10:00:00,66904.84391
2017-10-27 10:30:00,68331.675
2017-10-27 11:00:00,69816.48502000001
2017-10-27 11:30:00,71578.74523
2017-10-27 12:00:00,70041.18987
2017-10-27 12:30:00,69594.56298000002
2017-10-27 13:00:00,69603.75331
2017-10-27 13:30:00,69409.95341999999
2017-10-27 14:00:00,69006.58152041667
2017-10-27 14:30:00,68644.10473125002
2017-10-27 15:00:00,66965.24701333336
2017-10-27 15:30:00,66954.67101000003
2017-10-27 16:00:00,65441.32606875002
2017-10-27 16:30:00,65807.29024583334
2017-10-27 17:00:00,70664.32596333332
2017-10-27 17:30:00,83691.68140333334
2017-10-27 18:00:00,91007.28736666667
2017-10-27 18:30:00,90907.23830000001
2017-10-27 19:00:00,91691.16161999998
2017-10-27 19:30:00,91691.16161999998
2017-10-27 20:00:00,90013.8448
2017-10-27 20:30:00,88675.66236999999
2017-10-27 21:00:00,85796.87915333333
2017-10-27 21:30:00,81931.21835333334
2017-10-27 22:00:00,77474.54879666667
2017-10-27 22:30:00,72170.61950333334
2017-10-27 23:00:00,66798.05019
2017-10-27 23:30:00,63201.215416666666
2017-10-28 00:00:00,60369.64827333333
2017-10-28 00:30:00,57460.63452666667
2017-10-28 01:00:00,54472.06963333333
2017-10-28 01:30:00,52955.91491666667
2017-10-28 02:00:00,52161.92603666667
2017-10-28 02:30:00,50995.357103333336
2017-10-28 03:00:00,50767.00976666668
2017-10-28 03:30:00,50838.802330000006
2017-10-28 04:00:00,50990.827893333335
2017-10-28 04:30:00,51264.463220000005
2017-10-28 05:00:00,53868.78557
2017-10-28 05:30:00,54361.48270666667
2017-10-28 06:00:00,52450.05202833333
2017-10-28 06:30:00,47908.09829533333
2017-10-28 07:00:00,49412.352287333335
2017-10-28 07:30:00,51554.813507000006
2017-10-28 08:00:00,55020.150421
2017-10-28 08:30:00,58161.52849233333
2017-10-28 09:00:00,61258.407648
2017-10-28 09:30:00,64510.56824666667
2017-10-28 10:00:00,66650.74712999999
2017-10-28 10:30:00,68633.98165
2017-10-28 11:00:00,70092.42582333332
2017-10-28 11:30:00,70798.27564333333
2017-10-28 12:00:00,71134.39655
2017-10-28 12:30:00,71020.28878666667
2017-10-28 13:00:00,70745.01377333332
2017-10-28 13:30:00,70341.53532333333
2017-10-28 14:00:00,69301.44806333333
2017-10-28 14:30:00,67422.44039666666
2017-10-28 15:00:00,66435.29450999999
2017-10-28 15:30:00,65869.457
2017-10-28 16:00:00,64749.79516
2017-10-28 16:30:00,64988.83171666667
2017-10-28 17:00:00,68763.38544666667
2017-10-28 17:30:00,83232.86129791666
2017-10-28 18:00:00,91329.37969666667
2017-10-28 18:30:00,91015.54326333334
2017-10-28 19:00:00,91139.36116999999
2017-10-28 19:30:00,90258.89075333334
2017-10-28 20:00:00,88419.09252
2017-10-28 20:30:00,86883.98766333335
2017-10-28 21:00:00,84700.75852
2017-10-28 21:30:00,81094.73854666667
2017-10-28 22:00:00,76951.13802666667
2017-10-28 22:30:00,72345.15415
2017-10-28 23:00:00,65768.92296666668
2017-10-28 23:30:00,62195.51892333333
2017-10-29 00:00:00,58833.014579999995
2017-10-29 00:30:00,56673.42833333334
2017-10-29 01:00:00,54480.928003333334
2017-10-29 01:30:00,53090.82665333333
2017-10-29 02:00:00,52118.75836666667
2017-10-29 02:30:00,51423.59044
2017-10-29 03:00:00,50738.73412666667
2017-10-29 03:30:00,50143.59990333333
2017-10-29 04:00:00,50226.21839666667
2017-10-29 04:30:00,49951.26686666667
2017-10-29 05:00:00,51846.90097333334
2017-10-29 05:30:00,50358.09681333334
2017-10-29 06:00:00,45944.20224700001
2017-10-29 06:30:00,40809.806542666665
2017-10-29 07:00:00,40635.89710666667
2017-10-29 07:30:00,41967.56330766666
2017-10-29 08:00:00,44767.005323
2017-10-29 08:30:00,48223.931047666665
2017-10-29 09:00:00,52296.599143
2017-10-29 09:30:00,55603.30234433333
2017-10-29 10:00:00,57802.629088999995
2017-10-29 10:30:00,59226.59115999999
2017-10-29 11:00:00,60941.85618
2017-10-29 11:30:00,62911.64342
2017-10-29 12:00:00,64188.17531333334
2017-10-29 12:30:00,64432.017196666675
2017-10-29 13:00:00,64881.55307666666
2017-10-29 13:30:00,65003.85781666666
2017-10-29 14:00:00,64295.01745000001
2017-10-29 14:30:00,63606.56339
2017-10-29 15:00:00,63132.50996333334
2017-10-29 15:30:00,61798.565630000005
2017-10-29 16:00:00,61082.47183
2017-10-29 16:30:00,60940.00118333334
2017-10-29 17:00:00,64335.95226333333
2017-10-29 17:30:00,78980.51698666667
2017-10-29 18:00:00,85793.35017333333
2017-10-29 18:30:00,86513.42612666667
2017-10-29 19:00:00,86978.28574
2017-10-29 19:30:00,87556.28957666666
2017-10-29 20:00:00,86902.27993666667
2017-10-29 20:30:00,85818.30099208334
2017-10-29 21:00:00,83506.87969666667
2017-10-29 21:30:00,80031.47446
2017-10-29 22:00:00,76632.60273333333
2017-10-29 22:30:00,71822.47171333333
2017-10-29 23:00:00,66640.30526666668
2017-10-29 23:30:00,62338.12191666666
2017-10-30 00:00:00,58630.149073333334
2017-10-30 00:30:00,56069.49136000001
2017-10-30 01:00:00,53776.544850000006
2017-10-30 01:30:00,52301.69508666667
2017-10-30 02:00:00,51656.11073000001
2017-10-30 02:30:00,51151.27817333333
2017-10-30 03:00:00,50908.230749999995
2017-10-30 03:30:00,50451.60275
2017-10-30 04:00:00,50571.42195333334
2017-10-30 04:30:00,51342.28477
2017-10-30 05:00:00,53061.174250000004
2017-10-30 05:30:00,52182.145909583334
2017-10-30 06:00:00,49038.19653066667
2017-10-30 06:30:00,46775.21986062502
2017-10-30 07:00:00,48794.96143133334
2017-10-30 07:30:00,49613.78981433334
2017-10-30 08:00:00,52976.99653233334
2017-10-30 08:30:00,55955.83821966666
2017-10-30 09:00:00,59061.000820999994
2017-10-30 09:30:00,61972.39521133333
2017-10-30 10:00:00,64135.20948
2017-10-30 10:30:00,66658.00913433333
2017-10-30 11:00:00,68426.90473000001
2017-10-30 11:30:00,69310.90892999999
2017-10-30 12:00:00,70228.34381
2017-10-30 12:30:00,71987.27269666667
2017-10-30 13:00:00,71791.65974333334
2017-10-30 13:30:00,70823.10840666667
2017-10-30 14:00:00,70162.55814
2017-10-30 14:30:00,69862.69368333333
2017-10-30 15:00:00,69208.60507333332
2017-10-30 15:30:00,68309.66137333334
2017-10-30 16:00:00,67826.94489666667
2017-10-30 16:30:00,68358.13943333334
2017-10-30 17:00:00,72464.71123333334
2017-10-30 17:30:00,86974.28111333335
2017-10-30 18:00:00,92043.47116
2017-10-30 18:30:00,92066.25289333332
2017-10-30 19:00:00,91808.44544333332
2017-10-30 19:30:00,91691.16161999998
2017-10-30 20:00:00,90151.76830333333
2017-10-30 20:30:00,88777.10375333333
2017-10-30 21:00:00,86672.92828000001
2017-10-30 21:30:00,82711.26399333334
2017-10-30 22:00:00,78212.98045999999
2017-10-30 22:30:00,73154.27873
2017-10-30 23:00:00,68298.11963333334
2017-10-30 23:30:00,64379.122169999995
2017-10-31 00:00:00,60774.48820333334
2017-10-31 00:30:00,57705.66536666666
2017-10-31 01:00:00,55256.01342
2017-10-31 01:30:00,53635.91237333333
2017-10-31 02:00:00,52484.26334666667
2017-10-31 02:30:00,51905.10249666666
2017-10-31 03:00:00,51554.05749666667
2017-10-31 03:30:00,51295.44234666667
2017-10-31 04:00:00,51910.421630000004
2017-10-31 04:30:00,52379.98465666667
2017-10-31 05:00:00,53976.11057
2017-10-31 05:30:00,52814.484449999996
2017-10-31 06:00:00,49695.78263633334
2017-10-31 06:30:00,47129.01629220834
2017-10-31 07:00:00,50257.958817
2017-10-31 07:30:00,50743.883718
2017-10-31 08:00:00,54312.62867433333
2017-10-31 08:30:00,57321.62913866667
2017-10-31 09:00:00,59536.030181999995
2017-10-31 09:30:00,62022.75007066667
2017-10-31 10:00:00,64490.738654333334
2017-10-31 10:30:00,66357.06702333332
2017-10-31 11:00:00,67604.71261
2017-10-31 11:30:00,68539.14632666665
2017-10-31 12:00:00,69594.56298000002
2017-10-31 12:30:00,70738.95987
2017-10-31 13:00:00,71559.16300666665
2017-10-31 13:30:00,70966.88455666667
2017-10-31 14:00:00,70756.48967333334
2017-10-31 14:30:00,70515.57638333335
2017-10-31 15:00:00,69845.53233
2017-10-31 15:30:00,69101.98021
2017-10-31 16:00:00,69027.81901666666
2017-10-31 16:30:00,69678.35880666667
2017-10-31 17:00:00,74081.63622333332
2017-10-31 17:30:00,89555.12681333332
2017-10-31 18:00:00,93857.88912333334
2017-10-31 18:30:00,94182.12228333333
2017-10-31 19:00:00,93745.05026666667
2017-10-31 19:30:00,92511.63571333334
2017-10-31 20:00:00,91741.00294333334
2017-10-31 20:30:00,90124.31688000001
2017-10-31 21:00:00,87200.53696
2017-10-31 21:30:00,83965.09424666666
2017-10-31 22:00:00,79590.93509
2017-10-31 22:30:00,75230.60938
2017-10-31 23:00:00,70171.13202
2017-10-31 23:30:00,65673.33112999999
2017-11-01 00:00:00,61248.36214333333
2017-11-01 00:30:00,57924.25354666667
2017-11-01 01:00:00,54926.01845333333
2017-11-01 01:30:00,53150.79974000001
2017-11-01 02:00:00,52320.00510666667
2017-11-01 02:30:00,51759.15688
2017-11-01 03:00:00,51146.08031333333
2017-11-01 03:30:00,50916.45596
2017-11-01 04:00:00,50831.09265666667
2017-11-01 04:30:00,51591.88961666666
2017-11-01 05:00:00,53450.669733333336
2017-11-01 05:30:00,52458.817013333326
2017-11-01 06:00:00,49361.17260233333
2017-11-01 06:30:00,46202.042141000005
2017-11-01 07:00:00,48772.630148000004
2017-11-01 07:30:00,49579.66515666668
2017-11-01 08:00:00,52969.69272966666
2017-11-01 08:30:00,56267.15173800001
2017-11-01 09:00:00,58768.78049999999
2017-11-01 09:30:00,61249.20056766667
2017-11-01 10:00:00,63149.088789
2017-11-01 10:30:00,65723.57210599999
2017-11-01 11:00:00,67461.18051366667
2017-11-01 11:30:00,68656.49103666666
2017-11-01 12:00:00,69316.78138
2017-11-01 12:30:00,69623.39203
2017-11-01 13:00:00,70661.47578333334
2017-11-01 13:30:00,71077.71947333333
2017-11-01 14:00:00,70505.72862
2017-11-01 14:30:00,70481.57747666667
2017-11-01 15:00:00,70170.36701333334
2017-11-01 15:30:00,69279.72336333334
2017-11-01 16:00:00,68916.50868
2017-11-01 16:30:00,69374.05778333334
2017-11-01 17:00:00,73977.32100666668
2017-11-01 17:30:00,88496.87314
2017-11-01 18:00:00,92744.61027
2017-11-01 18:30:00,92259.29521333333
2017-11-01 19:00:00,91844.27214
2017-11-01 19:30:00,90711.33186333334
2017-11-01 20:00:00,90559.99035333334
2017-11-01 20:30:00,88370.78733666668
2017-11-01 21:00:00,86303.60629000001
2017-11-01 21:30:00,83363.57547666667
2017-11-01 22:00:00,79555.53724333334
2017-11-01 22:30:00,74524.45762333334
2017-11-01 23:00:00,69134.63711
2017-11-01 23:30:00,64605.40682666667
2017-11-02 00:00:00,61165.25673
2017-11-02 00:30:00,57799.93501666666
2017-11-02 01:00:00,55333.07488
2017-11-02 01:30:00,53789.990986666664
2017-11-02 02:00:00,52053.159086666674
2017-11-02 02:30:00,51044.86765666667
2017-11-02 03:00:00,50792.19209
2017-11-02 03:30:00,50684.97200333333
2017-11-02 04:00:00,50834.88179666666
2017-11-02 04:30:00,51375.53683333334
2017-11-02 05:00:00,53240.76869999999
2017-11-02 05:30:00,52237.125413333335
2017-11-02 06:00:00,49114.604200333335
2017-11-02 06:30:00,45546.553260333334
2017-11-02 07:00:00,48030.54121133333
2017-11-02 07:30:00,48695.73401133334
2017-11-02 08:00:00,51360.576446333325
2017-11-02 08:30:00,54558.64327
2017-11-02 09:00:00,58013.32464800001
2017-11-02 09:30:00,60853.366752666676
2017-11-02 10:00:00,62617.830023333336
2017-11-02 10:30:00,65198.41157
2017-11-02 11:00:00,66686.63722666666
2017-11-02 11:30:00,67921.79122333333
2017-11-02 12:00:00,68694.10034333334
2017-11-02 12:30:00,69182.20207
2017-11-02 13:00:00,69391.01142
2017-11-02 13:30:00,69124.28008333333
2017-11-02 14:00:00,69063.71875666665
2017-11-02 14:30:00,68946.11603333334
2017-11-02 15:00:00,69363.06875666667
2017-11-02 15:30:00,68687.17611666665
2017-11-02 16:00:00,67973.48353333333
2017-11-02 16:30:00,69136.46496666667
2017-11-02 17:00:00,74346.47434
2017-11-02 17:30:00,88094.18918666667
2017-11-02 18:00:00,91969.39588333333
2017-11-02 18:30:00,92035.12769333333
2017-11-02 19:00:00,91347.23364
2017-11-02 19:30:00,89808.18437333334
2017-11-02 20:00:00,89486.59630333334
2017-11-02 20:30:00,88985.83161666668
2017-11-02 21:00:00,86454.86975
2017-11-02 21:30:00,82680.57325333334
2017-11-02 22:00:00,78232.81103666667
2017-11-02 22:30:00,74068.83515666665
2017-11-02 23:00:00,69020.61244
2017-11-02 23:30:00,63986.57174333333
2017-11-03 00:00:00,59699.54827333333
2017-11-03 00:30:00,56566.920783333335
2017-11-03 01:00:00,54452.18243666666
2017-11-03 01:30:00,52553.66429666666
2017-11-03 02:00:00,51275.23694
2017-11-03 02:30:00,50255.04229333333
2017-11-03 03:00:00,49917.490176666666
2017-11-03 03:30:00,49545.51939533333
2017-11-03 04:00:00,50021.48321333333
2017-11-03 04:30:00,50035.65731333334
2017-11-03 05:00:00,52050.97115333334
2017-11-03 05:30:00,51450.098419999995
2017-11-03 06:00:00,48557.225470666664
2017-11-03 06:30:00,45529.050776
2017-11-03 07:00:00,48222.26114966667
2017-11-03 07:30:00,48426.76922466667
2017-11-03 08:00:00,51850.507252
2017-11-03 08:30:00,55241.526538666665
2017-11-03 09:00:00,58834.932484666664
2017-11-03 09:30:00,60692.36383333334
2017-11-03 10:00:00,63157.77679
2017-11-03 10:30:00,65126.99252
2017-11-03 11:00:00,66520.21438333332
2017-11-03 11:30:00,67794.72821
2017-11-03 12:00:00,67212.63799333334
2017-11-03 12:30:00,66905.14069
2017-11-03 13:00:00,68225.93461000001
2017-11-03 13:30:00,67912.82457333333
2017-11-03 14:00:00,67824.89301333333
2017-11-03 14:30:00,68011.56177666667
2017-11-03 15:00:00,67907.25160999999
2017-11-03 15:30:00,68147.52689
2017-11-03 16:00:00,68134.70354333334
2017-11-03 16:30:00,69069.81864666667
2017-11-03 17:00:00,72997.85466666667
2017-11-03 17:30:00,86004.52477333334
2017-11-03 18:00:00,89378.70679000001
2017-11-03 18:30:00,89591.50064666667
2017-11-03 19:00:00,89174.80442333333
2017-11-03 19:30:00,88516.20263333333
2017-11-03 20:00:00,88415.19321000001
2017-11-03 20:30:00,87843.31334666668
2017-11-03 21:00:00,86117.97708666667
2017-11-03 21:30:00,82598.17829333335
2017-11-03 22:00:00,78859.70026666667
2017-11-03 22:30:00,75749.86476333333
2017-11-03 23:00:00,71907.36145333333
2017-11-03 23:30:00,66087.41718333334
2017-11-04 00:00:00,61502.618536666676
2017-11-04 00:30:00,58394.044050000004
2017-11-04 01:00:00,56010.098093333334
2017-11-04 01:30:00,53578.030673333335
2017-11-04 02:00:00,52139.73143666666
2017-11-04 02:30:00,51137.46789666667
2017-11-04 03:00:00,50786.67162333333
2017-11-04 03:30:00,50243.819036666675
2017-11-04 04:00:00,50545.42419
2017-11-04 04:30:00,51022.961956666666
2017-11-04 05:00:00,52598.79707
2017-11-04 05:30:00,52134.88252000001
2017-11-04 06:00:00,48789.51648833333
2017-11-04 06:30:00,44638.19611333333
2017-11-04 07:00:00,45396.186706333334
2017-11-04 07:30:00,46956.92037033333
2017-11-04 08:00:00,50303.314694
2017-11-04 08:30:00,53208.99070066667
2017-11-04 09:00:00,56913.17634133333
2017-11-04 09:30:00,60403.552853
2017-11-04 10:00:00,62859.86128666667
2017-11-04 10:30:00,65326.35544000001
2017-11-04 11:00:00,66757.89946333332
2017-11-04 11:30:00,67976.21872333334
2017-11-04 12:00:00,69674.85607
2017-11-04 12:30:00,70858.72660666668
2017-11-04 13:00:00,71233.82248666667
2017-11-04 13:30:00,70059.18793
2017-11-04 14:00:00,69669.36577666667
2017-11-04 14:30:00,68479.30655
2017-11-04 15:00:00,67585.41137333332
2017-11-04 15:30:00,66925.28887333332
2017-11-04 16:00:00,66084.25521666667
2017-11-04 16:30:00,66619.09351666667
2017-11-04 17:00:00,71282.36582666666
2017-11-04 17:30:00,86493.54879
2017-11-04 18:00:00,89927.57737375
2017-11-04 18:30:00,89927.57737375
2017-11-04 19:00:00,88801.38143625001
2017-11-04 19:30:00,87938.81884333333
2017-11-04 20:00:00,86467.56008000001
2017-11-04 20:30:00,84996.54128
2017-11-04 21:00:00,83004.83551333334
2017-11-04 21:30:00,80231.68981
2017-11-04 22:00:00,78866.26135666667
2017-11-04 22:30:00,76537.02535333333
2017-11-04 23:00:00,71408.61074
2017-11-04 23:30:00,66358.62338333332
2017-11-05 00:00:00,62146.84119666667
2017-11-05 00:30:00,58697.51749666667
2017-11-05 01:00:00,56013.337473333326
2017-11-05 01:30:00,53430.135440000005
2017-11-05 02:00:00,51563.938220000004
2017-11-05 02:30:00,50539.023890000004
2017-11-05 03:00:00,49589.91709666667
2017-11-05 03:30:00,49148.258590000005
2017-11-05 04:00:00,48879.80733666666
2017-11-05 04:30:00,49333.95460999999
2017-11-05 05:00:00,50482.85753666667
2017-11-05 05:30:00,49322.83133966667
2017-11-05 06:00:00,45155.369117666654
2017-11-05 06:30:00,39433.31116933333
2017-11-05 07:00:00,39108.44095933333
2017-11-05 07:30:00,40273.17212433333
2017-11-05 08:00:00,42554.61924266667
2017-11-05 08:30:00,45580.55622666667
2017-11-05 09:00:00,49467.598430666665
2017-11-05 09:30:00,52891.56284366667
2017-11-05 10:00:00,55936.72819866667
2017-11-05 10:30:00,58409.830603333336
2017-11-05 11:00:00,59819.462876666665
2017-11-05 11:30:00,61234.99909666667
2017-11-05 12:00:00,62332.69753
2017-11-05 12:30:00,63327.79027
2017-11-05 13:00:00,63286.62076
2017-11-05 13:30:00,62682.29699333333
2017-11-05 14:00:00,62036.282166666664
2017-11-05 14:30:00,60852.97115333334
2017-11-05 15:00:00,59416.833049999994
2017-11-05 15:30:00,58412.515616666664
2017-11-05 16:00:00,58754.314163333336
2017-11-05 16:30:00,59481.17533
2017-11-05 17:00:00,64361.611176666665
2017-11-05 17:30:00,79089.46532333334
2017-11-05 18:00:00,83475.18649333333
2017-11-05 18:30:00,83970.64790333335
2017-11-05 19:00:00,83553.05218333333
2017-11-05 19:30:00,83564.99169
2017-11-05 20:00:00,83614.69067666667
2017-11-05 20:30:00,82443.76864000001
2017-11-05 21:00:00,80731.04455666667
2017-11-05 21:30:00,78151.48165333334
2017-11-05 22:00:00,76463.36803333333
2017-11-05 22:30:00,72441.8793
2017-11-05 23:00:00,67948.11709666667
2017-11-05 23:30:00,63020.552599999995
2017-11-06 00:00:00,59517.77692
2017-11-06 00:30:00,56561.963560000004
2017-11-06 01:00:00,53705.35435666667
2017-11-06 01:30:00,51288.51099
2017-11-06 02:00:00,49426.585753333326
2017-11-06 02:30:00,48319.025806666665
2017-11-06 03:00:00,48014.024796666665
2017-11-06 03:30:00,47802.61596
2017-11-06 04:00:00,47753.830786666666
2017-11-06 04:30:00,47969.91964666667
2017-11-06 05:00:00,49603.005183333335
2017-11-06 05:30:00,48943.6575
2017-11-06 06:00:00,45169.00195533333
2017-11-06 06:30:00,40088.378887750005
2017-11-06 07:00:00,43711.81237425001
2017-11-06 07:30:00,43711.81237425001
2017-11-06 08:00:00,45531.712928625006
2017-11-06 08:30:00,47133.374845666665
2017-11-06 09:00:00,51868.54950633334
2017-11-06 09:30:00,54300.42887166666
2017-11-06 10:00:00,57898.49588066666
2017-11-06 10:30:00,60832.71532166667
2017-11-06 11:00:00,62581.274087
2017-11-06 11:30:00,63634.796173333336
2017-11-06 12:00:00,65159.50512666666
2017-11-06 12:30:00,66575.61133333333
2017-11-06 13:00:00,67266.98172
2017-11-06 13:30:00,66857.09474666667
2017-11-06 14:00:00,66213.53589666667
2017-11-06 14:30:00,65687.12068666668
2017-11-06 15:00:00,64613.56656333333
2017-11-06 15:30:00,63518.42860000001
2017-11-06 16:00:00,63263.940599999994
2017-11-06 16:30:00,63895.01078333333
2017-11-06 17:00:00,70023.48591
2017-11-06 17:30:00,83975.13045333333
2017-11-06 18:00:00,87940.53245333333
2017-11-06 18:30:00,88078.86799333333
2017-11-06 19:00:00,87732.44458666665
2017-11-06 19:30:00,87215.87846333334
2017-11-06 20:00:00,87438.46508666668
2017-11-06 20:30:00,85854.02630333333
2017-11-06 21:00:00,83385.46774333333
2017-11-06 21:30:00,80407.93138
2017-11-06 22:00:00,77005.31338
2017-11-06 22:30:00,72634.72741333333
2017-11-06 23:00:00,67601.05459666667
2017-11-06 23:30:00,63054.37081999999
2017-11-07 00:00:00,58755.37723666666
2017-11-07 00:30:00,55843.82021666667
2017-11-07 01:00:00,54101.31477999999
2017-11-07 01:30:00,52220.494719999995
2017-11-07 02:00:00,50653.180196666675
2017-11-07 02:30:00,49487.968193333334
2017-11-07 03:00:00,48778.98446466667
2017-11-07 03:30:00,48871.64308733334
2017-11-07 04:00:00,49115.061879999994
2017-11-07 04:30:00,49741.11799333334
2017-11-07 05:00:00,51508.88196
2017-11-07 05:30:00,51353.76277333333
2017-11-07 06:00:00,48927.738698
2017-11-07 06:30:00,45440.1441
2017-11-07 07:00:00,47319.563900333334
2017-11-07 07:30:00,47583.71502533333
2017-11-07 08:00:00,50558.958171666665
2017-11-07 08:30:00,53085.91888166667
2017-11-07 09:00:00,56570.385600333335
2017-11-07 09:30:00,58756.287787333335
2017-11-07 10:00:00,60780.293944000005
2017-11-07 10:30:00,63115.617410000006
2017-11-07 11:00:00,65430.062276666664
2017-11-07 11:30:00,66413.35048666666
2017-11-07 12:00:00,66989.93921333333
2017-11-07 12:30:00,68214.33295333333
2017-11-07 13:00:00,68393.46522666667
2017-11-07 13:30:00,67161.35029333334
2017-11-07 14:00:00,67873.08123666667
2017-11-07 14:30:00,67594.44907
2017-11-07 15:00:00,67359.12016333333
2017-11-07 15:30:00,66738.56540333334
2017-11-07 16:00:00,66321.93179
2017-11-07 16:30:00,67237.65091666667
2017-11-07 17:00:00,72772.72686333333
2017-11-07 17:30:00,87211.32731666666
2017-11-07 18:00:00,89821.51489333333
2017-11-07 18:30:00,90496.18719000001
2017-11-07 19:00:00,90217.35118666665
2017-11-07 19:30:00,89094.73129666667
2017-11-07 20:00:00,88947.26537
2017-11-07 20:30:00,87960.6066
2017-11-07 21:00:00,84692.53507666667
2017-11-07 21:30:00,81347.41228666667
2017-11-07 22:00:00,77480.26787333333
2017-11-07 22:30:00,72005.22647333333
2017-11-07 23:00:00,67005.58814666666
2017-11-07 23:30:00,62881.16259
2017-11-08 00:00:00,59003.56653333333
2017-11-08 00:30:00,56136.900506666665
2017-11-08 01:00:00,53392.28663333333
2017-11-08 01:30:00,51443.87901333333
2017-11-08 02:00:00,50295.52741333333
2017-11-08 02:30:00,49446.69010333333
2017-11-08 03:00:00,48516.09257366666
2017-11-08 03:30:00,48107.230164333334
2017-11-08 04:00:00,48122.664773
2017-11-08 04:30:00,48719.93132200001
2017-11-08 05:00:00,50340.93309133334
2017-11-08 05:30:00,50545.232293333334
2017-11-08 06:00:00,48327.236216333324
2017-11-08 06:30:00,44488.774501
2017-11-08 07:00:00,46605.658592666674
2017-11-08 07:30:00,47313.50525833334
2017-11-08 08:00:00,51076.627145
2017-11-08 08:30:00,55662.81706833333
2017-11-08 09:00:00,58872.70066666667
2017-11-08 09:30:00,61251.40740999999
2017-11-08 10:00:00,64882.87721666667
2017-11-08 10:30:00,68337.92288000001
2017-11-08 11:00:00,70737.66427333333
2017-11-08 11:30:00,72410.91493333333
2017-11-08 12:00:00,73319.02319666666
2017-11-08 12:30:00,74691.97974
2017-11-08 13:00:00,74908.01931333334
2017-11-08 13:30:00,73883.99949333334
2017-11-08 14:00:00,73300.73144333334
2017-11-08 14:30:00,73849.45324333334
2017-11-08 15:00:00,73493.08927666665
2017-11-08 15:30:00,72388.02398
2017-11-08 16:00:00,72109.29980333334
2017-11-08 16:30:00,73576.62699
2017-11-08 17:00:00,80609.60212
2017-11-08 17:30:00,96475.40838333334
2017-11-08 18:00:00,94871.76460750001
2017-11-08 18:30:00,93602.93956333333
2017-11-08 19:00:00,93109.28415666666
2017-11-08 19:30:00,91274.36346666666
2017-11-08 20:00:00,90992.25455666667
2017-11-08 20:30:00,89931.88701333334
2017-11-08 21:00:00,87301.99605666667
2017-11-08 21:30:00,83059.18315333333
2017-11-08 22:00:00,79007.15091666667
2017-11-08 22:30:00,74948.70477
2017-11-08 23:00:00,69521.08073666667
2017-11-08 23:30:00,64314.11604666666
2017-11-09 00:00:00,60083.72015666667
2017-11-09 00:30:00,57195.49322333333
2017-11-09 01:00:00,55071.08459333333
2017-11-09 01:30:00,53024.94037333334
2017-11-09 02:00:00,51761.99682666667
2017-11-09 02:30:00,51139.87655333333
2017-11-09 03:00:00,50460.2284
2017-11-09 03:30:00,50271.59332666666
2017-11-09 04:00:00,50460.23534666666
2017-11-09 04:30:00,50922.81390333333
2017-11-09 05:00:00,52165.51977666666
2017-11-09 05:30:00,51755.10313333333
2017-11-09 06:00:00,49788.46000666666
2017-11-09 06:30:00,45603.17787133334
2017-11-09 07:00:00,47467.126255
2017-11-09 07:30:00,48752.916943
2017-11-09 08:00:00,53586.3559
2017-11-09 08:30:00,57640.60016
2017-11-09 09:00:00,61690.15663333333
2017-11-09 09:30:00,64631.77733333333
2017-11-09 10:00:00,67530.79167333334
2017-11-09 10:30:00,70043.72894
2017-11-09 11:00:00,71805.06075333332
2017-11-09 11:30:00,73572.57145
2017-11-09 12:00:00,74508.39464333333
2017-11-09 12:30:00,75619.65479333333
2017-11-09 13:00:00,75133.53239666666
2017-11-09 13:30:00,74994.03983666666
2017-11-09 14:00:00,74932.06315333334
2017-11-09 14:30:00,75439.65159666666
2017-11-09 15:00:00,74779.33761666667
2017-11-09 15:30:00,74546.25162666666
2017-11-09 16:00:00,74061.19721333333
2017-11-09 16:30:00,74759.81707
2017-11-09 17:00:00,81731.34074666667
2017-11-09 17:30:00,91685.64490999999
2017-11-09 18:00:00,93432.42886333335
2017-11-09 18:30:00,92961.99565
2017-11-09 19:00:00,92014.48430666667
2017-11-09 19:30:00,90993.60383
2017-11-09 20:00:00,91347.31122666667
2017-11-09 20:30:00,90481.14326
2017-11-09 21:00:00,87355.25859666667
2017-11-09 21:30:00,84101.41925666668
2017-11-09 22:00:00,79650.21280333333
2017-11-09 22:30:00,75049.48720666667
2017-11-09 23:00:00,68942.21195666667
2017-11-09 23:30:00,64616.851919999994
2017-11-10 00:00:00,60397.297823333334
2017-11-10 00:30:00,57397.594646666665
2017-11-10 01:00:00,54727.408659999994
2017-11-10 01:30:00,53119.48840333333
2017-11-10 02:00:00,51014.593276666674
2017-11-10 02:30:00,50107.92786333334
2017-11-10 03:00:00,49555.37138999999
2017-11-10 03:30:00,49476.56714
2017-11-10 04:00:00,50057.94705333333
2017-11-10 04:30:00,50582.09044333334
2017-11-10 05:00:00,52170.29164666667
2017-11-10 05:30:00,52154.00250333333
2017-11-10 06:00:00,49825.05853333334
2017-11-10 06:30:00,45624.333212000005
2017-11-10 07:00:00,47592.19422733333
2017-11-10 07:30:00,49423.361264
2017-11-10 08:00:00,53916.65272666666
2017-11-10 08:30:00,56832.38257666666
2017-11-10 09:00:00,60749.1493
2017-11-10 09:30:00,63721.076323333335
2017-11-10 10:00:00,66127.02548333333
2017-11-10 10:30:00,68620.56498333333
2017-11-10 11:00:00,69743.74709
2017-11-10 11:30:00,71278.77350666666
2017-11-10 12:00:00,70776.32258333334
2017-11-10 12:30:00,70666.11072666665
2017-11-10 13:00:00,71931.67868
2017-11-10 13:30:00,71428.84861666667
2017-11-10 14:00:00,70696.45123666666
2017-11-10 14:30:00,70840.12392666667
2017-11-10 15:00:00,70787.59331666667
2017-11-10 15:30:00,69870.78648666666
2017-11-10 16:00:00,69479.33836000001
2017-11-10 16:30:00,69826.76045
2017-11-10 17:00:00,74507.28827666667
2017-11-10 17:30:00,87402.70259
2017-11-10 18:00:00,90168.71399333334
2017-11-10 18:30:00,89619.47839666666
2017-11-10 19:00:00,88768.97964333334
2017-11-10 19:30:00,87816.91445
2017-11-10 20:00:00,87996.66107333334
2017-11-10 20:30:00,86702.83570333333
2017-11-10 21:00:00,83735.47683666667
2017-11-10 21:30:00,80846.32906333334
2017-11-10 22:00:00,77651.33717333333
2017-11-10 22:30:00,74291.16700999999
2017-11-10 23:00:00,69860.30829
2017-11-10 23:30:00,65513.00857666667
2017-11-11 00:00:00,60710.38689666666
2017-11-11 00:30:00,57250.676933333336
2017-11-11 01:00:00,54214.13991333334
2017-11-11 01:30:00,51812.72487333333
2017-11-11 02:00:00,50530.17792666666
2017-11-11 02:30:00,49950.873629999995
2017-11-11 03:00:00,49229.68785333333
2017-11-11 03:30:00,48851.60512
2017-11-11 04:00:00,48890.04600333333
2017-11-11 04:30:00,49246.718519999995
2017-11-11 05:00:00,50583.12265
2017-11-11 05:30:00,51054.423623333336
2017-11-11 06:00:00,48630.346306666666
2017-11-11 06:30:00,43646.052564000005
2017-11-11 07:00:00,44063.44781266667
2017-11-11 07:30:00,45321.292978000005
2017-11-11 08:00:00,46703.06711833333
2017-11-11 08:30:00,50155.09057366667
2017-11-11 09:00:00,54055.46621333333
2017-11-11 09:30:00,57436.152263
2017-11-11 10:00:00,59900.438398333325
2017-11-11 10:30:00,62758.474356
2017-11-11 11:00:00,64483.68517666667
2017-11-11 11:30:00,66145.10318666666
2017-11-11 12:00:00,67010.95315666667
2017-11-11 12:30:00,67523.86925999999
2017-11-11 13:00:00,67483.48191666667
2017-11-11 13:30:00,67294.12660999999
2017-11-11 14:00:00,67180.96993333334
2017-11-11 14:30:00,66723.40216333333
2017-11-11 15:00:00,66129.44239666667
2017-11-11 15:30:00,65746.03706666667
2017-11-11 16:00:00,64778.21182
2017-11-11 16:30:00,64994.494953333335
2017-11-11 17:00:00,70938.83284
2017-11-11 17:30:00,83611.11969666666
2017-11-11 18:00:00,84845.80501333333
2017-11-11 18:30:00,84210.67341333332
2017-11-11 19:00:00,83982.94406
2017-11-11 19:30:00,84586.06032333332
2017-11-11 20:00:00,83003.74903
2017-11-11 20:30:00,82545.15468333334
2017-11-11 21:00:00,81343.89795333333
2017-11-11 21:30:00,79466.68213333334
2017-11-11 22:00:00,76855.75566666666
2017-11-11 22:30:00,73600.70773333333
2017-11-11 23:00:00,69094.30482333332
2017-11-11 23:30:00,64560.03313999999
2017-11-12 00:00:00,60252.47310666667
2017-11-12 00:30:00,56750.251736666665
2017-11-12 01:00:00,53990.91287
2017-11-12 01:30:00,51838.78747
2017-11-12 02:00:00,50193.69521333333
2017-11-12 02:30:00,48937.83711666666
2017-11-12 03:00:00,48073.951440000004
2017-11-12 03:30:00,47675.80404333334
2017-11-12 04:00:00,47628.099813333334
2017-11-12 04:30:00,47811.047776666666
2017-11-12 05:00:00,49090.6464
2017-11-12 05:30:00,49338.17745333334
2017-11-12 06:00:00,46389.105177666665
2017-11-12 06:30:00,39812.854576000005
2017-11-12 07:00:00,37804.77408133333
2017-11-12 07:30:00,41240.09392933333
2017-11-12 08:00:00,44442.995480000005
2017-11-12 08:30:00,47413.957010000006
2017-11-12 09:00:00,51003.43883
2017-11-12 09:30:00,55020.54654333333
2017-11-12 10:00:00,58473.48008333333
2017-11-12 10:30:00,62222.8452
2017-11-12 11:00:00,63664.402839999995
2017-11-12 11:30:00,65093.38815333333
2017-11-12 12:00:00,66723.63161
2017-11-12 12:30:00,67779.55118333334
2017-11-12 13:00:00,68165.58891666667
2017-11-12 13:30:00,68428.18615666666
2017-11-12 14:00:00,67721.23272666667
2017-11-12 14:30:00,66892.89585666667
2017-11-12 15:00:00,66946.72735333334
2017-11-12 15:30:00,65729.03708666666
2017-11-12 16:00:00,61545.82615666667
2017-11-12 16:30:00,61036.53985
2017-11-12 17:00:00,67758.15902
2017-11-12 17:30:00,82725.66487
2017-11-12 18:00:00,85610.79399666666
2017-11-12 18:30:00,85751.18373333332
2017-11-12 19:00:00,85913.31058333334
2017-11-12 19:30:00,85928.56218333333
2017-11-12 20:00:00,85387.96852666666
2017-11-12 20:30:00,84747.25651333334
2017-11-12 21:00:00,82647.20478666667
2017-11-12 21:30:00,79844.22634333333
2017-11-12 22:00:00,77305.41701666666
2017-11-12 22:30:00,73739.66459666667
2017-11-12 23:00:00,68988.58651666668
2017-11-12 23:30:00,64796.341420000004
2017-11-13 00:00:00,60818.56295
2017-11-13 00:30:00,57585.86651666666
2017-11-13 01:00:00,55162.73549333333
2017-11-13 01:30:00,53019.752726666666
2017-11-13 02:00:00,51726.2765
2017-11-13 02:30:00,50968.968433333335
2017-11-13 03:00:00,50153.52829000001
2017-11-13 03:30:00,49557.40449666666
2017-11-13 04:00:00,49941.185236666664
2017-11-13 04:30:00,50571.23287666667
2017-11-13 05:00:00,52285.863913333334
2017-11-13 05:30:00,52585.79806666667
2017-11-13 06:00:00,50209.238249999995
2017-11-13 06:30:00,44756.80943833333
2017-11-13 07:00:00,44124.10101241667
2017-11-13 07:30:00,47602.933489999996
2017-11-13 08:00:00,52643.92305666666
2017-11-13 08:30:00,56487.13307
2017-11-13 09:00:00,60942.08552
2017-11-13 09:30:00,65263.69311666667
2017-11-13 10:00:00,67903.31089666666
2017-11-13 10:30:00,70681.90075333334
2017-11-13 11:00:00,72602.56889333333
2017-11-13 11:30:00,73858.07346
2017-11-13 12:00:00,75522.88194333333
2017-11-13 12:30:00,76289.63592333334
2017-11-13 13:00:00,76152.65004
2017-11-13 13:30:00,75515.1088
2017-11-13 14:00:00,74759.91587666667
2017-11-13 14:30:00,74840.11708666668
2017-11-13 15:00:00,73904.87910333334
2017-11-13 15:30:00,73855.87149333332
2017-11-13 16:00:00,73346.74772666667
2017-11-13 16:30:00,70421.81726
2017-11-13 17:00:00,77977.37641333333
2017-11-13 17:30:00,91478.06070333334
2017-11-13 18:00:00,92267.37408666666
2017-11-13 18:30:00,91538.84337999999
2017-11-13 19:00:00,91082.98738666666
2017-11-13 19:30:00,90367.79686
2017-11-13 20:00:00,90266.67289333332
2017-11-13 20:30:00,88659.19841666667
2017-11-13 21:00:00,86575.51916333333
2017-11-13 21:30:00,83397.98673666666
2017-11-13 22:00:00,79773.76616333333
2017-11-13 22:30:00,75311.62999
2017-11-13 23:00:00,69657.17893000001
2017-11-13 23:30:00,65582.50979333335
2017-11-14 00:00:00,62089.640569999996
2017-11-14 00:30:00,58145.11962333333
2017-11-14 01:00:00,55029.76105666667
2017-11-14 01:30:00,53091.55281666666
2017-11-14 02:00:00,51821.179976666666
2017-11-14 02:30:00,50495.290303333335
2017-11-14 03:00:00,50459.63615333333
2017-11-14 03:30:00,50400.483329999995
2017-11-14 04:00:00,50522.02611
2017-11-14 04:30:00,50848.77743333334
2017-11-14 05:00:00,51940.97191666667
2017-11-14 05:30:00,52439.51725333333
2017-11-14 06:00:00,50047.20654666666
2017-11-14 06:30:00,44840.441406
2017-11-14 07:00:00,44146.46964241667
2017-11-14 07:30:00,48799.02319666667
2017-11-14 08:00:00,53208.63742666666
2017-11-14 08:30:00,57114.41309666666
2017-11-14 09:00:00,61082.52470666667
2017-11-14 09:30:00,65203.16845
2017-11-14 10:00:00,68116.58356333333
2017-11-14 10:30:00,70854.84271333333
2017-11-14 11:00:00,72833.02243666667
2017-11-14 11:30:00,74462.46744333334
2017-11-14 12:00:00,75261.42609666666
2017-11-14 12:30:00,76243.36287666667
2017-11-14 13:00:00,76087.82448
2017-11-14 13:30:00,75739.06941333333
2017-11-14 14:00:00,75238.90991666667
2017-11-14 14:30:00,74959.83803333333
2017-11-14 15:00:00,74844.65618666666
2017-11-14 15:30:00,73807.33560666667
2017-11-14 16:00:00,69565.94898666667
2017-11-14 16:30:00,69578.06070333334
2017-11-14 17:00:00,77640.17496333334
2017-11-14 17:30:00,91333.72403666667
2017-11-14 18:00:00,92316.41689666668
2017-11-14 18:30:00,91545.30766333333
2017-11-14 19:00:00,91252.94677
2017-11-14 19:30:00,89885.08955333334
2017-11-14 20:00:00,89864.65579666667
2017-11-14 20:30:00,88633.86190333334
2017-11-14 21:00:00,86840.5585
2017-11-14 21:30:00,84404.13136
2017-11-14 22:00:00,81296.09216
2017-11-14 22:30:00,76822.37844333333
2017-11-14 23:00:00,71001.54073666666
2017-11-14 23:30:00,65576.64600666666
2017-11-15 00:00:00,61879.14787000001
2017-11-15 00:30:00,58829.901526666676
2017-11-15 01:00:00,56193.64757333333
2017-11-15 01:30:00,54067.79671
2017-11-15 02:00:00,52467.391326666664
2017-11-15 02:30:00,51053.179
2017-11-15 03:00:00,50324.199199999995
2017-11-15 03:30:00,49723.594443333335
2017-11-15 04:00:00,50005.21255999999
2017-11-15 04:30:00,50628.29339
2017-11-15 05:00:00,52081.27765333333
2017-11-15 05:30:00,53128.50612
2017-11-15 06:00:00,51344.746439999995
2017-11-15 06:30:00,45477.752788666665
2017-11-15 07:00:00,44618.81961366666
2017-11-15 07:30:00,46788.178530666664
2017-11-15 08:00:00,51056.240627333325
2017-11-15 08:30:00,54356.06288233333
2017-11-15 09:00:00,58242.11893999999
2017-11-15 09:30:00,62018.64263333334
2017-11-15 10:00:00,64868.598613333335
2017-11-15 10:30:00,67499.6805
2017-11-15 11:00:00,68861.84106
2017-11-15 11:30:00,70360.53015666666
2017-11-15 12:00:00,71224.92344
2017-11-15 12:30:00,71799.29659
2017-11-15 13:00:00,71610.84131
2017-11-15 13:30:00,71271.63943666666
2017-11-15 14:00:00,71304.73732
2017-11-15 14:30:00,71216.24834
2017-11-15 15:00:00,70238.47228666667
2017-11-15 15:30:00,69481.18354666668
2017-11-15 16:00:00,69206.45657
2017-11-15 16:30:00,70235.07811333334
2017-11-15 17:00:00,79414.59702666667
2017-11-15 17:30:00,92663.95659999999
2017-11-15 18:00:00,93519.39998666667
2017-11-15 18:30:00,92787.04350333335
2017-11-15 19:00:00,91712.42779333335
2017-11-15 19:30:00,90368.59894333333
2017-11-15 20:00:00,90303.23858666666
2017-11-15 20:30:00,89270.55987333333
2017-11-15 21:00:00,87042.27856
2017-11-15 21:30:00,84024.80235333333
2017-11-15 22:00:00,80296.45269333334
2017-11-15 22:30:00,73975.18376
2017-11-15 23:00:00,70601.86207
2017-11-15 23:30:00,66207.24264666667
2017-11-16 00:00:00,61628.54053
2017-11-16 00:30:00,57913.49617333334
2017-11-16 01:00:00,55594.449426666666
2017-11-16 01:30:00,53409.56004333333
2017-11-16 02:00:00,52319.090013333334
2017-11-16 02:30:00,51314.74503
2017-11-16 03:00:00,50304.69494666666
2017-11-16 03:30:00,50043.07490666667
2017-11-16 04:00:00,49959.38659
2017-11-16 04:30:00,50244.681383333336
2017-11-16 05:00:00,51209.99027
2017-11-16 05:30:00,52284.259913333335
2017-11-16 06:00:00,50820.89911
2017-11-16 06:30:00,45440.30293033333
2017-11-16 07:00:00,44625.73010475
2017-11-16 07:30:00,47647.27137333333
2017-11-16 08:00:00,52073.0458
2017-11-16 08:30:00,56126.813469999994
2017-11-16 09:00:00,60142.981153333334
2017-11-16 09:30:00,63886.40553333333
2017-11-16 10:00:00,67890.11583666666
2017-11-16 10:30:00,71084.99445
2017-11-16 11:00:00,73475.40217999999
2017-11-16 11:30:00,74910.53955
2017-11-16 12:00:00,75072.37958666666
2017-11-16 12:30:00,75980.61068333333
2017-11-16 13:00:00,75810.99170666667
2017-11-16 13:30:00,75252.86914666666
2017-11-16 14:00:00,75340.54476
2017-11-16 14:30:00,74353.75907
2017-11-16 15:00:00,74565.96606333334
2017-11-16 15:30:00,73716.50650666666
2017-11-16 16:00:00,73113.22786666667
2017-11-16 16:30:00,69939.28773
2017-11-16 17:00:00,78310.7702
2017-11-16 17:30:00,92158.70160666667
2017-11-16 18:00:00,92771.56128666666
2017-11-16 18:30:00,92023.76220666668
2017-11-16 19:00:00,91789.80935666668
2017-11-16 19:30:00,90221.96299999999
2017-11-16 20:00:00,89972.96663
2017-11-16 20:30:00,89832.83172
2017-11-16 21:00:00,87012.41127
2017-11-16 21:30:00,83821.39300666667
2017-11-16 22:00:00,80460.27078666666
2017-11-16 22:30:00,76980.77614666667
2017-11-16 23:00:00,72183.61070333334
2017-11-16 23:30:00,67935.04962
2017-11-17 00:00:00,62998.86784333333
2017-11-17 00:30:00,59447.52972333333
2017-11-17 01:00:00,56464.32162333333
2017-11-17 01:30:00,54150.6066
2017-11-17 02:00:00,52262.472550000006
2017-11-17 02:30:00,51160.05300000001
2017-11-17 03:00:00,50708.163616666665
2017-11-17 03:30:00,50213.97725333334
2017-11-17 04:00:00,50651.130243333326
2017-11-17 04:30:00,50965.337556666665
2017-11-17 05:00:00,52325.12830333333
2017-11-17 05:30:00,53237.08292666666
2017-11-17 06:00:00,51967.268359999995
2017-11-17 06:30:00,46396.37627233334
2017-11-17 07:00:00,46153.264116666665
2017-11-17 07:30:00,47535.556463333334
2017-11-17 08:00:00,51298.34381333333
2017-11-17 08:30:00,55731.743296666675
2017-11-17 09:00:00,60036.10092
2017-11-17 09:30:00,64096.03469
2017-11-17 10:00:00,67544.22264333333
2017-11-17 10:30:00,70042.69990333334
2017-11-17 11:00:00,72293.63455333334
2017-11-17 11:30:00,74210.17512333333
2017-11-17 12:00:00,72706.64718666667
2017-11-17 12:30:00,71134.42701
2017-11-17 13:00:00,72939.73534333333
2017-11-17 13:30:00,72943.62913666666
2017-11-17 14:00:00,72338.79495666666
2017-11-17 14:30:00,72524.25570333333
2017-11-17 15:00:00,71897.00092333333
2017-11-17 15:30:00,70487.42560666667
2017-11-17 16:00:00,66996.02585666666
2017-11-17 16:30:00,68195.62696000001
2017-11-17 17:00:00,76871.48822
2017-11-17 17:30:00,89195.65318000001
2017-11-17 18:00:00,91481.22606333334
2017-11-17 18:30:00,91724.76543333333
2017-11-17 19:00:00,91301.04318333334
2017-11-17 19:30:00,90165.56427999999
2017-11-17 20:00:00,90075.98590000001
2017-11-17 20:30:00,89045.67623
2017-11-17 21:00:00,86923.06420333333
2017-11-17 21:30:00,83462.48247666667
2017-11-17 22:00:00,79961.78966333333
2017-11-17 22:30:00,75606.94419
2017-11-17 23:00:00,71309.23597333334
2017-11-17 23:30:00,66540.54001333333
2017-11-18 00:00:00,62140.684236666675
2017-11-18 00:30:00,58476.22604333333
2017-11-18 01:00:00,55945.83044
2017-11-18 01:30:00,54053.53237666667
2017-11-18 02:00:00,52500.40135
2017-11-18 02:30:00,50981.085309999995
2017-11-18 03:00:00,50138.05293333333
2017-11-18 03:30:00,50153.268760000006
2017-11-18 04:00:00,50106.51861333334
2017-11-18 04:30:00,49916.634086666665
2017-11-18 05:00:00,51094.77865666667
2017-11-18 05:30:00,52465.45352333333
2017-11-18 06:00:00,50602.21313000001
2017-11-18 06:30:00,44638.582149999995
2017-11-18 07:00:00,42186.81352266666
2017-11-18 07:30:00,44637.618543666664
2017-11-18 08:00:00,48265.02738000001
2017-11-18 08:30:00,51822.483883333334
2017-11-18 09:00:00,56367.48467
2017-11-18 09:30:00,60398.78402666666
2017-11-18 10:00:00,64046.39882
2017-11-18 10:30:00,66805.38987333333
2017-11-18 11:00:00,68800.32141333334
2017-11-18 11:30:00,69836.84650666667
2017-11-18 12:00:00,71333.14677666666
2017-11-18 12:30:00,71968.30503
2017-11-18 13:00:00,72486.54707333333
2017-11-18 13:30:00,72638.54362
2017-11-18 14:00:00,71989.43788333333
2017-11-18 14:30:00,70880.50327333334
2017-11-18 15:00:00,70359.51271333334
2017-11-18 15:30:00,69211.32188666667
2017-11-18 16:00:00,69155.80868999999
2017-11-18 16:30:00,69276.25084333333
2017-11-18 17:00:00,73951.33255333333
2017-11-18 17:30:00,84923.73950666666
2017-11-18 18:00:00,86079.55008666667
2017-11-18 18:30:00,85611.77235666667
2017-11-18 19:00:00,85374.99253
2017-11-18 19:30:00,84370.39182333334
2017-11-18 20:00:00,82819.57829666666
2017-11-18 20:30:00,81955.27197333334
2017-11-18 21:00:00,80895.30595666666
2017-11-18 21:30:00,79141.66053333333
2017-11-18 22:00:00,77562.75175333333
2017-11-18 22:30:00,74002.95122333335
2017-11-18 23:00:00,68966.43859666666
2017-11-18 23:30:00,64750.94473000001
2017-11-19 00:00:00,60380.82862000001
2017-11-19 00:30:00,56232.05730666668
2017-11-19 01:00:00,53557.13751333333
2017-11-19 01:30:00,51476.05158666667
2017-11-19 02:00:00,49647.07157
2017-11-19 02:30:00,48477.60212666667
2017-11-19 03:00:00,47803.92183
2017-11-19 03:30:00,47705.91888333333
2017-11-19 04:00:00,47470.71038333333
2017-11-19 04:30:00,47536.41247666667
2017-11-19 05:00:00,48617.59315
2017-11-19 05:30:00,49866.48429666667
2017-11-19 06:00:00,47896.778823333334
2017-11-19 06:30:00,42046.240958
2017-11-19 07:00:00,38911.726758666664
2017-11-19 07:30:00,39675.25004333333
2017-11-19 08:00:00,41904.985103666666
2017-11-19 08:30:00,44243.96219299999
2017-11-19 09:00:00,47907.266191333336
2017-11-19 09:30:00,51400.151991666666
2017-11-19 10:00:00,54822.09418000001
2017-11-19 10:30:00,57255.92153666667
2017-11-19 11:00:00,59750.98106666667
2017-11-19 11:30:00,61514.43654
2017-11-19 12:00:00,62130.464563333335
2017-11-19 12:30:00,62631.62999333333
2017-11-19 13:00:00,63247.321800000005
2017-11-19 13:30:00,62932.18534
2017-11-19 14:00:00,61845.36692
2017-11-19 14:30:00,61293.57562333334
2017-11-19 15:00:00,60699.67545
2017-11-19 15:30:00,59620.22732666667
2017-11-19 16:00:00,59110.386876666664
2017-11-19 16:30:00,59053.63636333333
2017-11-19 17:00:00,67921.10887333333
2017-11-19 17:30:00,79885.06027
2017-11-19 18:00:00,82616.52889666666
2017-11-19 18:30:00,82741.84876666666
2017-11-19 19:00:00,83764.41323333333
2017-11-19 19:30:00,84406.35626333333
2017-11-19 20:00:00,84066.34548333334
2017-11-19 20:30:00,83548.14592
2017-11-19 21:00:00,81695.23064000001
2017-11-19 21:30:00,79008.31473333332
2017-11-19 22:00:00,76494.85234
2017-11-19 22:30:00,71586.25405333332
2017-11-19 23:00:00,67032.39899
2017-11-19 23:30:00,62563.88174666666
2017-11-20 00:00:00,58183.305759999996
2017-11-20 00:30:00,55381.26052666667
2017-11-20 01:00:00,53500.32286666666
2017-11-20 01:30:00,51948.977783333336
2017-11-20 02:00:00,49806.655510000004
2017-11-20 02:30:00,48809.58800333333
2017-11-20 03:00:00,48443.59053166667
2017-11-20 03:30:00,48295.07750033333
2017-11-20 04:00:00,48643.965926666664
2017-11-20 04:30:00,48937.63473666667
2017-11-20 05:00:00,49955.023323333335
2017-11-20 05:30:00,51107.061583333336
2017-11-20 06:00:00,50127.20185266666
2017-11-20 06:30:00,47474.014862
2017-11-20 07:00:00,48099.40693466667
2017-11-20 07:30:00,44418.55672616668
2017-11-20 08:00:00,46714.959212208334
2017-11-20 08:30:00,49379.65443433333
2017-11-20 09:00:00,52930.34247816666
2017-11-20 09:30:00,57511.88517866666
2017-11-20 10:00:00,60280.88872166667
2017-11-20 10:30:00,63272.589685666666
2017-11-20 11:00:00,65978.819562
2017-11-20 11:30:00,67693.85909666667
2017-11-20 12:00:00,68787.68002999999
2017-11-20 12:30:00,69920.09377333334
2017-11-20 13:00:00,69254.07825333333
2017-11-20 13:30:00,68549.14654
2017-11-20 14:00:00,67821.15434000001
2017-11-20 14:30:00,67896.90671333333
2017-11-20 15:00:00,67355.93578666665
2017-11-20 15:30:00,66766.44922000001
2017-11-20 16:00:00,66776.57026
2017-11-20 16:30:00,68889.22237000002
2017-11-20 17:00:00,77461.76691666666
2017-11-20 17:30:00,90086.75564333332
2017-11-20 18:00:00,91936.72924333334
2017-11-20 18:30:00,91168.16879666667
2017-11-20 19:00:00,90603.35608000001
2017-11-20 19:30:00,89122.2349
2017-11-20 20:00:00,89152.96172333334
2017-11-20 20:30:00,88050.49903666666
2017-11-20 21:00:00,85837.48247333334
2017-11-20 21:30:00,80676.92371333334
2017-11-20 22:00:00,77007.62631
2017-11-20 22:30:00,73089.09272333334
2017-11-20 23:00:00,67875.03534666666
2017-11-20 23:30:00,62988.84644666666
2017-11-21 00:00:00,59336.00155000001
2017-11-21 00:30:00,55969.064463333336
2017-11-21 01:00:00,53546.97159
2017-11-21 01:30:00,51943.90734666667
2017-11-21 02:00:00,50656.868700666666
2017-11-21 02:30:00,49767.77010033333
2017-11-21 03:00:00,48973.86703866667
2017-11-21 03:30:00,48624.247276
2017-11-21 04:00:00,49004.26935566667
2017-11-21 04:30:00,49281.25113433334
2017-11-21 05:00:00,50268.193563333334
2017-11-21 05:30:00,52173.11083
2017-11-21 06:00:00,51384.28089666667
2017-11-21 06:30:00,48014.076854666666
2017-11-21 07:00:00,48402.941965666665
2017-11-21 07:30:00,48188.745881
2017-11-21 08:00:00,51012.163928
2017-11-21 08:30:00,53820.74275666667
2017-11-21 09:00:00,56664.92732733334
2017-11-21 09:30:00,58886.73559933333
2017-11-21 10:00:00,61480.72781733333
2017-11-21 10:30:00,64247.664784
2017-11-21 11:00:00,66012.37524333333
2017-11-21 11:30:00,67024.64925999999
2017-11-21 12:00:00,67622.75693666667
2017-11-21 12:30:00,68157.13590666666
2017-11-21 13:00:00,68405.6685
2017-11-21 13:30:00,67936.30621666666
2017-11-21 14:00:00,67405.99047
2017-11-21 14:30:00,67604.92814666667
2017-11-21 15:00:00,67227.72422333334
2017-11-21 15:30:00,66531.38124
2017-11-21 16:00:00,66375.94082
2017-11-21 16:30:00,68336.19214666665
2017-11-21 17:00:00,78185.11822666666
2017-11-21 17:30:00,90602.93149666667
2017-11-21 18:00:00,91148.18815333334
2017-11-21 18:30:00,90549.29135333333
2017-11-21 19:00:00,89391.2868
2017-11-21 19:30:00,88258.75045
2017-11-21 20:00:00,88020.22202
2017-11-21 20:30:00,87584.50044333334
2017-11-21 21:00:00,84407.38001000001
2017-11-21 21:30:00,80736.17736
2017-11-21 22:00:00,77449.83729
2017-11-21 22:30:00,73241.25146333333
2017-11-21 23:00:00,68121.76982333332
2017-11-21 23:30:00,63505.15746333334
2017-11-22 00:00:00,59200.775129999995
2017-11-22 00:30:00,56579.99698333334
2017-11-22 01:00:00,54163.334963333335
2017-11-22 01:30:00,52287.91366666667
2017-11-22 02:00:00,50644.04382333333
2017-11-22 02:30:00,49978.78502333333
2017-11-22 03:00:00,50032.36496
2017-11-22 03:30:00,49411.78682666667
2017-11-22 04:00:00,49308.50989666666
2017-11-22 04:30:00,49522.93604333334
2017-11-22 05:00:00,50346.56221666667
2017-11-22 05:30:00,52246.93295333334
2017-11-22 06:00:00,51357.350551
2017-11-22 06:30:00,48010.37505333333
2017-11-22 07:00:00,47960.959979666666
2017-11-22 07:30:00,48547.88195
2017-11-22 08:00:00,51112.99376966667
2017-11-22 08:30:00,54095.867355999995
2017-11-22 09:00:00,56570.769336
2017-11-22 09:30:00,58347.63093266666
2017-11-22 10:00:00,61075.68067366667
2017-11-22 10:30:00,63054.03698033333
2017-11-22 11:00:00,65332.225280000006
2017-11-22 11:30:00,66272.51710333333
2017-11-22 12:00:00,66876.36120666667
2017-11-22 12:30:00,67657.05313333333
2017-11-22 13:00:00,67866.45138666667
2017-11-22 13:30:00,67295.43031666667
2017-11-22 14:00:00,63192.1015
2017-11-22 14:30:00,63723.977080000004
2017-11-22 15:00:00,65116.33951
2017-11-22 15:30:00,64938.34263666667
2017-11-22 16:00:00,65451.259686666664
2017-11-22 16:30:00,67690.92752333333
2017-11-22 17:00:00,77194.15007666667
2017-11-22 17:30:00,90801.12907000001
2017-11-22 18:00:00,91702.09199999999
2017-11-22 18:30:00,90902.59344000001
2017-11-22 19:00:00,90062.75660666666
2017-11-22 19:30:00,88147.07021666667
2017-11-22 20:00:00,86991.23139666667
2017-11-22 20:30:00,85404.24798666667
2017-11-22 21:00:00,83380.305
2017-11-22 21:30:00,80717.66131
2017-11-22 22:00:00,78081.14586666667
2017-11-22 22:30:00,73724.46288666666
2017-11-22 23:00:00,68379.01176333334
2017-11-22 23:30:00,63396.95833666666
2017-11-23 00:00:00,58922.11738666666
2017-11-23 00:30:00,56084.832703333326
2017-11-23 01:00:00,53653.850750000005
2017-11-23 01:30:00,51605.15751333333
2017-11-23 02:00:00,49817.491047999996
2017-11-23 02:30:00,49106.627296
2017-11-23 03:00:00,48398.653942666664
2017-11-23 03:30:00,48033.46412699999
2017-11-23 04:00:00,47965.256625333335
2017-11-23 04:30:00,48278.967874
2017-11-23 05:00:00,49264.65383466667
2017-11-23 05:30:00,50998.67658966667
2017-11-23 06:00:00,49935.02459866667
2017-11-23 06:30:00,46740.453026333336
2017-11-23 07:00:00,46677.27801333333
2017-11-23 07:30:00,47180.446388000004
2017-11-23 08:00:00,50044.590593
2017-11-23 08:30:00,53071.106981666664
2017-11-23 09:00:00,56854.51810866666
2017-11-23 09:30:00,58544.45977266666
2017-11-23 10:00:00,61024.477746
2017-11-23 10:30:00,63461.83283966666
2017-11-23 11:00:00,64441.00210333333
2017-11-23 11:30:00,64865.129786666665
2017-11-23 12:00:00,66319.14871333334
2017-11-23 12:30:00,66861.26906
2017-11-23 13:00:00,66844.23805
2017-11-23 13:30:00,66270.99681666667
2017-11-23 14:00:00,66158.25499666667
2017-11-23 14:30:00,66380.69759
2017-11-23 15:00:00,65962.15162033333
2017-11-23 15:30:00,65302.21843799999
2017-11-23 16:00:00,65439.57360633334
2017-11-23 16:30:00,67864.30410666666
2017-11-23 17:00:00,77670.24837
2017-11-23 17:30:00,89417.78227333335
2017-11-23 18:00:00,90363.75743333333
2017-11-23 18:30:00,90467.89091
2017-11-23 19:00:00,90208.18858
2017-11-23 19:30:00,88954.92203999999
2017-11-23 20:00:00,88412.78780666667
2017-11-23 20:30:00,87316.23756333334
2017-11-23 21:00:00,85068.67293666666
2017-11-23 21:30:00,81619.95471
2017-11-23 22:00:00,77622.77098
2017-11-23 22:30:00,73855.13561333333
2017-11-23 23:00:00,68480.50120666667
2017-11-23 23:30:00,64101.36209666667
2017-11-24 00:00:00,59417.99641
2017-11-24 00:30:00,56567.56314333333
2017-11-24 01:00:00,53696.16617666666
2017-11-24 01:30:00,52117.58142
2017-11-24 02:00:00,50613.71941666666
2017-11-24 02:30:00,49678.334773333336
2017-11-24 03:00:00,48825.26655966667
2017-11-24 03:30:00,48454.19424633333
2017-11-24 04:00:00,48626.476023
2017-11-24 04:30:00,48652.307488
2017-11-24 05:00:00,49753.886440666676
2017-11-24 05:30:00,51365.98131133333
2017-11-24 06:00:00,50712.426105
2017-11-24 06:30:00,47427.986528999994
2017-11-24 07:00:00,47428.439555
2017-11-24 07:30:00,47302.25596566667
2017-11-24 08:00:00,49679.16553699999
2017-11-24 08:30:00,53255.653942000004
2017-11-24 09:00:00,55499.292809666666
2017-11-24 09:30:00,57966.537863666665
2017-11-24 10:00:00,60597.42410433333
2017-11-24 10:30:00,62824.909658666664
2017-11-24 11:00:00,64580.84881266666
2017-11-24 11:30:00,65787.51210966667
2017-11-24 12:00:00,65230.92780333333
2017-11-24 12:30:00,65186.52507333333
2017-11-24 13:00:00,65842.89665333333
2017-11-24 13:30:00,65119.74866933333
2017-11-24 14:00:00,64310.224646333336
2017-11-24 14:30:00,64690.00439233333
2017-11-24 15:00:00,64501.15285933333
2017-11-24 15:30:00,63924.98890633333
2017-11-24 16:00:00,63144.77998433334
2017-11-24 16:30:00,65020.329022
2017-11-24 17:00:00,75062.06665000001
2017-11-24 17:30:00,87092.89568
2017-11-24 18:00:00,88664.65583
2017-11-24 18:30:00,88588.11829333333
2017-11-24 19:00:00,87594.70497333334
2017-11-24 19:30:00,86367.12216875001
2017-11-24 20:00:00,86455.17919
2017-11-24 20:30:00,85832.79959999998
2017-11-24 21:00:00,84167.39941666667
2017-11-24 21:30:00,81299.49550333332
2017-11-24 22:00:00,77587.40137666666
2017-11-24 22:30:00,73734.25189666667
2017-11-24 23:00:00,69843.33808333334
2017-11-24 23:30:00,64890.31201666667
2017-11-25 00:00:00,60572.33592333333
2017-11-25 00:30:00,57110.28827
2017-11-25 01:00:00,53796.37944
2017-11-25 01:30:00,51981.37235
2017-11-25 02:00:00,50257.76571
2017-11-25 02:30:00,49303.26283933333
2017-11-25 03:00:00,48563.78531266667
2017-11-25 03:30:00,48249.938189333334
2017-11-25 04:00:00,48335.465448
2017-11-25 04:30:00,48381.257206333335
2017-11-25 05:00:00,49284.39550666666
2017-11-25 05:30:00,51089.818909999995
2017-11-25 06:00:00,50090.69664333333
2017-11-25 06:30:00,46185.31396766667
2017-11-25 07:00:00,43914.753842
2017-11-25 07:30:00,44006.73307233333
2017-11-25 08:00:00,47255.59456233333
2017-11-25 08:30:00,51325.429272333335
2017-11-25 09:00:00,54833.292354666664
2017-11-25 09:30:00,58450.48197733334
2017-11-25 10:00:00,60913.88138500001
2017-11-25 10:30:00,62797.75988833333
2017-11-25 11:00:00,64699.261967
2017-11-25 11:30:00,66022.85337233332
2017-11-25 12:00:00,66187.04734133334
2017-11-25 12:30:00,67042.21874333335
2017-11-25 13:00:00,67401.56261333334
2017-11-25 13:30:00,67668.91941666667
2017-11-25 14:00:00,67975.46876666667
2017-11-25 14:30:00,67262.19229333334
2017-11-25 15:00:00,66130.84079666667
2017-11-25 15:30:00,65307.07575666666
2017-11-25 16:00:00,64174.78363666666
2017-11-25 16:30:00,66882.94249999999
2017-11-25 17:00:00,75873.84952333332
2017-11-25 17:30:00,86162.14228
2017-11-25 18:00:00,87166.79779333335
2017-11-25 18:30:00,86577.72695333333
2017-11-25 19:00:00,86503.08568
2017-11-25 19:30:00,85792.12159333333
2017-11-25 20:00:00,85127.68344666668
2017-11-25 20:30:00,84337.43196666667
2017-11-25 21:00:00,81524.27079
2017-11-25 21:30:00,79611.24901333333
2017-11-25 22:00:00,77239.4028
2017-11-25 22:30:00,74112.84860000001
2017-11-25 23:00:00,69613.42698666667
2017-11-25 23:30:00,64887.42042333334
2017-11-26 00:00:00,59800.28449333333
2017-11-26 00:30:00,56106.634753333325
2017-11-26 01:00:00,54003.9553
2017-11-26 01:30:00,51665.85314
2017-11-26 02:00:00,49974.68046666667
2017-11-26 02:30:00,48901.836922999995
2017-11-26 03:00:00,48365.27437033333
2017-11-26 03:30:00,47816.059328
2017-11-26 04:00:00,47276.42429833333
2017-11-26 04:30:00,47419.186905999995
2017-11-26 05:00:00,47946.41240333333
2017-11-26 05:30:00,49501.544516
2017-11-26 06:00:00,47962.22280066667
2017-11-26 06:30:00,42882.956236
2017-11-26 07:00:00,38725.025724666666
2017-11-26 07:30:00,39286.5639
2017-11-26 08:00:00,41070.922035333344
2017-11-26 08:30:00,44091.50029333334
2017-11-26 09:00:00,47677.643977333326
2017-11-26 09:30:00,51169.76250766666
2017-11-26 10:00:00,54382.87824
2017-11-26 10:30:00,57241.600168666664
2017-11-26 11:00:00,59424.61217
2017-11-26 11:30:00,60489.71177766667
2017-11-26 12:00:00,61756.355593333334
2017-11-26 12:30:00,63106.96936333334
2017-11-26 13:00:00,63786.87743
2017-11-26 13:30:00,63701.719990000005
2017-11-26 14:00:00,63745.666020000004
2017-11-26 14:30:00,62862.70777
2017-11-26 15:00:00,62339.298356666666
2017-11-26 15:30:00,61315.13731666666
2017-11-26 16:00:00,61626.91250333333
2017-11-26 16:30:00,62696.321939999994
2017-11-26 17:00:00,72963.06408333333
2017-11-26 17:30:00,83433.18331
2017-11-26 18:00:00,84907.51874666667
2017-11-26 18:30:00,84884.39354333334
2017-11-26 19:00:00,85128.07409666666
2017-11-26 19:30:00,85319.72521
2017-11-26 20:00:00,84907.68638333333
2017-11-26 20:30:00,83856.96503
2017-11-26 21:00:00,82086.51848
2017-11-26 21:30:00,79785.47491666667
2017-11-26 22:00:00,77792.08950333334
2017-11-26 22:30:00,73001.44019000001
2017-11-26 23:00:00,68348.80654
2017-11-26 23:30:00,63298.338626666664
2017-11-27 00:00:00,59175.32477666667
2017-11-27 00:30:00,56078.499553333335
2017-11-27 01:00:00,53725.81823333333
2017-11-27 01:30:00,52051.936266666664
2017-11-27 02:00:00,50164.50473666666
2017-11-27 02:30:00,48810.69297066666
2017-11-27 03:00:00,47961.13836433333
2017-11-27 03:30:00,47460.910978
2017-11-27 04:00:00,47682.706818666666
2017-11-27 04:30:00,48266.68801233333
2017-11-27 05:00:00,49295.328827666664
2017-11-27 05:30:00,51350.928393
2017-11-27 06:00:00,50691.26877366667
2017-11-27 06:30:00,48378.737222
2017-11-27 07:00:00,48495.867154
2017-11-27 07:30:00,49677.119825333335
2017-11-27 08:00:00,52626.176265333335
2017-11-27 08:30:00,55284.672368
2017-11-27 09:00:00,56731.14475033333
2017-11-27 09:30:00,56629.40884966667
2017-11-27 10:00:00,59396.69382933333
2017-11-27 10:30:00,62267.17992
2017-11-27 11:00:00,64557.601930000004
2017-11-27 11:30:00,65167.504316666666
2017-11-27 12:00:00,65949.86054333333
2017-11-27 12:30:00,67319.10947000001
2017-11-27 13:00:00,67364.44187333333
2017-11-27 13:30:00,66276.05006333334
2017-11-27 14:00:00,66061.54939333333
2017-11-27 14:30:00,65200.90600333334
2017-11-27 15:00:00,66353.70143966666
2017-11-27 15:30:00,66832.93328333333
2017-11-27 16:00:00,67469.690789
2017-11-27 16:30:00,69997.56095
2017-11-27 17:00:00,80637.39688
2017-11-27 17:30:00,91115.25969333334
2017-11-27 18:00:00,91504.38213
2017-11-27 18:30:00,90993.15727000001
2017-11-27 19:00:00,90492.27090333332
2017-11-27 19:30:00,89074.76135
2017-11-27 20:00:00,89126.97791666666
2017-11-27 20:30:00,88226.14832333334
2017-11-27 21:00:00,85562.34300333333
2017-11-27 21:30:00,82244.08168
2017-11-27 22:00:00,78277.09250333333
2017-11-27 22:30:00,73532.4823
2017-11-27 23:00:00,68574.19478333334
2017-11-27 23:30:00,64048.782596666664
2017-11-28 00:00:00,58994.98191333333
2017-11-28 00:30:00,56185.21098333333
2017-11-28 01:00:00,53685.746393333335
2017-11-28 01:30:00,51742.408330000006
2017-11-28 02:00:00,50477.76556
2017-11-28 02:30:00,49325.583710666666
2017-11-28 03:00:00,48605.40555166666
2017-11-28 03:30:00,48450.920707000005
2017-11-28 04:00:00,48210.483839
2017-11-28 04:30:00,48417.66332533333
2017-11-28 05:00:00,49511.379122666665
2017-11-28 05:30:00,51438.504483
2017-11-28 06:00:00,51046.664520333325
2017-11-28 06:30:00,48798.749581000004
2017-11-28 07:00:00,49451.63254166666
2017-11-28 07:30:00,50376.959811999994
2017-11-28 08:00:00,52419.62022266667
2017-11-28 08:30:00,55675.77555033334
2017-11-28 09:00:00,58756.046995666664
2017-11-28 09:30:00,60801.61546666667
2017-11-28 10:00:00,63022.327966666664
2017-11-28 10:30:00,64892.45447433333
2017-11-28 11:00:00,66585.14477900001
2017-11-28 11:30:00,67895.67779066668
2017-11-28 12:00:00,68603.14649666667
2017-11-28 12:30:00,69514.78506666666
2017-11-28 13:00:00,70699.71463666666
2017-11-28 13:30:00,69269.48317333333
2017-11-28 14:00:00,68224.07805333333
2017-11-28 14:30:00,68014.13309999999
2017-11-28 15:00:00,68908.85020333334
2017-11-28 15:30:00,68921.70967666667
2017-11-28 16:00:00,68669.87632333333
2017-11-28 16:30:00,70274.96598
2017-11-28 17:00:00,80578.41548
2017-11-28 17:30:00,91009.03009333333
2017-11-28 18:00:00,91419.96642666667
2017-11-28 18:30:00,91085.57323666666
2017-11-28 19:00:00,90705.80350666668
2017-11-28 19:30:00,89380.33456333335
2017-11-28 20:00:00,89587.76568333335
2017-11-28 20:30:00,88147.83584666667
2017-11-28 21:00:00,85320.17269333333
2017-11-28 21:30:00,82982.34350999999
2017-11-28 22:00:00,78313.51672
2017-11-28 22:30:00,73632.83391333335
2017-11-28 23:00:00,68687.05359666666
2017-11-28 23:30:00,64227.57877
2017-11-29 00:00:00,59696.0951
2017-11-29 00:30:00,56083.74252
2017-11-29 01:00:00,53235.69027666667
2017-11-29 01:30:00,51385.08506133334
2017-11-29 02:00:00,49989.179631666666
2017-11-29 02:30:00,49287.24676
2017-11-29 03:00:00,48747.68005033333
2017-11-29 03:30:00,48154.190162000006
2017-11-29 04:00:00,47929.426975333336
2017-11-29 04:30:00,48297.390677999996
2017-11-29 05:00:00,49138.54730033333
2017-11-29 05:30:00,51330.90837699999
2017-11-29 06:00:00,51655.606632999996
2017-11-29 06:30:00,49964.91341166667
2017-11-29 07:00:00,49052.065222666664
2017-11-29 07:30:00,49468.93215566666
2017-11-29 08:00:00,51578.243144
2017-11-29 08:30:00,54637.973689666665
2017-11-29 09:00:00,57981.828316
2017-11-29 09:30:00,60376.375714
2017-11-29 10:00:00,63547.62031
2017-11-29 10:30:00,66740.72220233333
2017-11-29 11:00:00,69408.10936466667
2017-11-29 11:30:00,71450.90858333332
2017-11-29 12:00:00,72723.37798333332
2017-11-29 12:30:00,73299.84885333333
2017-11-29 13:00:00,73174.43945333333
2017-11-29 13:30:00,72328.68225666667
2017-11-29 14:00:00,71135.99963333334
2017-11-29 14:30:00,70913.22317
2017-11-29 15:00:00,70964.75138666667
2017-11-29 15:30:00,72118.62396666665
2017-11-29 16:00:00,74191.98873333335
2017-11-29 16:30:00,75240.74481291667
2017-11-29 17:00:00,84528.98865333333
2017-11-29 17:30:00,93816.84937
2017-11-29 18:00:00,93588.80351
2017-11-29 18:30:00,93441.48920666667
2017-11-29 19:00:00,92698.62494
2017-11-29 19:30:00,90391.81108666667
2017-11-29 20:00:00,89692.09279666666
2017-11-29 20:30:00,88823.10076666666
2017-11-29 21:00:00,86720.51213333332
2017-11-29 21:30:00,82226.92404666667
2017-11-29 22:00:00,77313.34661000001
2017-11-29 22:30:00,72968.88798666665
2017-11-29 23:00:00,67775.03767
2017-11-29 23:30:00,62806.798456666664
2017-11-30 00:00:00,59124.93136333334
2017-11-30 00:30:00,55992.74080333333
2017-11-30 01:00:00,53580.324043333334
2017-11-30 01:30:00,51957.752435
2017-11-30 02:00:00,50368.23048033333
2017-11-30 02:30:00,49378.77302033334
2017-11-30 03:00:00,48672.18029166667
2017-11-30 03:30:00,48529.02010866667
2017-11-30 04:00:00,48555.40110966666
2017-11-30 04:30:00,49231.563353666665
2017-11-30 05:00:00,50012.64600466667
2017-11-30 05:30:00,52003.825092666666
2017-11-30 06:00:00,51351.25299633333
2017-11-30 06:30:00,49071.236424
2017-11-30 07:00:00,47901.238696333334
2017-11-30 07:30:00,48417.84773833334
2017-11-30 08:00:00,50881.852600000006
2017-11-30 08:30:00,53946.521444000005
2017-11-30 09:00:00,57267.812381333344
2017-11-30 09:30:00,60216.70374
2017-11-30 10:00:00,63063.227512666665
2017-11-30 10:30:00,64761.96981266667
2017-11-30 11:00:00,66308.82656333334
2017-11-30 11:30:00,67108.08740733333
2017-11-30 12:00:00,68668.47589
2017-11-30 12:30:00,69907.668586
2017-11-30 13:00:00,70248.28282133334
2017-11-30 13:30:00,69301.31557233333
2017-11-30 14:00:00,68268.31647266667
2017-11-30 14:30:00,68231.59223166667
2017-11-30 15:00:00,67787.39913133332
2017-11-30 15:30:00,67275.27524166666
2017-11-30 16:00:00,66860.39397766667
2017-11-30 16:30:00,68855.075071
2017-11-30 17:00:00,79827.96214333334
2017-11-30 17:30:00,89165.336
2017-11-30 18:00:00,89842.91980333334
2017-11-30 18:30:00,89431.40064333333
2017-11-30 19:00:00,89218.62639333332
2017-11-30 19:30:00,88097.10603666666
2017-11-30 20:00:00,88236.24938666668
2017-11-30 20:30:00,87307.67691333334
2017-11-30 21:00:00,85132.83958666667
2017-11-30 21:30:00,82059.08261666667
2017-11-30 22:00:00,79028.99271666666
2017-11-30 22:30:00,75136.45870999999
2017-11-30 23:00:00,70410.10352666666
2017-11-30 23:30:00,65720.88325
2017-12-01 00:00:00,60782.98623666667
2017-12-01 00:30:00,56624.507260000006
2017-12-01 01:00:00,53636.76981666667
2017-12-01 01:30:00,51094.87062666667
2017-12-01 02:00:00,49442.80902666666
2017-12-01 02:30:00,48190.38938333333
2017-12-01 03:00:00,47496.19601033333
2017-12-01 03:30:00,47141.01073366668
2017-12-01 04:00:00,47057.486550333335
2017-12-01 04:30:00,47066.07832866666
2017-12-01 05:00:00,47116.02080533333
2017-12-01 05:30:00,48481.35405766667
2017-12-01 06:00:00,48039.636310458336
2017-12-01 06:30:00,47962.66499637501
2017-12-01 07:00:00,46000.098713250016
2017-12-01 07:30:00,46000.098713250016
2017-12-01 08:00:00,45581.87080537499
2017-12-01 08:30:00,45581.87080537499
2017-12-01 09:00:00,51805.44085362499
2017-12-01 09:30:00,51805.44085362499
2017-12-01 10:00:00,56905.08581637501
2017-12-01 10:30:00,56905.08581637501
2017-12-01 11:00:00,62486.103814375
2017-12-01 11:30:00,62486.103814375
2017-12-01 12:00:00,63566.44211225005
2017-12-01 12:30:00,63566.44211225005
2017-12-01 13:00:00,64125.64220500003
2017-12-01 13:30:00,64125.64220500003
2017-12-01 14:00:00,64262.01901150003
2017-12-01 14:30:00,64262.01901150003
2017-12-01 15:00:00,62364.17280099998
2017-12-01 15:30:00,62364.17280099998
2017-12-01 16:00:00,60888.85257624997
2017-12-01 16:30:00,60888.85257624997
2017-12-01 17:00:00,68692.82160000001
2017-12-01 17:30:00,77997.29897333334
2017-12-01 18:00:00,86187.95968
2017-12-01 18:30:00,86187.95968
2017-12-01 19:00:00,85528.56231000001
2017-12-01 19:30:00,85528.56231000001
2017-12-01 20:00:00,85269.36774500001
2017-12-01 20:30:00,85269.36774500001
2017-12-01 21:00:00,78153.36754333333
2017-12-01 21:30:00,77996.44272374999
2017-12-01 22:00:00,74046.55629666666
2017-12-01 22:30:00,71519.28682
2017-12-01 23:00:00,68140.20671
2017-12-01 23:30:00,63286.592776666665
2017-12-02 00:00:00,58712.371580000006
2017-12-02 00:30:00,54823.339563333335
2017-12-02 01:00:00,51888.27067
2017-12-02 01:30:00,49731.81752533334
2017-12-02 02:00:00,47837.75831333333
2017-12-02 02:30:00,46753.423981
2017-12-02 03:00:00,46040.83001666667
2017-12-02 03:30:00,45637.50862366666
2017-12-02 04:00:00,45331.685428
2017-12-02 04:30:00,45413.92066166666
2017-12-02 05:00:00,46083.83941866666
2017-12-02 05:30:00,47477.448432000005
2017-12-02 06:00:00,46515.203883
2017-12-02 06:30:00,43105.75503666666
2017-12-02 07:00:00,37977.01466466667
2017-12-02 07:30:00,38204.81592066667
2017-12-02 08:00:00,40958.42280966666
2017-12-02 08:30:00,44067.69057733333
2017-12-02 09:00:00,47983.100753666666
2017-12-02 09:30:00,51994.957399666666
2017-12-02 10:00:00,55816.72677733333
2017-12-02 10:30:00,58303.927385333336
2017-12-02 11:00:00,60536.887309666665
2017-12-02 11:30:00,61627.22202633333
2017-12-02 12:00:00,62308.64898333334
2017-12-02 12:30:00,62390.31944700001
2017-12-02 13:00:00,62357.714772
2017-12-02 13:30:00,61917.497684
2017-12-02 14:00:00,61866.63922433334
2017-12-02 14:30:00,61091.62068766667
2017-12-02 15:00:00,60464.286797999994
2017-12-02 15:30:00,59972.809687
2017-12-02 16:00:00,59577.855683666676
2017-12-02 16:30:00,62047.703397
2017-12-02 17:00:00,72011.07565333333
2017-12-02 17:30:00,82193.51172000001
2017-12-02 18:00:00,83159.74243
2017-12-02 18:30:00,83064.39040333334
2017-12-02 19:00:00,83182.97683666665
2017-12-02 19:30:00,83334.95349666667
2017-12-02 20:00:00,83082.39362999999
2017-12-02 20:30:00,82170.93933000001
2017-12-02 21:00:00,80718.79761333333
2017-12-02 21:30:00,79054.09455
2017-12-02 22:00:00,77066.35253666667
2017-12-02 22:30:00,74053.44995
2017-12-02 23:00:00,69968.53762333334
2017-12-02 23:30:00,65382.699490000006
2017-12-03 00:00:00,61166.32112666667
2017-12-03 00:30:00,57036.300859999996
2017-12-03 01:00:00,53906.19541666666
2017-12-03 01:30:00,51404.14730666667
2017-12-03 02:00:00,49761.324446666666
2017-12-03 02:30:00,48201.27650666667
2017-12-03 03:00:00,47052.430699
2017-12-03 03:30:00,46328.50587666667
2017-12-03 04:00:00,45886.66146766667
2017-12-03 04:30:00,45822.30531433333
2017-12-03 05:00:00,46189.29901166667
2017-12-03 05:30:00,47844.12973666666
2017-12-03 06:00:00,46760.47729733333
2017-12-03 06:30:00,43073.46095733334
2017-12-03 07:00:00,37496.782302
2017-12-03 07:30:00,37318.414354
2017-12-03 08:00:00,38914.301969333326
2017-12-03 08:30:00,41354.29260966667
2017-12-03 09:00:00,44346.96517633333
2017-12-03 09:30:00,48165.05975933333
2017-12-03 10:00:00,51242.21200133334
2017-12-03 10:30:00,54276.812826333335
2017-12-03 11:00:00,56266.14024466667
2017-12-03 11:30:00,57999.38284633334
2017-12-03 12:00:00,58904.73159399999
2017-12-03 12:30:00,59505.643926666664
2017-12-03 13:00:00,59937.338616
2017-12-03 13:30:00,59529.00490333334
2017-12-03 14:00:00,59859.010936666666
2017-12-03 14:30:00,59424.802277999996
2017-12-03 15:00:00,58889.439108
2017-12-03 15:30:00,58205.37177866666
2017-12-03 16:00:00,57993.15219966668
2017-12-03 16:30:00,59905.84344433333
2017-12-03 17:00:00,70349.65627333334
2017-12-03 17:30:00,81286.49519333334
2017-12-03 18:00:00,82132.37857
2017-12-03 18:30:00,82819.58494000002
2017-12-03 19:00:00,84285.85402333333
2017-12-03 19:30:00,84617.13939666667
2017-12-03 20:00:00,84871.88420333333
2017-12-03 20:30:00,83987.98472666666
2017-12-03 21:00:00,82274.24219333332
2017-12-03 21:30:00,79125.35538000001
2017-12-03 22:00:00,76408.58263
2017-12-03 22:30:00,71762.27736666666
2017-12-03 23:00:00,66421.88709666667
2017-12-03 23:30:00,61293.92743
2017-12-04 00:00:00,57525.17146333334
2017-12-04 00:30:00,54392.711436666665
2017-12-04 01:00:00,51740.14430000001
2017-12-04 01:30:00,49926.73845833333
2017-12-04 02:00:00,48669.618587666664
2017-12-04 02:30:00,47474.515261666675
2017-12-04 03:00:00,46280.942479
2017-12-04 03:30:00,46007.09496366667
2017-12-04 04:00:00,46366.718754
2017-12-04 04:30:00,46726.648556
2017-12-04 05:00:00,47401.49405566667
2017-12-04 05:30:00,49803.281956666666
2017-12-04 06:00:00,49865.674189666664
2017-12-04 06:30:00,48405.39298925001
2017-12-04 07:00:00,47046.00360866667
2017-12-04 07:30:00,46698.084770333335
2017-12-04 08:00:00,49180.947085333326
2017-12-04 08:30:00,52070.222536333335
2017-12-04 09:00:00,55045.80709699999
2017-12-04 09:30:00,57630.042943
2017-12-04 10:00:00,60554.96170166667
2017-12-04 10:30:00,63315.07029366667
2017-12-04 11:00:00,64779.98388866667
2017-12-04 11:30:00,65894.231651
2017-12-04 12:00:00,66914.62499033334
2017-12-04 12:30:00,67287.77835066667
2017-12-04 13:00:00,67317.477019
2017-12-04 13:30:00,66422.00750333334
2017-12-04 14:00:00,66903.76706033334
2017-12-04 14:30:00,67044.10434533334
2017-12-04 15:00:00,66588.01191766666
2017-12-04 15:30:00,66189.23739766667
2017-12-04 16:00:00,65490.765462
2017-12-04 16:30:00,68074.59606733333
2017-12-04 17:00:00,79138.19208
2017-12-04 17:30:00,89936.06413333333
2017-12-04 18:00:00,89860.56872
2017-12-04 18:30:00,89621.42916333333
2017-12-04 19:00:00,88985.06452
2017-12-04 19:30:00,87690.19953
2017-12-04 20:00:00,87997.26285666665
2017-12-04 20:30:00,87486.47913333333
2017-12-04 21:00:00,85257.64762333334
2017-12-04 21:30:00,81518.01490666666
2017-12-04 22:00:00,78184.00227
2017-12-04 22:30:00,73678.82696666666
2017-12-04 23:00:00,67954.63435333334
2017-12-04 23:30:00,62763.86830333333
2017-12-05 00:00:00,58621.22930666667
2017-12-05 00:30:00,55184.859363333344
2017-12-05 01:00:00,52613.207943333335
2017-12-05 01:30:00,50614.381129999994
2017-12-05 02:00:00,49572.66381166666
2017-12-05 02:30:00,48608.81122066666
2017-12-05 03:00:00,47846.35804433334
2017-12-05 03:30:00,47301.748349666675
2017-12-05 04:00:00,47400.01130466666
2017-12-05 04:30:00,47445.239108999995
2017-12-05 05:00:00,48272.40328666667
2017-12-05 05:30:00,50439.363503333334
2017-12-05 06:00:00,50869.37324733334
2017-12-05 06:30:00,49313.772262666665
2017-12-05 07:00:00,48567.124832333335
2017-12-05 07:30:00,48317.96943133333
2017-12-05 08:00:00,50655.538386
2017-12-05 08:30:00,53108.220321333334
2017-12-05 09:00:00,55870.473610333334
2017-12-05 09:30:00,58986.87620599999
2017-12-05 10:00:00,61343.88697
2017-12-05 10:30:00,63680.209691000004
2017-12-05 11:00:00,65280.79540166666
2017-12-05 11:30:00,66326.49550066667
2017-12-05 12:00:00,67225.99686433333
2017-12-05 12:30:00,68467.63386633333
2017-12-05 13:00:00,68402.16148200001
2017-12-05 13:30:00,67622.27402333333
2017-12-05 14:00:00,67158.67467333334
2017-12-05 14:30:00,67334.39502333333
2017-12-05 15:00:00,66401.508215
2017-12-05 15:30:00,65626.34985666667
2017-12-05 16:00:00,65337.592211333336
2017-12-05 16:30:00,67522.98278533334
2017-12-05 17:00:00,77893.45925333333
2017-12-05 17:30:00,88911.25438333333
2017-12-05 18:00:00,89499.84498333333
2017-12-05 18:30:00,89532.86968333332
2017-12-05 19:00:00,89337.53451000001
2017-12-05 19:30:00,88243.68742666666
2017-12-05 20:00:00,88295.48872666666
2017-12-05 20:30:00,87806.71544666665
2017-12-05 21:00:00,85565.94296999999
2017-12-05 21:30:00,82707.71872333332
2017-12-05 22:00:00,79399.79561666667
2017-12-05 22:30:00,74482.09966333334
2017-12-05 23:00:00,69177.98976
2017-12-05 23:30:00,63712.394173333334
2017-12-06 00:00:00,59238.49155
2017-12-06 00:30:00,55887.41264333334
2017-12-06 01:00:00,53199.19696333333
2017-12-06 01:30:00,51140.059493333334
2017-12-06 02:00:00,49509.914391
2017-12-06 02:30:00,48260.25908299999
2017-12-06 03:00:00,47749.94367066667
2017-12-06 03:30:00,47536.381590666664
2017-12-06 04:00:00,47788.676455
2017-12-06 04:30:00,47871.083768666664
2017-12-06 05:00:00,48697.42801333333
2017-12-06 05:30:00,50578.04025333334
2017-12-06 06:00:00,50889.06894533333
2017-12-06 06:30:00,49580.27543366666
2017-12-06 07:00:00,47958.040208
2017-12-06 07:30:00,47781.646477
2017-12-06 08:00:00,50025.05058533334
2017-12-06 08:30:00,53013.21670866667
2017-12-06 09:00:00,56257.43487833333
2017-12-06 09:30:00,59043.88518333333
2017-12-06 10:00:00,60997.744428666665
2017-12-06 10:30:00,63297.734294999995
2017-12-06 11:00:00,64368.684103
2017-12-06 11:30:00,65492.060161333335
2017-12-06 12:00:00,66602.419066
2017-12-06 12:30:00,67589.76619533333
2017-12-06 13:00:00,68294.61318333333
2017-12-06 13:30:00,67801.55392333334
2017-12-06 14:00:00,67813.02230833333
2017-12-06 14:30:00,67451.68933033333
2017-12-06 15:00:00,66834.22796466666
2017-12-06 15:30:00,66159.36536066666
2017-12-06 16:00:00,65968.10233533334
2017-12-06 16:30:00,68181.36606666667
2017-12-06 17:00:00,78162.55278
2017-12-06 17:30:00,89631.69744333334
2017-12-06 18:00:00,90213.93696333334
2017-12-06 18:30:00,90098.00362999999
2017-12-06 19:00:00,89542.43084
2017-12-06 19:30:00,88503.15616000001
2017-12-06 20:00:00,88716.49611000001
2017-12-06 20:30:00,88472.97036666666
2017-12-06 21:00:00,85857.25919333333
2017-12-06 21:30:00,83493.4335
2017-12-06 22:00:00,80058.28172000001
2017-12-06 22:30:00,75018.31211
2017-12-06 23:00:00,69241.37600333332
2017-12-06 23:30:00,63801.50965666667
2017-12-07 00:00:00,59205.39790666667
2017-12-07 00:30:00,55793.61751666667
2017-12-07 01:00:00,52956.58953666667
2017-12-07 01:30:00,51025.877
2017-12-07 02:00:00,49249.677858333336
2017-12-07 02:30:00,47492.42628866667
2017-12-07 03:00:00,47085.292741000005
2017-12-07 03:30:00,46757.05392
2017-12-07 04:00:00,46862.464729
2017-12-07 04:30:00,47090.222882
2017-12-07 05:00:00,47977.30554366667
2017-12-07 05:30:00,50134.564184999996
2017-12-07 06:00:00,50648.145443999994
2017-12-07 06:30:00,49568.277472333335
2017-12-07 07:00:00,48193.268934333326
2017-12-07 07:30:00,47896.806074
2017-12-07 08:00:00,50177.22901466667
2017-12-07 08:30:00,52694.07121733334
2017-12-07 09:00:00,56127.14374166667
2017-12-07 09:30:00,59172.41053866667
2017-12-07 10:00:00,61409.710698999996
2017-12-07 10:30:00,64073.84371533333
2017-12-07 11:00:00,65287.390939666664
2017-12-07 11:30:00,66517.31189233334
2017-12-07 12:00:00,67288.22283733333
2017-12-07 12:30:00,68049.81430266668
2017-12-07 13:00:00,67304.694304
2017-12-07 13:30:00,66700.374526
2017-12-07 14:00:00,66726.844301
2017-12-07 14:30:00,66882.52446433333
2017-12-07 15:00:00,66359.09964
2017-12-07 15:30:00,65797.661886
2017-12-07 16:00:00,65668.00504833333
2017-12-07 16:30:00,68584.83479333333
2017-12-07 17:00:00,79485.20532333333
2017-12-07 17:30:00,89933.8149
2017-12-07 18:00:00,90761.61914333333
2017-12-07 18:30:00,90515.373
2017-12-07 19:00:00,90247.47620333334
2017-12-07 19:30:00,89266.13371333334
2017-12-07 20:00:00,89311.01896333334
2017-12-07 20:30:00,88895.08584333333
2017-12-07 21:00:00,86856.11630333333
2017-12-07 21:30:00,83575.74072333334
2017-12-07 22:00:00,79531.19954333334
2017-12-07 22:30:00,75486.10373666667
2017-12-07 23:00:00,70024.29435666667
2017-12-07 23:30:00,64790.03031666667
2017-12-08 00:00:00,60254.26984
2017-12-08 00:30:00,56733.219359999996
2017-12-08 01:00:00,53742.03843666666
2017-12-08 01:30:00,51576.58341666667
2017-12-08 02:00:00,49858.12619899999
2017-12-08 02:30:00,48458.940958666666
2017-12-08 03:00:00,47568.67702833333
2017-12-08 03:30:00,47194.227851
2017-12-08 04:00:00,47178.13041666666
2017-12-08 04:30:00,47425.55689666667
2017-12-08 05:00:00,48354.734783
2017-12-08 05:30:00,50481.23477
2017-12-08 06:00:00,50928.26507633334
2017-12-08 06:30:00,49929.05466033333
2017-12-08 07:00:00,48786.824614000005
2017-12-08 07:30:00,48324.916911
2017-12-08 08:00:00,50541.077275999996
2017-12-08 08:30:00,53324.199394
2017-12-08 09:00:00,56605.091757333335
2017-12-08 09:30:00,59097.35068166666
2017-12-08 10:00:00,61908.600359000004
2017-12-08 10:30:00,64006.141335
2017-12-08 11:00:00,65585.19527266668
2017-12-08 11:30:00,66877.92919433334
2017-12-08 12:00:00,65812.33253266667
2017-12-08 12:30:00,65818.77542333334
2017-12-08 13:00:00,66935.49787666668
2017-12-08 13:30:00,66513.04390333332
2017-12-08 14:00:00,65717.32026766667
2017-12-08 14:30:00,65611.64861333334
2017-12-08 15:00:00,65166.329928
2017-12-08 15:30:00,64349.90931833334
2017-12-08 16:00:00,64283.57116666667
2017-12-08 16:30:00,66474.641103
2017-12-08 17:00:00,76380.09881666668
2017-12-08 17:30:00,87754.18101666665
2017-12-08 18:00:00,88315.88151333334
2017-12-08 18:30:00,88859.31935666666
2017-12-08 19:00:00,88674.71791
2017-12-08 19:30:00,87521.96167666667
2017-12-08 20:00:00,88255.62588666666
2017-12-08 20:30:00,88245.28822333335
2017-12-08 21:00:00,85862.95306
2017-12-08 21:30:00,83392.94329000001
2017-12-08 22:00:00,80285.27767666666
2017-12-08 22:30:00,76044.26367999999
2017-12-08 23:00:00,70985.48106333333
2017-12-08 23:30:00,65593.78088333334
2017-12-09 00:00:00,61005.70607666666
2017-12-09 00:30:00,57422.56945333333
2017-12-09 01:00:00,54584.83285666667
2017-12-09 01:30:00,52587.822543333335
2017-12-09 02:00:00,50279.13511333333
2017-12-09 02:30:00,48594.535069
2017-12-09 03:00:00,48034.19553266667
2017-12-09 03:30:00,47477.47244800001
2017-12-09 04:00:00,47289.638356999996
2017-12-09 04:30:00,47520.49126833334
2017-12-09 05:00:00,48052.413422666665
2017-12-09 05:30:00,50114.12061908334
2017-12-09 06:00:00,50396.27759233333
2017-12-09 06:30:00,48237.566984000005
2017-12-09 07:00:00,45123.144066333334
2017-12-09 07:30:00,44951.17422633333
2017-12-09 08:00:00,47425.22360633333
2017-12-09 08:30:00,50591.084249333326
2017-12-09 09:00:00,54736.64598866666
2017-12-09 09:30:00,58083.739773
2017-12-09 10:00:00,60740.315536
2017-12-09 10:30:00,63536.90603133334
2017-12-09 11:00:00,65619.02036033334
2017-12-09 11:30:00,66503.56502966667
2017-12-09 12:00:00,67550.53250933334
2017-12-09 12:30:00,69063.79751666666
2017-12-09 13:00:00,69421.98789
2017-12-09 13:30:00,68760.31749
2017-12-09 14:00:00,68265.34612666666
2017-12-09 14:30:00,67739.17507666667
2017-12-09 15:00:00,67148.40446
2017-12-09 15:30:00,66886.29492433333
2017-12-09 16:00:00,66867.503762
2017-12-09 16:30:00,69037.494088625
2017-12-09 17:00:00,78859.13005333334
2017-12-09 17:30:00,88644.3006
2017-12-09 18:00:00,89396.34918333334
2017-12-09 18:30:00,89230.63655
2017-12-09 19:00:00,88639.41557333333
2017-12-09 19:30:00,87861.27247333333
2017-12-09 20:00:00,87396.61136333334
2017-12-09 20:30:00,86617.57262
2017-12-09 21:00:00,84441.37567666668
2017-12-09 21:30:00,82452.51763
2017-12-09 22:00:00,79469.00730666667
2017-12-09 22:30:00,75637.54031666667
2017-12-09 23:00:00,71165.38870666666
2017-12-09 23:30:00,65961.72854
2017-12-10 00:00:00,61333.18651666667
2017-12-10 00:30:00,57625.939600000005
2017-12-10 01:00:00,54326.98085666666
2017-12-10 01:30:00,52251.857996666666
2017-12-10 02:00:00,50339.96435333332
2017-12-10 02:30:00,48896.06745166667
2017-12-10 03:00:00,47332.13743066666
2017-12-10 03:30:00,46316.765695999995
2017-12-10 04:00:00,46322.48405833333
2017-12-10 04:30:00,46485.441614999996
2017-12-10 05:00:00,46632.374604666664
2017-12-10 05:30:00,48254.72398666667
2017-12-10 06:00:00,48028.418364666664
2017-12-10 06:30:00,45226.86209666667
2017-12-10 07:00:00,38930.810663000004
2017-12-10 07:30:00,38005.08225466667
2017-12-10 08:00:00,40128.772183333334
2017-12-10 08:30:00,43132.462232666665
2017-12-10 09:00:00,46815.928099666664
2017-12-10 09:30:00,51352.17538666667
2017-12-10 10:00:00,55600.013803
2017-12-10 10:30:00,58860.08479066667
2017-12-10 11:00:00,61666.19617666667
2017-12-10 11:30:00,62850.92132733334
2017-12-10 12:00:00,63182.402706666675
2017-12-10 12:30:00,62829.872993333345
2017-12-10 13:00:00,62906.40911
2017-12-10 13:30:00,62880.093590000004
2017-12-10 14:00:00,64212.17931666667
2017-12-10 14:30:00,62891.959983333334
2017-12-10 15:00:00,61885.64732333333
2017-12-10 15:30:00,61077.15620033333
2017-12-10 16:00:00,60334.643579999996
2017-12-10 16:30:00,62717.29523333333
2017-12-10 17:00:00,73002.89331666667
2017-12-10 17:30:00,83076.62959000001
2017-12-10 18:00:00,83916.55725999999
2017-12-10 18:30:00,84405.48598666665
2017-12-10 19:00:00,85312.35144666665
2017-12-10 19:30:00,85201.22643333334
2017-12-10 20:00:00,85360.07710333333
2017-12-10 20:30:00,84211.84387333335
2017-12-10 21:00:00,82523.82076999999
2017-12-10 21:30:00,81000.36378666667
2017-12-10 22:00:00,78342.16284666666
2017-12-10 22:30:00,73418.96085666667
2017-12-10 23:00:00,68975.11262333333
2017-12-10 23:30:00,64191.247603333344
2017-12-11 00:00:00,59289.86913333333
2017-12-11 00:30:00,55570.85986333334
2017-12-11 01:00:00,53362.27232
2017-12-11 01:30:00,51352.79171833334
2017-12-11 02:00:00,49949.417940666666
2017-12-11 02:30:00,47799.46596266667
2017-12-11 03:00:00,47225.962010999996
2017-12-11 03:30:00,47010.41441500001
2017-12-11 04:00:00,47281.798334666666
2017-12-11 04:30:00,47986.07619666666
2017-12-11 05:00:00,48586.515909999995
2017-12-11 05:30:00,50419.394195333334
2017-12-11 06:00:00,51341.666246
2017-12-11 06:30:00,49532.70025466667
2017-12-11 07:00:00,47466.50706375
2017-12-11 07:30:00,48662.711526
2017-12-11 08:00:00,52154.198874
2017-12-11 08:30:00,55404.97719233334
2017-12-11 09:00:00,58794.068333
2017-12-11 09:30:00,61686.47304533334
2017-12-11 10:00:00,64532.87698333334
2017-12-11 10:30:00,67475.69888333333
2017-12-11 11:00:00,66162.47351258334
2017-12-11 11:30:00,69699.59740337502
2017-12-11 12:00:00,71877.24906424995
2017-12-11 12:30:00,71877.24906424995
2017-12-11 13:00:00,71104.85162899998
2017-12-11 13:30:00,71104.85162899998
2017-12-11 14:00:00,70554.63620749998
2017-12-11 14:30:00,70141.80747
2017-12-11 15:00:00,69873.82302000001
2017-12-11 15:30:00,68955.52961
2017-12-11 16:00:00,68072.23362666667
2017-12-11 16:30:00,68359.42944333334
2017-12-11 17:00:00,78262.31497333334
2017-12-11 17:30:00,89126.19437666668
2017-12-11 18:00:00,89355.48313666666
2017-12-11 18:30:00,88931.74158333334
2017-12-11 19:00:00,88540.86118666666
2017-12-11 19:30:00,88472.80825666669
2017-12-11 20:00:00,88896.05044666666
2017-12-11 20:30:00,87899.33252
2017-12-11 21:00:00,86074.53966333333
2017-12-11 21:30:00,83268.86278666666
2017-12-11 22:00:00,78905.52958
2017-12-11 22:30:00,74116.95434333333
2017-12-11 23:00:00,69505.93467
2017-12-11 23:30:00,64319.93234333334
2017-12-12 00:00:00,59249.922770000005
2017-12-12 00:30:00,55520.90363666668
2017-12-12 01:00:00,52863.06423066667
2017-12-12 01:30:00,50605.42205999999
2017-12-12 02:00:00,49022.396730333334
2017-12-12 02:30:00,47693.518416666666
2017-12-12 03:00:00,46992.86292300001
2017-12-12 03:30:00,46305.143728
2017-12-12 04:00:00,46287.75451733334
2017-12-12 04:30:00,46849.78228966667
2017-12-12 05:00:00,47706.835317
2017-12-12 05:30:00,49307.672082000005
2017-12-12 06:00:00,50108.289295
2017-12-12 06:30:00,49855.226407333335
2017-12-12 07:00:00,48390.93183966666
2017-12-12 07:30:00,47601.49866833333
2017-12-12 08:00:00,49884.40745733333
2017-12-12 08:30:00,52494.47038266666
2017-12-12 09:00:00,56217.52619966667
2017-12-12 09:30:00,58796.255761
2017-12-12 10:00:00,61255.20356433332
2017-12-12 10:30:00,64093.20913633334
2017-12-12 11:00:00,65730.35862033333
2017-12-12 11:30:00,67127.62879466667
2017-12-12 12:00:00,68249.78597133333
2017-12-12 12:30:00,68073.664016
2017-12-12 13:00:00,68006.77426433333
2017-12-12 13:30:00,67435.401883
2017-12-12 14:00:00,67484.22997266667
2017-12-12 14:30:00,66727.54198566667
2017-12-12 15:00:00,66444.186017
2017-12-12 15:30:00,66178.97207933333
2017-12-12 16:00:00,65978.834396
2017-12-12 16:30:00,67650.87519666668
2017-12-12 17:00:00,77674.47077333333
2017-12-12 17:30:00,88818.50466666666
2017-12-12 18:00:00,89514.25345999999
2017-12-12 18:30:00,89365.06777666666
2017-12-12 19:00:00,89171.90145
2017-12-12 19:30:00,87590.70254666667
2017-12-12 20:00:00,87368.69191333333
2017-12-12 20:30:00,87288.95962333334
2017-12-12 21:00:00,85537.74331333333
2017-12-12 21:30:00,81785.74318333332
2017-12-12 22:00:00,78063.45718666667
2017-12-12 22:30:00,72964.74072
2017-12-12 23:00:00,68044.46409666666
2017-12-12 23:30:00,62869.65494
2017-12-13 00:00:00,58926.30475666667
2017-12-13 00:30:00,55420.03770666666
2017-12-13 01:00:00,52363.682649999995
2017-12-13 01:30:00,49998.20254666667
2017-12-13 02:00:00,48294.19850666667
2017-12-13 02:30:00,47081.753102333336
2017-12-13 03:00:00,46274.48046233333
2017-12-13 03:30:00,45859.196199
2017-12-13 04:00:00,45745.21043725001
2017-12-13 04:30:00,45911.96785133333
2017-12-13 05:00:00,46791.16282666667
2017-12-13 05:30:00,49043.888919666664
2017-12-13 06:00:00,50347.68722866667
2017-12-13 06:30:00,49666.012309666665
2017-12-13 07:00:00,48330.430312666664
2017-12-13 07:30:00,47926.670615
2017-12-13 08:00:00,49945.973083666664
2017-12-13 08:30:00,52577.02487433333
2017-12-13 09:00:00,55566.03262566667
2017-12-13 09:30:00,58363.772704
2017-12-13 10:00:00,61015.172963
2017-12-13 10:30:00,63105.39588466667
2017-12-13 11:00:00,64587.645322333345
2017-12-13 11:30:00,65938.23713033333
2017-12-13 12:00:00,67421.05914766666
2017-12-13 12:30:00,67865.937827
2017-12-13 13:00:00,67621.25626133334
2017-12-13 13:30:00,67256.77513633334
2017-12-13 14:00:00,67200.67836
2017-12-13 14:30:00,66806.14799000001
2017-12-13 15:00:00,66477.94421333334
2017-12-13 15:30:00,66150.38839866668
2017-12-13 16:00:00,65941.30464266667
2017-12-13 16:30:00,68008.23923833334
2017-12-13 17:00:00,77619.84322
2017-12-13 17:30:00,88637.37210333334
2017-12-13 18:00:00,89474.42381333333
2017-12-13 18:30:00,88723.88843333333
2017-12-13 19:00:00,89125.02643666667
2017-12-13 19:30:00,88703.32293000001
2017-12-13 20:00:00,88810.85548999999
2017-12-13 20:30:00,88481.28166
2017-12-13 21:00:00,86710.43734
2017-12-13 21:30:00,83476.73081333334
2017-12-13 22:00:00,79821.36958333333
2017-12-13 22:30:00,74828.79235666667
2017-12-13 23:00:00,68902.11670333333
2017-12-13 23:30:00,63667.793410000006
2017-12-14 00:00:00,59217.802076666674
2017-12-14 00:30:00,55703.13628
2017-12-14 01:00:00,52840.82016
2017-12-14 01:30:00,50985.746369333334
2017-12-14 02:00:00,49037.27927933333
2017-12-14 02:30:00,47664.17151966667
2017-12-14 03:00:00,46866.279939333326
2017-12-14 03:30:00,46609.92840133333
2017-12-14 04:00:00,46502.26396333333
2017-12-14 04:30:00,47100.197910333336
2017-12-14 05:00:00,48024.564332333335
2017-12-14 05:30:00,49675.50174966666
2017-12-14 06:00:00,50561.321195000004
2017-12-14 06:30:00,50028.53727466666
2017-12-14 07:00:00,48775.877135333336
2017-12-14 07:30:00,48017.38531966667
2017-12-14 08:00:00,49989.778505
2017-12-14 08:30:00,52879.82442433334
2017-12-14 09:00:00,56044.80513966666
2017-12-14 09:30:00,58720.41709466666
2017-12-14 10:00:00,61812.79972733333
2017-12-14 10:30:00,63315.31119066667
2017-12-14 11:00:00,64662.02458500001
2017-12-14 11:30:00,65844.98640333333
2017-12-14 12:00:00,67552.30527333333
2017-12-14 12:30:00,68125.00213
2017-12-14 13:00:00,68150.16460999999
2017-12-14 13:30:00,67787.12240666668
2017-12-14 14:00:00,67898.20265
2017-12-14 14:30:00,67902.88477333334
2017-12-14 15:00:00,68275.69723133334
2017-12-14 15:30:00,68625.12912499999
2017-12-14 16:00:00,68448.74221766666
2017-12-14 16:30:00,70114.12726966666
2017-12-14 17:00:00,79658.78997333333
2017-12-14 17:30:00,89972.60574333333
2017-12-14 18:00:00,90118.70168
2017-12-14 18:30:00,90170.22433
2017-12-14 19:00:00,89733.17320666667
2017-12-14 19:30:00,88908.58673
2017-12-14 20:00:00,89482.67410666666
2017-12-14 20:30:00,89175.07068333332
2017-12-14 21:00:00,87029.32311333333
2017-12-14 21:30:00,83929.68378
2017-12-14 22:00:00,79520.21063666667
2017-12-14 22:30:00,75621.5813
2017-12-14 23:00:00,69959.92211
2017-12-14 23:30:00,64308.42123
2017-12-15 00:00:00,60405.43739666667
2017-12-15 00:30:00,57179.47906666666
2017-12-15 01:00:00,53973.51119533333
2017-12-15 01:30:00,51849.71519833334
2017-12-15 02:00:00,50263.61061933333
2017-12-15 02:30:00,48933.891712666664
2017-12-15 03:00:00,47680.11390466667
2017-12-15 03:30:00,47011.53909033333
2017-12-15 04:00:00,47129.957909
2017-12-15 04:30:00,47180.379725
2017-12-15 05:00:00,47766.736949000006
2017-12-15 05:30:00,49862.40213833333
2017-12-15 06:00:00,51269.71823433333
2017-12-15 06:30:00,50458.59526166667
2017-12-15 07:00:00,49333.013286333335
2017-12-15 07:30:00,48223.670974333334
2017-12-15 08:00:00,49797.004751333334
2017-12-15 08:30:00,53303.95776066667
2017-12-15 09:00:00,56832.38943166667
2017-12-15 09:30:00,59425.11686466667
2017-12-15 10:00:00,61672.332049
2017-12-15 10:30:00,64526.213036
2017-12-15 11:00:00,65904.01326966666
2017-12-15 11:30:00,66902.453875
2017-12-15 12:00:00,66292.00256666668
2017-12-15 12:30:00,65071.12316366667
2017-12-15 13:00:00,66292.34684200001
2017-12-15 13:30:00,66244.20395466666
2017-12-15 14:00:00,65473.17950466666
2017-12-15 14:30:00,65981.54534733332
2017-12-15 15:00:00,66192.96643333333
2017-12-15 15:30:00,65711.99739866667
2017-12-15 16:00:00,65672.50072133333
2017-12-15 16:30:00,66439.342464
2017-12-15 17:00:00,76232.93331666668
2017-12-15 17:30:00,86846.51444333333
2017-12-15 18:00:00,86813.42983
2017-12-15 18:30:00,87283.25620333334
2017-12-15 19:00:00,87103.29556
2017-12-15 19:30:00,85862.26172
2017-12-15 20:00:00,86327.88324
2017-12-15 20:30:00,86151.90561333334
2017-12-15 21:00:00,84647.14129333333
2017-12-15 21:30:00,80633.04823666667
2017-12-15 22:00:00,77707.19813666667
2017-12-15 22:30:00,73790.72214666667
2017-12-15 23:00:00,69504.96783333334
2017-12-15 23:30:00,64675.45894666666
2017-12-16 00:00:00,59885.698183333334
2017-12-16 00:30:00,56167.94853999999
2017-12-16 01:00:00,53387.93505
2017-12-16 01:30:00,50845.50207233334
2017-12-16 02:00:00,48555.343336666665
2017-12-16 02:30:00,47227.60640033334
2017-12-16 03:00:00,46093.221783333334
2017-12-16 03:30:00,45733.71403066666
2017-12-16 04:00:00,45476.23636466666
2017-12-16 04:30:00,45260.33787533333
2017-12-16 05:00:00,46015.889973000005
2017-12-16 05:30:00,47788.98099033333
2017-12-16 06:00:00,48457.90234066666
2017-12-16 06:30:00,47057.58342833334
2017-12-16 07:00:00,44110.79935966667
2017-12-16 07:30:00,42790.916271
2017-12-16 08:00:00,45330.89612433334
2017-12-16 08:30:00,48698.716452666675
2017-12-16 09:00:00,52562.46521566666
2017-12-16 09:30:00,56358.62174833333
2017-12-16 10:00:00,59802.23365333333
2017-12-16 10:30:00,62723.55826699999
2017-12-16 11:00:00,63963.31635933334
2017-12-16 11:30:00,64517.569746
2017-12-16 12:00:00,64677.669359
2017-12-16 12:30:00,65266.13609466667
2017-12-16 13:00:00,65520.28765566667
2017-12-16 13:30:00,65210.99389433333
2017-12-16 14:00:00,65067.415362
2017-12-16 14:30:00,64808.33559733333
2017-12-16 15:00:00,63664.713329
2017-12-16 15:30:00,63646.190502000005
2017-12-16 16:00:00,63124.272676
2017-12-16 16:30:00,64961.656612666666
2017-12-16 17:00:00,73922.52999666666
2017-12-16 17:30:00,84723.85681333335
2017-12-16 18:00:00,85692.43540666666
2017-12-16 18:30:00,85173.22267333332
2017-12-16 19:00:00,85458.30597666667
2017-12-16 19:30:00,85095.44725333333
2017-12-16 20:00:00,84902.92569
2017-12-16 20:30:00,83870.20796000001
2017-12-16 21:00:00,82205.68819
2017-12-16 21:30:00,80397.88096333333
2017-12-16 22:00:00,77777.59323666668
2017-12-16 22:30:00,74390.54142000001
2017-12-16 23:00:00,69476.93704666667
2017-12-16 23:30:00,64311.993989999995
2017-12-17 00:00:00,59910.30463
2017-12-17 00:30:00,55990.228703333334
2017-12-17 01:00:00,53034.125470000006
2017-12-17 01:30:00,50638.10278566667
2017-12-17 02:00:00,48936.64563866667
2017-12-17 02:30:00,47479.95176066667
2017-12-17 03:00:00,45962.961244
2017-12-17 03:30:00,45385.40379133334
2017-12-17 04:00:00,45068.90025433333
2017-12-17 04:30:00,45107.76598733334
2017-12-17 05:00:00,45380.813336
2017-12-17 05:30:00,46954.89649933333
2017-12-17 06:00:00,47337.30123766667
2017-12-17 06:30:00,45275.84501533333
2017-12-17 07:00:00,39607.016257999996
2017-12-17 07:30:00,37968.802607
2017-12-17 08:00:00,39381.263295
2017-12-17 08:30:00,41708.253629000006
2017-12-17 09:00:00,45518.794873666666
2017-12-17 09:30:00,49428.489713333336
2017-12-17 10:00:00,52730.74889233334
2017-12-17 10:30:00,55013.43455966667
2017-12-17 11:00:00,57623.33716333334
2017-12-17 11:30:00,59448.456549
2017-12-17 12:00:00,60597.748461
2017-12-17 12:30:00,61486.81402033334
2017-12-17 13:00:00,61660.87977266667
2017-12-17 13:30:00,61154.398776333335
2017-12-17 14:00:00,61040.08623233333
2017-12-17 14:30:00,61233.408254999995
2017-12-17 15:00:00,60847.160634
2017-12-17 15:30:00,60230.21220266667
2017-12-17 16:00:00,60217.435348
2017-12-17 16:30:00,61799.058364
2017-12-17 17:00:00,70891.79595666665
2017-12-17 17:30:00,81909.77052
2017-12-17 18:00:00,83004.21183666667
2017-12-17 18:30:00,83775.80868
2017-12-17 19:00:00,84573.73566333334
2017-12-17 19:30:00,84431.92174666667
2017-12-17 20:00:00,85061.88935999999
2017-12-17 20:30:00,84458.72368666666
2017-12-17 21:00:00,82008.49247666667
2017-12-17 21:30:00,79658.20269333334
2017-12-17 22:00:00,77011.83541333333
2017-12-17 22:30:00,72585.30403333333
2017-12-17 23:00:00,67311.61249333333
2017-12-17 23:30:00,62434.45431666667
2017-12-18 00:00:00,58089.22417
2017-12-18 00:30:00,54321.12151333334
2017-12-18 01:00:00,51606.39425533334
2017-12-18 01:30:00,49522.74992433333
2017-12-18 02:00:00,47921.73609833333
2017-12-18 02:30:00,46913.930399666664
2017-12-18 03:00:00,46485.659325333334
2017-12-18 03:30:00,46192.856066
2017-12-18 04:00:00,46259.576418666664
2017-12-18 04:30:00,46807.78426833334
2017-12-18 05:00:00,47400.688277999994
2017-12-18 05:30:00,49054.20839333333
2017-12-18 06:00:00,50545.01071766667
2017-12-18 06:30:00,50346.66511766667
2017-12-18 07:00:00,49127.130612333334
2017-12-18 07:30:00,47815.662749
2017-12-18 08:00:00,50144.88867933333
2017-12-18 08:30:00,53018.68427533333
2017-12-18 09:00:00,55917.79519766666
2017-12-18 09:30:00,58901.136701
2017-12-18 10:00:00,61344.77014933334
2017-12-18 10:30:00,63989.873599000006
2017-12-18 11:00:00,65457.52646466667
2017-12-18 11:30:00,66492.36440866666
2017-12-18 12:00:00,67270.19400566666
2017-12-18 12:30:00,68585.053496
2017-12-18 13:00:00,67918.30974266666
2017-12-18 13:30:00,66592.12260833333
2017-12-18 14:00:00,66861.38639533333
2017-12-18 14:30:00,66760.74098266666
2017-12-18 15:00:00,66638.343872
2017-12-18 15:30:00,65966.11020666668
2017-12-18 16:00:00,66071.413345
2017-12-18 16:30:00,67693.16765333334
2017-12-18 17:00:00,78389.41927666667
2017-12-18 17:30:00,89494.79544999999
2017-12-18 18:00:00,90798.41710666666
2017-12-18 18:30:00,90899.64792333334
2017-12-18 19:00:00,90585.28258
2017-12-18 19:30:00,89214.18401000001
2017-12-18 20:00:00,89268.19234
2017-12-18 20:30:00,88136.74887666666
2017-12-18 21:00:00,85949.09651666666
2017-12-18 21:30:00,82443.23797999999
2017-12-18 22:00:00,78684.52678666667
2017-12-18 22:30:00,74673.61322333333
2017-12-18 23:00:00,69152.11816
2017-12-18 23:30:00,63530.63032999999
2017-12-19 00:00:00,58965.40263333334
2017-12-19 00:30:00,55697.459826666665
2017-12-19 01:00:00,52676.155300000006
2017-12-19 01:30:00,50577.824863333335
2017-12-19 02:00:00,49474.512033
2017-12-19 02:30:00,48518.040044
2017-12-19 03:00:00,47756.37687133334
2017-12-19 03:30:00,47160.472051
2017-12-19 04:00:00,47007.991523666664
2017-12-19 04:30:00,47024.304784
2017-12-19 05:00:00,47307.84527533333
2017-12-19 05:30:00,49221.45418166666
2017-12-19 06:00:00,51419.229995
2017-12-19 06:30:00,51138.90839633333
2017-12-19 07:00:00,49551.81813733334
2017-12-19 07:30:00,48257.94804366666
2017-12-19 08:00:00,50220.323531333335
2017-12-19 08:30:00,53656.252955
2017-12-19 09:00:00,56874.16362166667
2017-12-19 09:30:00,59240.91082133333
2017-12-19 10:00:00,61530.695761333336
2017-12-19 10:30:00,63684.42156433334
2017-12-19 11:00:00,65397.81626966666
2017-12-19 11:30:00,66582.91650133334
2017-12-19 12:00:00,67266.12880333334
2017-12-19 12:30:00,67824.76661966667
2017-12-19 13:00:00,67358.24376766667
2017-12-19 13:30:00,67100.29442533333
2017-12-19 14:00:00,67078.98220066667
2017-12-19 14:30:00,66999.95953333333
2017-12-19 15:00:00,66661.26247
2017-12-19 15:30:00,65975.918318
2017-12-19 16:00:00,65977.28496766667
2017-12-19 16:30:00,68704.95947666666
2017-12-19 17:00:00,78915.00205666666
2017-12-19 17:30:00,89875.35049333335
2017-12-19 18:00:00,91398.45435666665
2017-12-19 18:30:00,91148.27614000002
2017-12-19 19:00:00,90807.19158999999
2017-12-19 19:30:00,89548.13721999999
2017-12-19 20:00:00,89019.61318666667
2017-12-19 20:30:00,89052.47883
2017-12-19 21:00:00,86941.30723
2017-12-19 21:30:00,83972.07604999999
2017-12-19 22:00:00,79837.83970333333
2017-12-19 22:30:00,74525.95779
2017-12-19 23:00:00,68843.84324333332
2017-12-19 23:30:00,63870.71777333334
2017-12-20 00:00:00,59652.97524666667
2017-12-20 00:30:00,55886.38948333333
2017-12-20 01:00:00,51506.576956
2017-12-20 01:30:00,49470.788311000004
2017-12-20 02:00:00,48542.16434266666
2017-12-20 02:30:00,47552.777034333325
2017-12-20 03:00:00,46740.59400766667
2017-12-20 03:30:00,46622.92979933333
2017-12-20 04:00:00,46367.28484966666
2017-12-20 04:30:00,46454.05912
2017-12-20 05:00:00,47473.158634
2017-12-20 05:30:00,48940.75170266667
2017-12-20 06:00:00,50966.51951566667
2017-12-20 06:30:00,50598.70287666667
2017-12-20 07:00:00,49112.33152
2017-12-20 07:30:00,48290.25667733333
2017-12-20 08:00:00,50282.760905333336
2017-12-20 08:30:00,52777.49145066666
2017-12-20 09:00:00,56392.901408
2017-12-20 09:30:00,59634.47458733333
2017-12-20 10:00:00,62030.680921666666
2017-12-20 10:30:00,64624.31913566666
2017-12-20 11:00:00,66195.20690666666
2017-12-20 11:30:00,67271.36276833333
2017-12-20 12:00:00,68138.92655233333
2017-12-20 12:30:00,68877.94332233333
2017-12-20 13:00:00,68520.22267
2017-12-20 13:30:00,67836.477057
2017-12-20 14:00:00,67923.44566933333
2017-12-20 14:30:00,67686.77904366667
2017-12-20 15:00:00,67592.20605033333
2017-12-20 15:30:00,66604.25055133333
2017-12-20 16:00:00,66345.22150666667
2017-12-20 16:30:00,68361.473078
2017-12-20 17:00:00,78119.28565666667
2017-12-20 17:30:00,89918.80341333333
2017-12-20 18:00:00,90946.59591666667
2017-12-20 18:30:00,90721.30925333333
2017-12-20 19:00:00,90768.30516666667
2017-12-20 19:30:00,89630.49869
2017-12-20 20:00:00,89720.76696333336
2017-12-20 20:30:00,89403.95560666667
2017-12-20 21:00:00,87019.67740666667
2017-12-20 21:30:00,83164.75251666667
2017-12-20 22:00:00,79663.60097666667
2017-12-20 22:30:00,75400.04411333334
2017-12-20 23:00:00,69551.09301666667
2017-12-20 23:30:00,64035.69069333333
2017-12-21 00:00:00,59870.57842
2017-12-21 00:30:00,56576.59679666666
2017-12-21 01:00:00,53615.35595999999
2017-12-21 01:30:00,51408.70201
2017-12-21 02:00:00,49450.814352333335
2017-12-21 02:30:00,48123.312561
2017-12-21 03:00:00,47703.46492966667
2017-12-21 03:30:00,47178.005438
2017-12-21 04:00:00,47233.12785433334
2017-12-21 04:30:00,47732.97805033333
2017-12-21 05:00:00,48230.16819999999
2017-12-21 05:30:00,49581.717268
2017-12-21 06:00:00,51499.38807733334
2017-12-21 06:30:00,51362.024385
2017-12-21 07:00:00,49508.645123
2017-12-21 07:30:00,47710.337777999994
2017-12-21 08:00:00,49354.960255666665
2017-12-21 08:30:00,51658.31098433334
2017-12-21 09:00:00,54777.806045666664
2017-12-21 09:30:00,57543.85887833333
2017-12-21 10:00:00,59952.42880433333
2017-12-21 10:30:00,62107.084137
2017-12-21 11:00:00,63821.485769
2017-12-21 11:30:00,65651.53095433333
2017-12-21 12:00:00,66317.63792
2017-12-21 12:30:00,67582.03466766667
2017-12-21 13:00:00,67369.89084766667
2017-12-21 13:30:00,66584.036471
2017-12-21 14:00:00,66830.07248166668
2017-12-21 14:30:00,66718.69012733334
2017-12-21 15:00:00,66393.612454
2017-12-21 15:30:00,65481.236679
2017-12-21 16:00:00,65726.50891066667
2017-12-21 16:30:00,67804.82236233333
2017-12-21 17:00:00,77078.89510666666
2017-12-21 17:30:00,88607.45371666667
2017-12-21 18:00:00,89355.26258
2017-12-21 18:30:00,89270.83094333333
2017-12-21 19:00:00,89175.23837666666
2017-12-21 19:30:00,88232.37827333335
2017-12-21 20:00:00,88050.47387666667
2017-12-21 20:30:00,87387.78000666667
2017-12-21 21:00:00,85545.98951
2017-12-21 21:30:00,82716.20669
2017-12-21 22:00:00,78695.57165666667
2017-12-21 22:30:00,74443.69813666667
2017-12-21 23:00:00,68971.0531
2017-12-21 23:30:00,63956.692416666665
2017-12-22 00:00:00,59622.22298333334
2017-12-22 00:30:00,56166.38540333333
2017-12-22 01:00:00,52726.31803166666
2017-12-22 01:30:00,50033.03645766666
2017-12-22 02:00:00,48423.94654900001
2017-12-22 02:30:00,47753.494543999994
2017-12-22 03:00:00,47090.03685433333
2017-12-22 03:30:00,46404.97224266666
2017-12-22 04:00:00,46305.66254166667
2017-12-22 04:30:00,46653.472919
2017-12-22 05:00:00,47169.22911966667
2017-12-22 05:30:00,48469.344122
2017-12-22 06:00:00,50400.20194266667
2017-12-22 06:30:00,50490.80528966666
2017-12-22 07:00:00,48895.53421266667
2017-12-22 07:30:00,46950.25879266666
2017-12-22 08:00:00,49421.67751766666
2017-12-22 08:30:00,51814.69533566667
2017-12-22 09:00:00,54968.36765866666
2017-12-22 09:30:00,57929.07717366667
2017-12-22 10:00:00,60708.541010333334
2017-12-22 10:30:00,63022.656464
2017-12-22 11:00:00,64909.20557333333
2017-12-22 11:30:00,65931.73199466667
2017-12-22 12:00:00,65172.52315866667
2017-12-22 12:30:00,64654.92213966666
2017-12-22 13:00:00,65657.91108800001
2017-12-22 13:30:00,65149.534796333326
2017-12-22 14:00:00,64765.79529066667
2017-12-22 14:30:00,65097.271079
2017-12-22 15:00:00,65006.318694333335
2017-12-22 15:30:00,63998.07313233334
2017-12-22 16:00:00,63873.30267333333
2017-12-22 16:30:00,65339.47296366667
2017-12-22 17:00:00,73998.50675
2017-12-22 17:30:00,86402.31827666667
2017-12-22 18:00:00,87766.13854333333
2017-12-22 18:30:00,88090.09500666667
2017-12-22 19:00:00,88070.79315
2017-12-22 19:30:00,87280.47913333333
2017-12-22 20:00:00,87885.34735666665
2017-12-22 20:30:00,88085.77401000001
2017-12-22 21:00:00,85990.49671666666
2017-12-22 21:30:00,83271.14361333333
2017-12-22 22:00:00,79916.68079666667
2017-12-22 22:30:00,76035.87400666667
2017-12-22 23:00:00,71303.63571666666
2017-12-22 23:30:00,66608.06074333332
2017-12-23 00:00:00,61261.34461666667
2017-12-23 00:30:00,57267.899066666665
2017-12-23 01:00:00,54475.630933333334
2017-12-23 01:30:00,51969.83955333333
2017-12-23 02:00:00,50084.137205
2017-12-23 02:30:00,48659.66916633333
2017-12-23 03:00:00,47357.782668333326
2017-12-23 03:30:00,46846.66371733334
2017-12-23 04:00:00,46507.50010366667
2017-12-23 04:30:00,46473.20226033334
2017-12-23 05:00:00,47286.560164999995
2017-12-23 05:30:00,49279.59421133334
2017-12-23 06:00:00,50749.34318566668
2017-12-23 06:30:00,49703.46864133333
2017-12-23 07:00:00,46634.82868966666
2017-12-23 07:30:00,44348.62425566666
2017-12-23 08:00:00,46097.826769666666
2017-12-23 08:30:00,49071.216023333334
2017-12-23 09:00:00,53454.01020066667
2017-12-23 09:30:00,57891.018112
2017-12-23 10:00:00,61550.01769933334
2017-12-23 10:30:00,64504.265466000004
2017-12-23 11:00:00,66195.38225433334
2017-12-23 11:30:00,67812.127682
2017-12-23 12:00:00,67908.38121666666
2017-12-23 12:30:00,67403.04820333334
2017-12-23 13:00:00,66772.88998333334
2017-12-23 13:30:00,66331.78861666667
2017-12-23 14:00:00,66657.4789
2017-12-23 14:30:00,66613.02738
2017-12-23 15:00:00,65783.83623666667
2017-12-23 15:30:00,64629.36011
2017-12-23 16:00:00,63473.22014
2017-12-23 16:30:00,65575.19739
2017-12-23 17:00:00,74235.77300333334
2017-12-23 17:30:00,87417.53375333332
2017-12-23 18:00:00,88921.09102
2017-12-23 18:30:00,88371.91271666666
2017-12-23 19:00:00,88354.74983666667
2017-12-23 19:30:00,88144.57233
2017-12-23 20:00:00,87609.83207333332
2017-12-23 20:30:00,86250.66232666667
2017-12-23 21:00:00,84434.28220999999
2017-12-23 21:30:00,81424.13378999999
2017-12-23 22:00:00,78650.32139
2017-12-23 22:30:00,75530.73773666668
2017-12-23 23:00:00,71452.2478
2017-12-23 23:30:00,66566.06565666666
2017-12-24 00:00:00,61762.64173666667
2017-12-24 00:30:00,57403.558699999994
2017-12-24 01:00:00,54032.59076333333
2017-12-24 01:30:00,50946.26723666667
2017-12-24 02:00:00,48568.67642333333
2017-12-24 02:30:00,47308.15611399999
2017-12-24 03:00:00,46486.79877933334
2017-12-24 03:30:00,46146.525064999994
2017-12-24 04:00:00,45854.37642633333
2017-12-24 04:30:00,45383.86745233333
2017-12-24 05:00:00,45845.07932733333
2017-12-24 05:30:00,46582.798078
2017-12-24 06:00:00,47392.50469666666
2017-12-24 06:30:00,45424.407087
2017-12-24 07:00:00,39726.084804000006
2017-12-24 07:30:00,37640.107693000005
2017-12-24 08:00:00,39497.92904966667
2017-12-24 08:30:00,42033.571463666674
2017-12-24 09:00:00,45474.16087666666
2017-12-24 09:30:00,49108.073725
2017-12-24 10:00:00,53188.938009666665
2017-12-24 10:30:00,55899.37039333334
2017-12-24 11:00:00,58084.19288566667
2017-12-24 11:30:00,59685.991734333336
2017-12-24 12:00:00,60697.36352333333
2017-12-24 12:30:00,61919.386086666666
2017-12-24 13:00:00,61817.54992333333
2017-12-24 13:30:00,61750.63744
2017-12-24 14:00:00,61581.05357333333
2017-12-24 14:30:00,61640.28157666667
2017-12-24 15:00:00,60883.654416666664
2017-12-24 15:30:00,59591.41126033334
2017-12-24 16:00:00,58980.41075
2017-12-24 16:30:00,60512.13856833333
2017-12-24 17:00:00,68862.50834666667
2017-12-24 17:30:00,81273.31761666667
2017-12-24 18:00:00,83538.68660666667
2017-12-24 18:30:00,84121.17948333333
2017-12-24 19:00:00,85200.44989333332
2017-12-24 19:30:00,85702.06321
2017-12-24 20:00:00,86113.28653333335
2017-12-24 20:30:00,85547.92221666667
2017-12-24 21:00:00,83661.48379333333
2017-12-24 21:30:00,80931.22099666666
2017-12-24 22:00:00,77669.71507666667
2017-12-24 22:30:00,73858.16931333333
2017-12-24 23:00:00,69128.21815666667
2017-12-24 23:30:00,64192.28853333333
2017-12-25 00:00:00,59913.163949999995
2017-12-25 00:30:00,56049.84049333333
2017-12-25 01:00:00,53146.353696666665
2017-12-25 01:30:00,50782.11503666666
2017-12-25 02:00:00,49038.343396000004
2017-12-25 02:30:00,48146.549817
2017-12-25 03:00:00,47609.562857000004
2017-12-25 03:30:00,47170.21836366667
2017-12-25 04:00:00,46986.36368466667
2017-12-25 04:30:00,47173.408488333334
2017-12-25 05:00:00,48086.99263533333
2017-12-25 05:30:00,49787.25886933333
2017-12-25 06:00:00,51960.112568000004
2017-12-25 06:30:00,52322.034824
2017-12-25 07:00:00,50676.64263516665
2017-12-25 07:30:00,48931.819004
2017-12-25 08:00:00,50627.40085033333
2017-12-25 08:30:00,53488.71741533334
2017-12-25 09:00:00,56412.741032
2017-12-25 09:30:00,58701.00991533333
2017-12-25 10:00:00,62649.92679966666
2017-12-25 10:30:00,65500.96336766666
2017-12-25 11:00:00,66793.378729
2017-12-25 11:30:00,68236.1205
2017-12-25 12:00:00,68962.103258
2017-12-25 12:30:00,69522.046233
2017-12-25 13:00:00,70156.09720666666
2017-12-25 13:30:00,69552.48293
2017-12-25 14:00:00,69320.5594
2017-12-25 14:30:00,69919.99226666667
2017-12-25 15:00:00,69536.16257266667
2017-12-25 15:30:00,68238.78623833334
2017-12-25 16:00:00,67913.50654166668
2017-12-25 16:30:00,69940.51797333334
2017-12-25 17:00:00,78424.04411333334
2017-12-25 17:30:00,90299.44656666667
2017-12-25 18:00:00,91673.91083333333
2017-12-25 18:30:00,91185.85848333333
2017-12-25 19:00:00,90952.02613
2017-12-25 19:30:00,89438.26395666668
2017-12-25 20:00:00,89687.64908666666
2017-12-25 20:30:00,89306.56001999999
2017-12-25 21:00:00,87638.41698
2017-12-25 21:30:00,83663.64407666668
2017-12-25 22:00:00,79503.80075333333
2017-12-25 22:30:00,75159.75563666667
2017-12-25 23:00:00,69670.67685
2017-12-25 23:30:00,64732.74642666667
2017-12-26 00:00:00,60226.95157333333
2017-12-26 00:30:00,56590.626313333334
2017-12-26 01:00:00,53530.201239999995
2017-12-26 01:30:00,51408.51389333333
2017-12-26 02:00:00,49959.718382
2017-12-26 02:30:00,48875.232469333336
2017-12-26 03:00:00,48317.410796000004
2017-12-26 03:30:00,47721.815024999996
2017-12-26 04:00:00,47390.824711
2017-12-26 04:30:00,47479.56636733334
2017-12-26 05:00:00,48335.51748233333
2017-12-26 05:30:00,50061.454934333335
2017-12-26 06:00:00,52174.19716633333
2017-12-26 06:30:00,51808.38880666666
2017-12-26 07:00:00,50330.39546774999
2017-12-26 07:30:00,48206.23686633334
2017-12-26 08:00:00,50255.07252466667
2017-12-26 08:30:00,53441.417305
2017-12-26 09:00:00,56962.24357433334
2017-12-26 09:30:00,59878.06777166666
2017-12-26 10:00:00,63240.39249
2017-12-26 10:30:00,64931.31788266666
2017-12-26 11:00:00,66529.13255766667
2017-12-26 11:30:00,68216.81977233333
2017-12-26 12:00:00,69507.02704866667
2017-12-26 12:30:00,71159.21847141665
2017-12-26 13:00:00,71104.85162899998
2017-12-26 13:30:00,70373.688453
2017-12-26 14:00:00,70403.97407166666
2017-12-26 14:30:00,70554.63620749998
2017-12-26 15:00:00,71511.85700999999
2017-12-26 15:30:00,70343.86813
2017-12-26 16:00:00,69105.33367
2017-12-26 16:30:00,70353.16426333332
2017-12-26 17:00:00,78243.67442666666
2017-12-26 17:30:00,90298.71699666667
2017-12-26 18:00:00,91473.66303
2017-12-26 18:30:00,91506.21503333333
2017-12-26 19:00:00,91278.12217333335
2017-12-26 19:30:00,90123.16812
2017-12-26 20:00:00,89992.37821
2017-12-26 20:30:00,89381.69115666667
2017-12-26 21:00:00,86592.87398333334
2017-12-26 21:30:00,83553.05605666667
2017-12-26 22:00:00,79715.61628
2017-12-26 22:30:00,75231.74969666667
2017-12-26 23:00:00,69846.52766666666
2017-12-26 23:30:00,64915.24953666666
2017-12-27 00:00:00,60620.217703333336
2017-12-27 00:30:00,56364.79482666667
2017-12-27 01:00:00,53460.61517333333
2017-12-27 01:30:00,50978.22849366666
2017-12-27 02:00:00,49301.233733
2017-12-27 02:30:00,48304.557777333335
2017-12-27 03:00:00,47446.635192333335
2017-12-27 03:30:00,47113.35453799999
2017-12-27 04:00:00,46987.52435466667
2017-12-27 04:30:00,46948.24548333333
2017-12-27 05:00:00,47927.985904666675
2017-12-27 05:30:00,49447.75305033333
2017-12-27 06:00:00,51708.95442933333
2017-12-27 06:30:00,51733.028845
2017-12-27 07:00:00,50756.40265383332
2017-12-27 07:30:00,49490.955148999994
2017-12-27 08:00:00,51277.821609
2017-12-27 08:30:00,54667.53175833333
2017-12-27 09:00:00,58304.395969666664
2017-12-27 09:30:00,61209.981480999995
2017-12-27 10:00:00,63761.749099
2017-12-27 10:30:00,67092.15222133334
2017-12-27 11:00:00,69299.06591779168
2017-12-27 11:30:00,69699.59740337502
2017-12-27 12:00:00,71656.44220808332
2017-12-27 12:30:00,71877.24906424995
2017-12-27 13:00:00,71104.85162899998
2017-12-27 13:30:00,71031.976896
2017-12-27 14:00:00,70554.63620749998
2017-12-27 14:30:00,70467.70861916666
2017-12-27 15:00:00,70381.63629666668
2017-12-27 15:30:00,69740.9193
2017-12-27 16:00:00,69250.20143333334
2017-12-27 16:30:00,71431.98371666665
2017-12-27 17:00:00,79190.59927666666
2017-12-27 17:30:00,90779.85608
2017-12-27 18:00:00,91703.67332666666
2017-12-27 18:30:00,91552.15196666667
2017-12-27 19:00:00,90992.41239333333
2017-12-27 19:30:00,89956.07826666666
2017-12-27 20:00:00,90232.37856
2017-12-27 20:30:00,89649.61302666667
2017-12-27 21:00:00,86991.00315333334
2017-12-27 21:30:00,84227.97322333335
2017-12-27 22:00:00,80950.63671
2017-12-27 22:30:00,75594.98627666668
2017-12-27 23:00:00,69418.91179666667
2017-12-27 23:30:00,65276.929373333325
2017-12-28 00:00:00,60660.38353666667
2017-12-28 00:30:00,56548.54629333334
2017-12-28 01:00:00,53497.09342
2017-12-28 01:30:00,51604.516696666666
2017-12-28 02:00:00,49869.151396333335
2017-12-28 02:30:00,48644.72709666666
2017-12-28 03:00:00,47816.690743666666
2017-12-28 03:30:00,47261.66885566667
2017-12-28 04:00:00,47243.69477766667
2017-12-28 04:30:00,47293.683317999996
2017-12-28 05:00:00,48172.64274100001
2017-12-28 05:30:00,49927.26804333334
2017-12-28 06:00:00,52166.122856
2017-12-28 06:30:00,52064.299639666664
2017-12-28 07:00:00,50449.44414474999
2017-12-28 07:30:00,48344.777946999995
2017-12-28 08:00:00,50089.958898666664
2017-12-28 08:30:00,53274.24979033333
2017-12-28 09:00:00,56491.52880266667
2017-12-28 09:30:00,59207.985760999996
2017-12-28 10:00:00,62363.76320866666
2017-12-28 10:30:00,65335.84877066667
2017-12-28 11:00:00,66720.841318
2017-12-28 11:30:00,68020.93392533333
2017-12-28 12:00:00,69081.77258866666
2017-12-28 12:30:00,70404.497554
2017-12-28 13:00:00,70437.45273666666
2017-12-28 13:30:00,69585.83295666667
2017-12-28 14:00:00,69379.59312666666
2017-12-28 14:30:00,69524.80640333334
2017-12-28 15:00:00,69947.84156333334
2017-12-28 15:30:00,68977.523897
2017-12-28 16:00:00,68810.20049566666
2017-12-28 16:30:00,71026.69755666667
2017-12-28 17:00:00,79077.32072333334
2017-12-28 17:30:00,90497.73833666666
2017-12-28 18:00:00,91386.18535333332
2017-12-28 18:30:00,90489.76568999999
2017-12-28 19:00:00,90425.69189999999
2017-12-28 19:30:00,88818.61295666666
2017-12-28 20:00:00,89444.83865333333
2017-12-28 20:30:00,89293.45255333332
2017-12-28 21:00:00,88211.50604333333
2017-12-28 21:30:00,84583.81068666668
2017-12-28 22:00:00,81736.56781666666
2017-12-28 22:30:00,76942.37206333334
2017-12-28 23:00:00,71400.93110666667
2017-12-28 23:30:00,66261.37776333334
2017-12-29 00:00:00,61717.19849
2017-12-29 00:30:00,57964.66219333333
2017-12-29 01:00:00,55019.53738
2017-12-29 01:30:00,52789.873865
2017-12-29 02:00:00,50514.05906766667
2017-12-29 02:30:00,49220.00526566667
2017-12-29 03:00:00,48509.780434333334
2017-12-29 03:30:00,47834.93938366667
2017-12-29 04:00:00,47402.604894
2017-12-29 04:30:00,47625.158707
2017-12-29 05:00:00,48283.71511433334
2017-12-29 05:30:00,49881.90518333333
2017-12-29 06:00:00,51998.01654666667
2017-12-29 06:30:00,51978.030406
2017-12-29 07:00:00,50584.795724833326
2017-12-29 07:30:00,48263.073318
2017-12-29 08:00:00,49688.753988666664
2017-12-29 08:30:00,53230.597201000004
2017-12-29 09:00:00,56299.88733433333
2017-12-29 09:30:00,59430.95171
2017-12-29 10:00:00,62148.472859666676
2017-12-29 10:30:00,64903.236283666665
2017-12-29 11:00:00,66742.39783666667
2017-12-29 11:30:00,68377.35864433333
2017-12-29 12:00:00,67177.87524666666
2017-12-29 12:30:00,66760.157643
2017-12-29 13:00:00,66841.47278533333
2017-12-29 13:30:00,67550.23078866667
2017-12-29 14:00:00,66965.059312
2017-12-29 14:30:00,66418.23201699999
2017-12-29 15:00:00,66109.05179499999
2017-12-29 15:30:00,65547.42973766667
2017-12-29 16:00:00,64822.322545
2017-12-29 16:30:00,66125.03241233334
2017-12-29 17:00:00,73132.42085
2017-12-29 17:30:00,86403.22655
2017-12-29 18:00:00,88877.68099333334
2017-12-29 18:30:00,89035.06993
2017-12-29 19:00:00,88497.92794333334
2017-12-29 19:30:00,87401.93018333333
2017-12-29 20:00:00,87629.54505666667
2017-12-29 20:30:00,87603.02902999999
2017-12-29 21:00:00,85752.46763333333
2017-12-29 21:30:00,83571.31586666667
2017-12-29 22:00:00,79601.30751333333
2017-12-29 22:30:00,76292.37591333334
2017-12-29 23:00:00,72576.70788333334
2017-12-29 23:30:00,68279.24191666667
2017-12-30 00:00:00,63132.415806666664
2017-12-30 00:30:00,58837.821690000004
2017-12-30 01:00:00,54914.27295666666
2017-12-30 01:30:00,52242.030906666674
2017-12-30 02:00:00,50223.69394833333
2017-12-30 02:30:00,49042.35093466667
2017-12-30 03:00:00,47918.40853966667
2017-12-30 03:30:00,47145.43178399999
2017-12-30 04:00:00,47017.279804
2017-12-30 04:30:00,47033.330435
2017-12-30 05:00:00,47375.38027366667
2017-12-30 05:30:00,48835.328512
2017-12-30 06:00:00,51076.592882000004
2017-12-30 06:30:00,50284.10521799999
2017-12-30 07:00:00,46610.39978000001
2017-12-30 07:30:00,43756.04190633333
2017-12-30 08:00:00,46006.82199033333
2017-12-30 08:30:00,49083.70234833334
2017-12-30 09:00:00,54027.773951333336
2017-12-30 09:30:00,57395.473976
2017-12-30 10:00:00,60483.170739
2017-12-30 10:30:00,63489.77124566666
2017-12-30 11:00:00,65367.31670833333
2017-12-30 11:30:00,66308.518247
2017-12-30 12:00:00,66866.02725333332
2017-12-30 12:30:00,67541.71722
2017-12-30 13:00:00,67461.98191666667
2017-12-30 13:30:00,66839.78057
2017-12-30 14:00:00,66956.82000333333
2017-12-30 14:30:00,66231.64430666667
2017-12-30 15:00:00,65365.18262666667
2017-12-30 15:30:00,64335.04633666666
2017-12-30 16:00:00,63500.053023333334
2017-12-30 16:30:00,65105.45136333333
2017-12-30 17:00:00,72466.28048999999
2017-12-30 17:30:00,85330.81499999999
2017-12-30 18:00:00,87644.26157333334
2017-12-30 18:30:00,87317.21324666667
2017-12-30 19:00:00,87227.87890666666
2017-12-30 19:30:00,86648.68978333334
2017-12-30 20:00:00,86426.67808
2017-12-30 20:30:00,85629.16815666667
2017-12-30 21:00:00,83948.47009333334
2017-12-30 21:30:00,81501.44921666668
2017-12-30 22:00:00,79603.44156
2017-12-30 22:30:00,76568.04325
2017-12-30 23:00:00,72733.7404
2017-12-30 23:30:00,67196.20207666667
